0.163, TempChannelMuxSelect, 3
0.163, TempChannel10, 0.0
0.163, TempChannel11, 0.0
0.163, TempChannel12, 0.0
0.21, ThrottleAReading, 2234
0.21, ThrottleBReading, 1987
0.21, BrakeReading, 1419
0.21, ThrottleAPercent, 0.0
0.21, ThrottleBPercent, 0.0
0.21, ThrottleAReading, 2234
0.21, ThrottleBReading, 1987
0.21, BrakeReading, 1419
0.21, ThrottleAPercent, 0.0
0.21, ThrottleBPercent, 0.0
0.21, ChannelCurrentRadiator, 0.214
0.21, ChannelCurrentAccFan, 0.17400000000000002
0.21, ChannelCurrentPump1, 0.0
0.21, ChannelCurrentPump2, 0.214
0.21, ChannelCurrentAUX1, 0.0
0.21, ChannelCurrentAUX2, 0.214
0.21, ChannelCurrentAUX3, 0.0
0.21, ChannelCurrentAUX4, 0.228
0.21, ThrottleAReading, 2234
0.21, ThrottleBReading, 1988
0.21, BrakeReading, 1419
0.21, ThrottleAPercent, 0.0
0.21, ThrottleBPercent, 0.0
0.21, ChannelCurrentBrakeLight, 0.0
0.21, ChannelCurrentInverter, 0.0
0.21, ChannelCurrentBMU, 0.671
0.21, ChannelCurrentCDU, 0.362
0.21, ChannelCurrentTCU, 0.375
0.21, ChannelCurrentWSB, 0.644
0.21, IVT_MsgID_RX, 0
0.21, IVT_MsgCount, 1
0.21, IVT_Result_state, 0
0.21, IVT_I, -0.042
0.21, IVT_MsgID_RX, 5
0.21, IVT_MsgCount, 1
0.21, IVT_Result_state, 0
0.21, IVT_W, 0
0.21, ThrottleAReading, 2234
0.21, ThrottleBReading, 1991
0.21, BrakeReading, 1419
0.21, ThrottleAPercent, 0.0
0.21, ThrottleBPercent, 0.0
0.21, VCU_wheelSpeed_RL, 0.0
0.21, VCU_wheelSpeed_RR, 0.0
0.21, ThrottleAReading, 2234
0.21, ThrottleBReading, 1993
0.21, BrakeReading, 1419
0.21, ThrottleAPercent, 0.0
0.21, ThrottleBPercent, 0.0
0.21, RLSpeedKPH, 0.0
0.21, RRSpeedKPH, 0.0
0.21, FLSpeedKPH, 0.0
0.21, FRSpeedKPH, 0.0
0.21, IVT_MsgID_RX, 7
0.21, IVT_MsgCount, 1
0.21, IVT_Result_state, 0
0.21, IVT_Wh, 0
0.211, TCTorqueMax, 3.392
0.211, TCLeftSlip, -0.999
0.211, TCRightSlip, -0.999
0.211, TCTorqueAdjustment, 0.0
0.211, ThrottleAReading, 2234
0.211, ThrottleBReading, 1994
0.211, BrakeReading, 1419
0.211, ThrottleAPercent, 0.0
0.211, ThrottleBPercent, 0.0
0.211, ThrottleAReading, 2234
0.211, ThrottleBReading, 1994
0.211, BrakeReading, 1419
0.211, ThrottleAPercent, 0.0
0.211, ThrottleBPercent, 0.0
0.211, ThrottleAReading, 2234
0.211, ThrottleBReading, 1994
0.211, BrakeReading, 1419
0.211, ThrottleAPercent, 0.0
0.211, ThrottleBPercent, 0.0
0.211, IVT_MsgID_RX, 0
0.211, IVT_MsgCount, 2
0.211, IVT_Result_state, 0
0.211, IVT_I, -0.045
0.211, IVT_MsgID_RX, 5
0.211, IVT_MsgCount, 2
0.211, IVT_Result_state, 0
0.211, IVT_W, -3
0.211, ThrottleAReading, 2234
0.211, ThrottleBReading, 1994
0.211, BrakeReading, 1419
0.211, ThrottleAPercent, 0.0
0.211, ThrottleBPercent, 0.0
0.211, ThrottleAReading, 2234
0.211, ThrottleBReading, 1994
0.211, BrakeReading, 1419
0.211, ThrottleAPercent, 0.0
0.211, ThrottleBPercent, 0.0
0.211, RLSpeedKPH, 0.0
0.211, RLSpeedRPM, 0.0
0.211, ThrottleAReading, 2234
0.211, ThrottleBReading, 1995
0.211, BrakeReading, 1419
0.211, ThrottleAPercent, 0.0
0.211, ThrottleBPercent, 0.0
0.211, ThrottleAReading, 2234
0.211, ThrottleBReading, 1996
0.211, BrakeReading, 1419
0.211, ThrottleAPercent, 0.0
0.211, ThrottleBPercent, 0.0
0.26, VoltageBusHV, 0.0
0.26, VoltageCellMax, 0.0
0.26, VoltageCellMin, 0.0
0.26, CurrentBusHV, 0.0
0.26, ThrottleAReading, 2234
0.26, ThrottleBReading, 1996
0.26, BrakeReading, 1419
0.26, ThrottleAPercent, 0.0
0.26, ThrottleBPercent, 0.0
0.26, AMS_PackVoltage, 0.0
0.26, StateBatteryChargeHV, 0.0
0.26, StateBatteryHealthHV, 0.0
0.26, StateBatteryPowerHV, 350.3
0.26, TempCellMax, 156.0
0.26, TempCellMin, 60.0
0.26, StateBMS, Wait_System_Up
0.26, HighestTempThermistor, 0
0.293, IVT_MsgID_RX, 0
0.293, IVT_MsgCount, 3
0.293, IVT_Result_state, 0
0.293, IVT_I, -0.038
0.293, BMU_checkFailed, BSPD_FAILED
0.293, BMU_InterlockInitialized, 0
0.293, IVT_MsgID_RX, 1
0.293, IVT_MsgCount, 1
0.293, IVT_Result_state, 0
0.293, IVT_U1, 83.686
0.293, IVT_MsgID_RX, 2
0.293, IVT_MsgCount, 1
0.293, IVT_Result_state, 0
0.293, IVT_U2, 0.841
0.293, IVT_MsgID_RX, 3
0.293, IVT_MsgCount, 1
0.293, IVT_Result_state, 0
0.293, IVT_U3, 0.045
0.293, IVT_MsgID_RX, 5
0.293, IVT_MsgCount, 3
0.293, IVT_Result_state, 0
0.293, IVT_W, -3
0.293, VCU_wheelSpeed_RL, 0.0
0.293, VCU_wheelSpeed_RR, 0.0
0.293, IVT_MsgID_RX, 7
0.293, IVT_MsgCount, 2
0.293, IVT_Result_state, 0
0.293, IVT_Wh, 0
0.293, AdjustedVoltageCellMuxSelect, 4
0.293, AdjustedVoltageCell13, 3.8131000000000004
0.293, AdjustedVoltageCell14, 3.8132
0.293, AdjustedVoltageCell15, 3.8138
0.293, ThrottleAReading, 2235
0.293, ThrottleBReading, 1996
0.293, BrakeReading, 1419
0.293, ThrottleAPercent, 0.0
0.293, ThrottleBPercent, 0.0
0.293, RLSpeedKPH, 0.0
0.293, RRSpeedKPH, 0.0
0.293, FLSpeedKPH, 0.0
0.293, FRSpeedKPH, 0.0
0.293, TempChannelMuxSelect, 4
0.293, TempChannel13, 0.0
0.293, TempChannel14, 0.0
0.293, TempChannel15, 27.570000000000007
0.293, TCTorqueMax, 3.392
0.293, TCLeftSlip, -0.999
0.293, TCRightSlip, -0.999
0.293, TCTorqueAdjustment, 0.0
0.293, ThrottleAReading, 2234
0.293, ThrottleBReading, 1996
0.293, BrakeReading, 1419
0.293, ThrottleAPercent, 0.0
0.293, ThrottleBPercent, 0.0
0.294, ThrottleAReading, 2234
0.294, ThrottleBReading, 1996
0.294, BrakeReading, 1419
0.294, ThrottleAPercent, 0.0
0.294, ThrottleBPercent, 0.0
0.294, ThrottleAReading, 2234
0.294, ThrottleBReading, 1996
0.294, BrakeReading, 1419
0.294, ThrottleAPercent, 0.0
0.294, ThrottleBPercent, 0.0
0.294, ThrottleAReading, 2234
0.294, ThrottleBReading, 1996
0.294, BrakeReading, 1419
0.294, ThrottleAPercent, 0.0
0.294, ThrottleBPercent, 0.0
0.294, IVT_MsgID_RX, 0
0.294, IVT_MsgCount, 4
0.294, IVT_Result_state, 0
0.294, IVT_I, -0.045
0.294, IVT_MsgID_RX, 5
0.294, IVT_MsgCount, 4
0.294, IVT_Result_state, 0
0.294, IVT_W, -3
0.294, ThrottleAReading, 2234
0.294, ThrottleBReading, 1996
0.294, BrakeReading, 1419
0.294, ThrottleAPercent, 0.0
0.294, ThrottleBPercent, 0.0
0.294, ThrottleAReading, 2234
0.294, ThrottleBReading, 1996
0.294, BrakeReading, 1419
0.294, ThrottleAPercent, 0.0
0.294, ThrottleBPercent, 0.0
0.294, IVT_MsgID_RX, 7
0.294, IVT_MsgCount, 3
0.294, IVT_Result_state, 0
0.294, IVT_Wh, 0
0.294, ThrottleAReading, 2234
0.294, ThrottleBReading, 1996
0.294, BrakeReading, 1419
0.294, ThrottleAPercent, 0.0
0.294, ThrottleBPercent, 0.0
0.294, ThrottleAReading, 2234
0.294, ThrottleBReading, 1997
0.294, BrakeReading, 1419
0.294, ThrottleAPercent, 0.0
0.294, ThrottleBPercent, 0.0
0.294, VCU_wheelSpeed_RL, 0.0
0.294, VCU_wheelSpeed_RR, 0.0
0.294, RLSpeedKPH, 0.0
0.294, RRSpeedKPH, 0.0
0.294, FLSpeedKPH, 0.0
0.294, FRSpeedKPH, 0.0
0.294, IVT_MsgID_RX, 0
0.294, IVT_MsgCount, 5
0.294, IVT_Result_state, 0
0.294, IVT_I, -0.041
0.294, ThrottleAReading, 2234
0.294, ThrottleBReading, 2001
0.294, BrakeReading, 1419
0.294, ThrottleAPercent, 0.0
0.294, ThrottleBPercent, 0.0
0.294, IVT_MsgID_RX, 5
0.294, IVT_MsgCount, 5
0.294, IVT_Result_state, 0
0.294, IVT_W, -3
0.296, TCTorqueMax, 3.392
0.296, TCLeftSlip, -0.999
0.296, TCRightSlip, -0.999
0.296, TCTorqueAdjustment, 0.0
0.296, ThrottleAReading, 2234
0.296, ThrottleBReading, 2008
0.296, BrakeReading, 1419
0.296, ThrottleAPercent, 0.0
0.296, ThrottleBPercent, 0.0
0.31, ThrottleAReading, 2228
0.31, ThrottleBReading, 2012
0.31, BrakeReading, 1419
0.31, ThrottleAPercent, 0.0
0.31, ThrottleBPercent, 0.0
0.31, VoltageCellMuxSelect, 5
0.31, VoltageCell16, 3.8131000000000004
0.31, VoltageCell17, 3.8102
0.31, VoltageCell18, 3.9144
0.31, AdjustedVoltageCellMuxSelect, 5
0.31, AdjustedVoltageCell16, 3.8128
0.31, AdjustedVoltageCell17, 3.8099000000000003
0.31, AdjustedVoltageCell18, 3.9141000000000004
0.31, ThrottleAReading, 2218
0.31, ThrottleBReading, 2017
0.31, BrakeReading, 1419
0.31, ThrottleAPercent, 0.0
0.31, ThrottleBPercent, 0.0
0.31, TempChannelMuxSelect, 5
0.31, TempChannel16, 0.0
0.31, TempChannel17, 0.0
0.31, TempChannel18, 0.0
0.31, ThrottleAReading, 2214
0.31, ThrottleBReading, 2017
0.31, BrakeReading, 1419
0.31, ThrottleAPercent, 0.0
0.31, ThrottleBPercent, 0.0
0.31, ChannelCurrentRadiator, 0.214
0.31, ChannelCurrentAccFan, 0.214
0.31, ChannelCurrentPump1, 0.0
0.31, ChannelCurrentPump2, 0.214
0.31, ChannelCurrentAUX1, 0.0
0.31, ChannelCurrentAUX2, 0.214
0.31, ChannelCurrentAUX3, 0.0
0.31, ChannelCurrentAUX4, 0.187
0.31, ThrottleAReading, 2214
0.31, ThrottleBReading, 2017
0.31, BrakeReading, 1419
0.31, ThrottleAPercent, 0.0
0.31, ThrottleBPercent, 0.0
0.31, ChannelCurrentBrakeLight, 0.0
0.31, ChannelCurrentInverter, 0.0
0.31, ChannelCurrentBMU, 0.59
0.31, ChannelCurrentCDU, 0.34900000000000003
0.31, ChannelCurrentTCU, 0.375
0.31, ChannelCurrentWSB, 0.711
0.31, IVT_MsgID_RX, 0
0.31, IVT_MsgCount, 6
0.31, IVT_Result_state, 0
0.31, IVT_I, -0.042
0.31, IVT_MsgID_RX, 1
0.31, IVT_MsgCount, 2
0.31, IVT_Result_state, 0
0.31, IVT_U1, 86.687
0.311, IVT_MsgID_RX, 2
0.311, IVT_MsgCount, 2
0.311, IVT_Result_state, 0
0.311, IVT_U2, -0.374
0.311, IVT_MsgID_RX, 3
0.311, IVT_MsgCount, 2
0.311, IVT_Result_state, 0
0.311, IVT_U3, 0.099
0.311, IVT_MsgID_RX, 5
0.311, IVT_MsgCount, 6
0.311, IVT_Result_state, 0
0.311, IVT_W, -3
0.311, IVT_MsgID_RX, 7
0.311, IVT_MsgCount, 4
0.311, IVT_Result_state, 0
0.311, IVT_Wh, 0
0.311, ThrottleAReading, 2210
0.311, ThrottleBReading, 2017
0.311, BrakeReading, 1419
0.311, ThrottleAPercent, 0.0
0.311, ThrottleBPercent, 0.0
0.311, ThrottleAReading, 2207
0.311, ThrottleBReading, 2017
0.311, BrakeReading, 1419
0.311, ThrottleAPercent, 0.0
0.311, ThrottleBPercent, 0.0
0.311, ThrottleAReading, 2207
0.311, ThrottleBReading, 2022
0.311, BrakeReading, 1419
0.311, ThrottleAPercent, 0.0
0.311, ThrottleBPercent, 0.0
0.311, VCU_wheelSpeed_RL, 0.0
0.311, VCU_wheelSpeed_RR, 0.0
0.311, RLSpeedKPH, 0.0
0.311, RRSpeedKPH, 0.0
0.311, FLSpeedKPH, 0.0
0.311, FRSpeedKPH, 0.0
0.311, ThrottleAReading, 2207
0.311, ThrottleBReading, 2026
0.311, BrakeReading, 1419
0.311, ThrottleAPercent, 0.0
0.311, ThrottleBPercent, 0.0
0.311, TCTorqueMax, 3.392
0.311, TCLeftSlip, -0.999
0.311, TCRightSlip, -0.999
0.311, TCTorqueAdjustment, 0.0
0.311, IVT_MsgID_RX, 0
0.311, IVT_MsgCount, 7
0.311, IVT_Result_state, 0
0.311, IVT_I, -0.039
0.311, IVT_MsgID_RX, 5
0.311, IVT_MsgCount, 7
0.311, IVT_Result_state, 0
0.311, IVT_W, -3
0.311, ThrottleAReading, 2207
0.311, ThrottleBReading, 2035
0.311, BrakeReading, 1419
0.311, ThrottleAPercent, 0.0
0.311, ThrottleBPercent, 0.0
0.312, ThrottleAReading, 2207
0.312, ThrottleBReading, 2042
0.312, BrakeReading, 1419
0.312, ThrottleAPercent, 0.0
0.312, ThrottleBPercent, 0.0
0.313, ThrottleAReading, 2200
0.313, ThrottleBReading, 2045
0.313, BrakeReading, 1418
0.313, ThrottleAPercent, 0.0
0.313, ThrottleBPercent, 0.0
0.313, IVT_MsgID_RX, 7
0.313, IVT_MsgCount, 5
0.313, IVT_Result_state, 0
0.313, IVT_Wh, 0
0.313, ThrottleAReading, 2192
0.313, ThrottleBReading, 2047
0.313, BrakeReading, 1418
0.313, ThrottleAPercent, 0.0
0.313, ThrottleBPercent, 0.0
0.313, ThrottleAReading, 2191
0.313, ThrottleBReading, 2047
0.313, BrakeReading, 1419
0.313, ThrottleAPercent, 0.0
0.313, ThrottleBPercent, 0.0
0.36, IVT_MsgID_RX, 0
0.36, IVT_MsgCount, 8
0.36, IVT_Result_state, 0
0.36, IVT_I, -0.042
0.36, IVT_MsgID_RX, 5
0.36, IVT_MsgCount, 8
0.36, IVT_Result_state, 0
0.36, IVT_W, -3
0.36, ThrottleAReading, 2191
0.36, ThrottleBReading, 2047
0.36, BrakeReading, 1419
0.36, ThrottleAPercent, 0.0
0.36, ThrottleBPercent, 0.0
0.36, VoltageBusHV, 86.68
0.36, VoltageCellMax, 4.011
0.36, VoltageCellMin, 3.8048
0.36, CurrentBusHV, 0.0
0.36, ThrottleAReading, 2190
0.36, ThrottleBReading, 2047
0.36, BrakeReading, 1419
0.36, ThrottleAPercent, 0.0
0.36, ThrottleBPercent, 0.0
0.36, AMS_PackVoltage, 538.37
0.36, VCU_wheelSpeed_RL, 0.0
0.36, VCU_wheelSpeed_RR, 0.0
0.36, ThrottleAReading, 2190
0.36, ThrottleBReading, 2047
0.36, BrakeReading, 1419
0.36, ThrottleAPercent, 0.0
0.36, ThrottleBPercent, 0.0
0.36, RLSpeedKPH, 0.0
0.36, RRSpeedKPH, 0.0
0.36, FLSpeedKPH, 0.0
0.36, FRSpeedKPH, 0.0
0.36, TCTorqueMax, 3.392
0.36, TCLeftSlip, -0.999
0.36, TCRightSlip, -0.999
0.36, TCTorqueAdjustment, 0.0
0.361, ThrottleAReading, 2190
0.361, ThrottleBReading, 2049
0.361, BrakeReading, 1419
0.361, ThrottleAPercent, 0.0
0.361, ThrottleBPercent, 0.0
0.361, StateBatteryChargeHV, 98.80000000000001
0.361, StateBatteryHealthHV, 0.0
0.361, StateBatteryPowerHV, 350.3
0.361, TempCellMax, 156.0
0.361, TempCellMin, 60.0
0.361, StateBMS, Wait_System_Up
0.361, HighestTempThermistor, 0
0.361, BMU_checkFailed, BSPD_FAILED
0.361, BMU_InterlockInitialized, 0
0.361, VoltageCellMuxSelect, 6
0.361, VoltageCell19, 3.903
0.361, VoltageCell20, 3.9062
0.361, VoltageCell21, 3.8108
0.361, ThrottleAReading, 2190
0.361, ThrottleBReading, 2050
0.361, BrakeReading, 1419
0.361, ThrottleAPercent, 0.0
0.361, ThrottleBPercent, 0.0
0.361, AdjustedVoltageCellMuxSelect, 6
0.361, AdjustedVoltageCell19, 3.9022
0.361, AdjustedVoltageCell20, 3.9052000000000002
0.361, AdjustedVoltageCell21, 3.8099000000000003
0.361, IVT_MsgID_RX, 0
0.361, IVT_MsgCount, 9
0.361, IVT_Result_state, 0
0.361, IVT_I, -0.04
0.361, IVT_MsgID_RX, 1
0.361, IVT_MsgCount, 3
0.361, IVT_Result_state, 0
0.361, IVT_U1, 85.319
0.361, TempChannelMuxSelect, 6
0.361, TempChannel19, 0.0
0.361, TempChannel20, 0.0
0.361, TempChannel21, 0.0
0.361, IVT_MsgID_RX, 2
0.361, IVT_MsgCount, 3
0.361, IVT_Result_state, 0
0.361, IVT_U2, 2.814
0.361, IVT_MsgID_RX, 3
0.361, IVT_MsgCount, 3
0.361, IVT_Result_state, 0
0.361, IVT_U3, 0.033
0.361, ThrottleAReading, 2190
0.361, ThrottleBReading, 2053
0.361, BrakeReading, 1419
0.361, ThrottleAPercent, 0.0
0.361, ThrottleBPercent, 0.0
0.361, IVT_MsgID_RX, 5
0.361, IVT_MsgCount, 9
0.361, IVT_Result_state, 0
0.361, IVT_W, -3
0.361, IVT_MsgID_RX, 7
0.361, IVT_MsgCount, 6
0.361, IVT_Result_state, 0
0.361, IVT_Wh, 0
0.361, ThrottleAReading, 2190
0.361, ThrottleBReading, 2054
0.361, BrakeReading, 1419
0.361, ThrottleAPercent, 0.0
0.361, ThrottleBPercent, 0.0
0.365, ThrottleAReading, 2188
0.365, ThrottleBReading, 2054
0.365, BrakeReading, 1419
0.365, ThrottleAPercent, 0.0
0.365, ThrottleBPercent, 0.0
0.365, ThrottleAReading, 2186
0.365, ThrottleBReading, 2055
0.365, BrakeReading, 1419
0.365, ThrottleAPercent, 0.0
0.365, ThrottleBPercent, 0.0
0.365, ThrottleAReading, 2186
0.365, ThrottleBReading, 2055
0.365, BrakeReading, 1419
0.365, ThrottleAPercent, 0.0
0.365, ThrottleBPercent, 0.0
0.365, IVT_MsgID_RX, 0
0.365, IVT_MsgCount, 10
0.365, IVT_Result_state, 0
0.365, IVT_I, -0.043000000000000003
0.365, IVT_MsgID_RX, 5
0.365, IVT_MsgCount, 10
0.365, IVT_Result_state, 0
0.365, IVT_W, -3
0.365, ThrottleAReading, 2186
0.365, ThrottleBReading, 2055
0.365, BrakeReading, 1419
0.365, ThrottleAPercent, 0.0
0.365, ThrottleBPercent, 0.0
0.365, VCU_wheelSpeed_RL, 0.0
0.365, VCU_wheelSpeed_RR, 0.0
0.365, ThrottleAReading, 2185
0.365, ThrottleBReading, 2055
0.365, BrakeReading, 1419
0.365, ThrottleAPercent, 0.0
0.365, ThrottleBPercent, 0.0
0.365, RLSpeedKPH, 0.0
0.365, RRSpeedKPH, 0.0
0.365, FLSpeedKPH, 0.0
0.365, FRSpeedKPH, 0.0
0.365, VoltageCellMuxSelect, 7
0.365, VoltageCell22, 3.8127
0.365, VoltageCell23, 3.813
0.365, VoltageCell24, 3.8136
0.365, TCTorqueMax, 3.392
0.365, TCLeftSlip, -0.999
0.365, TCRightSlip, -0.999
0.365, TCTorqueAdjustment, 0.0
0.41, AdjustedVoltageCellMuxSelect, 7
0.41, AdjustedVoltageCell22, 3.8119
0.41, AdjustedVoltageCell23, 3.8120000000000003
0.41, AdjustedVoltageCell24, 3.8126
0.41, ThrottleAReading, 2185
0.41, ThrottleBReading, 2054
0.41, BrakeReading, 1419
0.41, ThrottleAPercent, 0.0
0.41, ThrottleBPercent, 0.0
0.41, TempChannelMuxSelect, 7
0.41, TempChannel22, 0.0
0.41, TempChannel23, 0.0
0.41, TempChannel24, 0.0
0.411, IVT_MsgID_RX, 7
0.411, IVT_MsgCount, 7
0.411, IVT_Result_state, 0
0.411, IVT_Wh, 0
0.411, ThrottleAReading, 2185
0.411, ThrottleBReading, 2055
0.411, BrakeReading, 1419
0.411, ThrottleAPercent, 0.0
0.411, ThrottleBPercent, 0.0
0.411, ThrottleAReading, 2185
0.411, ThrottleBReading, 2055
0.411, BrakeReading, 1419
0.411, ThrottleAPercent, 0.0
0.411, ThrottleBPercent, 0.0
0.411, IVT_MsgID_RX, 0
0.411, IVT_MsgCount, 11
0.411, IVT_Result_state, 0
0.411, IVT_I, -0.036000000000000004
0.411, IVT_MsgID_RX, 5
0.411, IVT_MsgCount, 11
0.411, IVT_Result_state, 0
0.411, IVT_W, -3
0.411, ChannelCurrentRadiator, 0.214
0.411, ChannelCurrentAccFan, 0.214
0.411, ChannelCurrentPump1, 0.0
0.411, ChannelCurrentPump2, 0.201
0.411, ChannelCurrentAUX1, 0.0
0.411, ChannelCurrentAUX2, 0.214
0.411, ChannelCurrentAUX3, 0.0
0.411, ChannelCurrentAUX4, 0.201
0.411, ThrottleAReading, 2185
0.411, ThrottleBReading, 2056
0.411, BrakeReading, 1419
0.411, ThrottleAPercent, 0.0
0.411, ThrottleBPercent, 0.0
0.411, ChannelCurrentBrakeLight, 0.0
0.411, ChannelCurrentInverter, 0.0
0.411, ChannelCurrentBMU, 0.671
0.411, ChannelCurrentCDU, 0.375
0.411, ChannelCurrentTCU, 0.402
0.411, ChannelCurrentWSB, 0.617
0.411, ThrottleAReading, 2185
0.411, ThrottleBReading, 2056
0.411, BrakeReading, 1419
0.411, ThrottleAPercent, 0.0
0.411, ThrottleBPercent, 0.0
0.411, ThrottleAReading, 2185
0.411, ThrottleBReading, 2056
0.411, BrakeReading, 1420
0.411, ThrottleAPercent, 0.0
0.411, ThrottleBPercent, 0.0
0.411, ThrottleAReading, 2185
0.411, ThrottleBReading, 2055
0.411, BrakeReading, 1420
0.411, ThrottleAPercent, 0.0
0.411, ThrottleBPercent, 0.0
0.411, ThrottleAReading, 2185
0.411, ThrottleBReading, 2055
0.411, BrakeReading, 1420
0.411, ThrottleAPercent, 0.0
0.411, ThrottleBPercent, 0.0
0.411, VCU_wheelSpeed_RL, 0.0
0.411, VCU_wheelSpeed_RR, 0.0
0.412, IVT_MsgID_RX, 0
0.412, IVT_MsgCount, 12
0.412, IVT_Result_state, 0
0.412, IVT_I, -0.045
0.412, IVT_MsgID_RX, 1
0.412, IVT_MsgCount, 4
0.412, IVT_Result_state, 0
0.412, IVT_U1, 84.06
0.412, IVT_MsgID_RX, 2
0.412, IVT_MsgCount, 4
0.412, IVT_Result_state, 0
0.412, IVT_U2, -0.652
0.412, IVT_MsgID_RX, 3
0.412, IVT_MsgCount, 4
0.412, IVT_Result_state, 0
0.412, IVT_U3, 0.037
0.412, IVT_MsgID_RX, 5
0.412, IVT_MsgCount, 12
0.412, IVT_Result_state, 0
0.412, IVT_W, -3
0.412, RLSpeedKPH, 0.0
0.412, RRSpeedKPH, 0.0
0.412, FLSpeedKPH, 0.0
0.412, FRSpeedKPH, 0.0
0.412, ThrottleAReading, 2185
0.412, ThrottleBReading, 2055
0.412, BrakeReading, 1419
0.412, ThrottleAPercent, 0.0
0.412, ThrottleBPercent, 0.0
0.412, TCTorqueMax, 3.392
0.412, TCLeftSlip, -0.999
0.412, TCRightSlip, -0.999
0.412, TCTorqueAdjustment, 0.0
0.412, IVT_MsgID_RX, 7
0.412, IVT_MsgCount, 8
0.412, IVT_Result_state, 0
0.412, IVT_Wh, 0
0.412, ThrottleAReading, 2185
0.412, ThrottleBReading, 2055
0.412, BrakeReading, 1419
0.412, ThrottleAPercent, 0.0
0.412, ThrottleBPercent, 0.0
0.412, ThrottleAReading, 2185
0.412, ThrottleBReading, 2054
0.412, BrakeReading, 1419
0.412, ThrottleAPercent, 0.0
0.412, ThrottleBPercent, 0.0
0.412, ThrottleAReading, 2185
0.412, ThrottleBReading, 2054
0.412, BrakeReading, 1419
0.412, ThrottleAPercent, 0.0
0.412, ThrottleBPercent, 0.0
0.412, BMU_checkFailed, BSPD_FAILED
0.412, BMU_InterlockInitialized, 0
0.412, VoltageCellMuxSelect, 8
0.412, VoltageCell25, 3.8178
0.412, VoltageCell26, 3.8154000000000003
0.412, VoltageCell27, 3.8097000000000003
0.413, ThrottleAReading, 2185
0.413, ThrottleBReading, 2054
0.413, BrakeReading, 1419
0.413, ThrottleAPercent, 0.0
0.413, ThrottleBPercent, 0.0
0.46, IVT_MsgID_RX, 0
0.46, IVT_MsgCount, 13
0.46, IVT_Result_state, 0
0.46, IVT_I, -0.039
0.46, IVT_MsgID_RX, 5
0.46, IVT_MsgCount, 13
0.46, IVT_Result_state, 0
0.46, IVT_W, -3
0.46, ThrottleAReading, 2185
0.46, ThrottleBReading, 2054
0.46, BrakeReading, 1419
0.46, ThrottleAPercent, 0.0
0.46, ThrottleBPercent, 0.0
0.46, AdjustedVoltageCellMuxSelect, 8
0.46, AdjustedVoltageCell25, 3.8159
0.46, AdjustedVoltageCell26, 3.8137000000000003
0.46, AdjustedVoltageCell27, 3.8075
0.46, TempChannelMuxSelect, 8
0.46, TempChannel25, 0.0
0.46, TempChannel26, 0.0
0.46, TempChannel27, 0.0
0.46, ThrottleAReading, 2185
0.46, ThrottleBReading, 2054
0.46, BrakeReading, 1419
0.46, ThrottleAPercent, 0.0
0.46, ThrottleBPercent, 0.0
0.46, VoltageBusHV, 84.06
0.46, VoltageCellMax, 4.0116000000000005
0.46, VoltageCellMin, 3.8049000000000004
0.46, CurrentBusHV, 0.0
0.46, AMS_PackVoltage, 538.38
0.46, ThrottleAReading, 2185
0.46, ThrottleBReading, 2053
0.46, BrakeReading, 1419
0.46, ThrottleAPercent, 0.0
0.46, ThrottleBPercent, 0.0
0.46, IVT_MsgID_RX, 7
0.46, IVT_MsgCount, 9
0.46, IVT_Result_state, 0
0.46, IVT_Wh, 0
0.46, ThrottleAReading, 2185
0.46, ThrottleBReading, 2052
0.46, BrakeReading, 1419
0.46, ThrottleAPercent, 0.0
0.46, ThrottleBPercent, 0.0
0.46, VCU_wheelSpeed_RL, 0.0
0.46, VCU_wheelSpeed_RR, 0.0
0.46, RLSpeedKPH, 0.0
0.46, RRSpeedKPH, 0.0
0.46, FLSpeedKPH, 0.0
0.46, FRSpeedKPH, 0.0
0.46, ThrottleAReading, 2185
0.46, ThrottleBReading, 2051
0.46, BrakeReading, 1419
0.46, ThrottleAPercent, 0.0
0.46, ThrottleBPercent, 0.0
0.461, TCTorqueMax, 3.392
0.461, TCLeftSlip, -0.999
0.461, TCRightSlip, -0.999
0.461, TCTorqueAdjustment, 0.0
0.461, IVT_MsgID_RX, 0
0.461, IVT_MsgCount, 14
0.461, IVT_Result_state, 0
0.461, IVT_I, -0.044
0.461, IVT_MsgID_RX, 5
0.461, IVT_MsgCount, 14
0.461, IVT_Result_state, 0
0.461, IVT_W, -3
0.461, ThrottleAReading, 2185
0.461, ThrottleBReading, 2050
0.461, BrakeReading, 1419
0.461, ThrottleAPercent, 0.0
0.461, ThrottleBPercent, 0.0
0.461, ThrottleAReading, 2185
0.461, ThrottleBReading, 2048
0.461, BrakeReading, 1419
0.461, ThrottleAPercent, 0.0
0.461, ThrottleBPercent, 0.0
0.461, StateBatteryChargeHV, 98.80000000000001
0.461, StateBatteryHealthHV, 0.0
0.461, StateBatteryPowerHV, 350.3
0.461, TempCellMax, 156.0
0.461, TempCellMin, 60.0
0.461, StateBMS, Wait_System_Up
0.461, HighestTempThermistor, 0
0.461, ThrottleAReading, 2185
0.461, ThrottleBReading, 2046
0.461, BrakeReading, 1419
0.461, ThrottleAPercent, 0.0
0.461, ThrottleBPercent, 0.0
0.461, ThrottleAReading, 2185
0.461, ThrottleBReading, 2046
0.461, BrakeReading, 1419
0.461, ThrottleAPercent, 0.0
0.461, ThrottleBPercent, 0.0
0.461, ThrottleAReading, 2185
0.461, ThrottleBReading, 2046
0.461, BrakeReading, 1419
0.461, ThrottleAPercent, 0.0
0.461, ThrottleBPercent, 0.0
0.461, IVT_MsgID_RX, 0
0.461, IVT_MsgCount, 15
0.461, IVT_Result_state, 0
0.461, IVT_I, -0.032
0.461, IVT_MsgID_RX, 1
0.461, IVT_MsgCount, 5
0.461, IVT_Result_state, 0
0.461, IVT_U1, 82.82000000000001
0.461, IVT_MsgID_RX, 2
0.461, IVT_MsgCount, 5
0.461, IVT_Result_state, 0
0.461, IVT_U2, 0.596
0.461, IVT_MsgID_RX, 3
0.461, IVT_MsgCount, 5
0.461, IVT_Result_state, 0
0.461, IVT_U3, 0.035
0.461, IVT_MsgID_RX, 5
0.461, IVT_MsgCount, 15
0.461, IVT_Result_state, 0
0.461, IVT_W, -3
0.461, ThrottleAReading, 2185
0.461, ThrottleBReading, 2046
0.461, BrakeReading, 1420
0.461, ThrottleAPercent, 0.0
0.461, ThrottleBPercent, 0.0
0.462, IVT_MsgID_RX, 7
0.462, IVT_MsgCount, 10
0.462, IVT_Result_state, 0
0.462, IVT_Wh, 0
0.462, ThrottleAReading, 2186
0.462, ThrottleBReading, 2046
0.462, BrakeReading, 1420
0.462, ThrottleAPercent, 0.0
0.462, ThrottleBPercent, 0.0
0.462, VoltageCellMuxSelect, 9
0.462, VoltageCell28, 3.9344
0.462, VoltageCell29, 3.9065000000000003
0.462, VoltageCell30, 3.9057000000000004
0.462, VCU_wheelSpeed_RL, 0.0
0.462, VCU_wheelSpeed_RR, 0.0
0.51, AdjustedVoltageCellMuxSelect, 9
0.51, AdjustedVoltageCell28, 3.9336
0.51, AdjustedVoltageCell29, 3.9050000000000002
0.51, AdjustedVoltageCell30, 3.9043
0.51, ThrottleAReading, 2187
0.51, ThrottleBReading, 2043
0.51, BrakeReading, 1419
0.51, ThrottleAPercent, 0.0
0.51, ThrottleBPercent, 0.0
0.51, RLSpeedKPH, 0.0
0.51, RRSpeedKPH, 0.0
0.51, FLSpeedKPH, 0.0
0.51, FRSpeedKPH, 0.0
0.51, TCTorqueMax, 3.392
0.51, TCLeftSlip, -0.999
0.51, TCRightSlip, -0.999
0.51, TCTorqueAdjustment, 0.0
0.51, TempChannelMuxSelect, 9
0.51, TempChannel28, 27.060000000000002
0.51, TempChannel29, 26.74000000000001
0.51, TempChannel30, 27.290000000000006
0.51, ThrottleAReading, 2187
0.51, ThrottleBReading, 2040
0.51, BrakeReading, 1419
0.51, ThrottleAPercent, 0.0
0.51, ThrottleBPercent, 0.0
0.51, ThrottleAReading, 2187
0.51, ThrottleBReading, 2039
0.51, BrakeReading, 1419
0.51, ThrottleAPercent, 0.0
0.51, ThrottleBPercent, 0.0
0.51, IVT_MsgID_RX, 0
0.51, IVT_MsgCount, 0
0.51, IVT_Result_state, 0
0.51, IVT_I, -0.042
0.51, IVT_MsgID_RX, 5
0.51, IVT_MsgCount, 0
0.51, IVT_Result_state, 0
0.51, IVT_W, -3
0.51, ChannelCurrentRadiator, 0.214
0.51, ChannelCurrentAccFan, 0.201
0.51, ChannelCurrentPump1, 0.0
0.51, ChannelCurrentPump2, 0.17400000000000002
0.511, ChannelCurrentAUX1, 0.0
0.511, ChannelCurrentAUX2, 0.201
0.511, ChannelCurrentAUX3, 0.0
0.511, ChannelCurrentAUX4, 0.214
0.511, ThrottleAReading, 2187
0.511, ThrottleBReading, 2038
0.511, BrakeReading, 1420
0.511, ThrottleAPercent, 0.0
0.511, ThrottleBPercent, 0.0
0.511, ChannelCurrentBrakeLight, 0.0
0.511, ChannelCurrentInverter, 0.0
0.511, ChannelCurrentBMU, 0.5630000000000001
0.511, ChannelCurrentCDU, 0.308
0.511, ChannelCurrentTCU, 0.375
0.511, ChannelCurrentWSB, 0.617
0.511, ThrottleAReading, 2187
0.511, ThrottleBReading, 2036
0.511, BrakeReading, 1420
0.511, ThrottleAPercent, 0.0
0.511, ThrottleBPercent, 0.0
0.511, ThrottleAReading, 2187
0.511, ThrottleBReading, 2035
0.511, BrakeReading, 1419
0.511, ThrottleAPercent, 0.0
0.511, ThrottleBPercent, 0.0
0.511, IVT_MsgID_RX, 7
0.511, IVT_MsgCount, 11
0.511, IVT_Result_state, 0
0.511, IVT_Wh, 0
0.511, ThrottleAReading, 2188
0.511, ThrottleBReading, 2035
0.511, BrakeReading, 1419
0.511, ThrottleAPercent, 0.0
0.511, ThrottleBPercent, 0.0
0.511, ThrottleAReading, 2190
0.511, ThrottleBReading, 2035
0.511, BrakeReading, 1419
0.511, ThrottleAPercent, 0.0
0.511, ThrottleBPercent, 0.0
0.511, IVT_MsgID_RX, 0
0.511, IVT_MsgCount, 1
0.511, IVT_Result_state, 0
0.511, IVT_I, -0.041
0.511, IVT_MsgID_RX, 5
0.511, IVT_MsgCount, 1
0.511, IVT_Result_state, 0
0.511, IVT_W, -3
0.511, ThrottleAReading, 2193
0.511, ThrottleBReading, 2035
0.511, BrakeReading, 1419
0.511, ThrottleAPercent, 0.0
0.511, ThrottleBPercent, 0.0
0.511, VCU_wheelSpeed_RL, 0.0
0.511, VCU_wheelSpeed_RR, 0.0
0.511, ThrottleAReading, 2196
0.511, ThrottleBReading, 2035
0.511, BrakeReading, 1419
0.511, ThrottleAPercent, 0.0
0.511, ThrottleBPercent, 0.0
0.511, RLSpeedKPH, 0.0
0.511, RRSpeedKPH, 0.0
0.511, FLSpeedKPH, 0.0
0.511, FRSpeedKPH, 0.0
0.512, TCTorqueMax, 3.392
0.512, TCLeftSlip, -0.999
0.512, TCRightSlip, -0.999
0.512, TCTorqueAdjustment, 0.0
0.512, ThrottleAReading, 2198
0.512, ThrottleBReading, 2032
0.512, BrakeReading, 1419
0.512, ThrottleAPercent, 0.0
0.512, ThrottleBPercent, 0.0
0.512, ThrottleAReading, 2198
0.512, ThrottleBReading, 2029
0.512, BrakeReading, 1419
0.512, ThrottleAPercent, 0.0
0.512, ThrottleBPercent, 0.0
0.512, ThrottlePercent, 0
0.512, BrakePercent, 7
0.512, FrontBrakePressure, 15
0.512, SteeringAngle, -102
0.512, BrakeWhileThrottle, 0
0.512, BMU_checkFailed, BSPD_FAILED
0.512, BMU_InterlockInitialized, 0
0.512, VoltageCellMuxSelect, 10
0.512, VoltageCell31, 3.8138
0.512, VoltageCell32, 3.8139000000000003
0.512, VoltageCell33, 3.8137000000000003
0.513, ThrottleAReading, 2198
0.513, ThrottleBReading, 2027
0.513, BrakeReading, 1419
0.513, ThrottleAPercent, 0.0
0.513, ThrottleBPercent, 0.0
0.513, IVT_MsgID_RX, 0
0.513, IVT_MsgCount, 2
0.513, IVT_Result_state, 0
0.513, IVT_I, -0.036000000000000004
0.513, IVT_MsgID_RX, 1
0.513, IVT_MsgCount, 6
0.513, IVT_Result_state, 0
0.513, IVT_U1, 81.778
0.513, IVT_MsgID_RX, 2
0.513, IVT_MsgCount, 6
0.513, IVT_Result_state, 0
0.513, IVT_U2, 0.22
0.513, IVT_MsgID_RX, 3
0.513, IVT_MsgCount, 6
0.513, IVT_Result_state, 0
0.513, IVT_U3, 0.043000000000000003
0.513, IVT_MsgID_RX, 5
0.513, IVT_MsgCount, 2
0.513, IVT_Result_state, 0
0.513, IVT_W, -3
0.56, AdjustedVoltageCellMuxSelect, 10
0.56, AdjustedVoltageCell31, 3.8109
0.56, AdjustedVoltageCell32, 3.8117
0.56, AdjustedVoltageCell33, 3.8117
0.56, ThrottleAReading, 2198
0.56, ThrottleBReading, 2026
0.56, BrakeReading, 1419
0.56, ThrottleAPercent, 0.0
0.56, ThrottleBPercent, 0.0
0.56, TempChannelMuxSelect, 10
0.56, TempChannel31, 0.0
0.56, TempChannel32, 0.0
0.56, TempChannel33, 0.0
0.593, IVT_MsgID_RX, 7
0.593, IVT_MsgCount, 12
0.593, IVT_Result_state, 0
0.593, IVT_Wh, 0
0.593, ThrottlePercent, 0
0.593, BrakePercent, 7
0.593, FrontBrakePressure, 19
0.593, SteeringAngle, -102
0.593, BrakeWhileThrottle, 0
0.593, ThrottleAReading, 2198
0.593, ThrottleBReading, 2023
0.593, BrakeReading, 1419
0.593, ThrottleAPercent, 0.0
0.593, ThrottleBPercent, 0.0
0.593, VoltageBusHV, 81.77
0.593, VoltageCellMax, 4.0115
0.593, VoltageCellMin, 3.8051000000000004
0.593, CurrentBusHV, 0.0
0.593, ThrottleAReading, 2198
0.593, ThrottleBReading, 2021
0.593, BrakeReading, 1419
0.593, ThrottleAPercent, 0.0
0.593, ThrottleBPercent, 0.0
0.593, AMS_PackVoltage, 538.4
0.593, ThrottleAReading, 2199
0.593, ThrottleBReading, 2021
0.593, BrakeReading, 1419
0.593, ThrottleAPercent, 0.0
0.593, ThrottleBPercent, 0.0
0.593, ThrottlePercent, 0
0.593, BrakePercent, 7
0.593, FrontBrakePressure, 13
0.593, SteeringAngle, -102
0.593, BrakeWhileThrottle, 0
0.593, IVT_MsgID_RX, 0
0.593, IVT_MsgCount, 3
0.593, IVT_Result_state, 0
0.593, IVT_I, -0.036000000000000004
0.593, IVT_MsgID_RX, 5
0.593, IVT_MsgCount, 3
0.593, IVT_Result_state, 0
0.593, IVT_W, -3
0.593, ThrottleAReading, 2202
0.593, ThrottleBReading, 2021
0.593, BrakeReading, 1419
0.593, ThrottleAPercent, 0.0
0.593, ThrottleBPercent, 0.0
0.593, VCU_wheelSpeed_RL, 0.0
0.593, VCU_wheelSpeed_RR, 0.0
0.593, RLSpeedKPH, 0.0
0.593, RRSpeedKPH, 0.0
0.593, FLSpeedKPH, 0.0
0.593, FRSpeedKPH, 0.0
0.593, ThrottleAReading, 2205
0.593, ThrottleBReading, 2021
0.593, BrakeReading, 1419
0.593, ThrottleAPercent, 0.0
0.593, ThrottleBPercent, 0.0
0.594, TCTorqueMax, 3.392
0.594, TCLeftSlip, -0.999
0.594, TCRightSlip, -0.999
0.594, TCTorqueAdjustment, 0.0
0.594, ThrottlePercent, 0
0.594, BrakePercent, 7
0.594, FrontBrakePressure, 20
0.594, SteeringAngle, -102
0.594, BrakeWhileThrottle, 0
0.594, ThrottleAReading, 2207
0.594, ThrottleBReading, 2021
0.594, BrakeReading, 1419
0.594, ThrottleAPercent, 0.0
0.594, ThrottleBPercent, 0.0
0.594, ThrottleAReading, 2208
0.594, ThrottleBReading, 2018
0.594, BrakeReading, 1418
0.594, ThrottleAPercent, 0.0
0.594, ThrottleBPercent, 0.0
0.594, IVT_MsgID_RX, 7
0.594, IVT_MsgCount, 13
0.594, IVT_Result_state, 0
0.594, IVT_Wh, 0
0.594, ThrottleAReading, 2208
0.594, ThrottleBReading, 2015
0.594, BrakeReading, 1418
0.594, ThrottleAPercent, 0.0
0.594, ThrottleBPercent, 0.0
0.594, ThrottlePercent, 0
0.594, BrakePercent, 6
0.594, FrontBrakePressure, 12
0.594, SteeringAngle, -102
0.594, BrakeWhileThrottle, 0
0.594, IVT_MsgID_RX, 0
0.594, IVT_MsgCount, 4
0.594, IVT_Result_state, 0
0.594, IVT_I, -0.037
0.594, IVT_MsgID_RX, 5
0.594, IVT_MsgCount, 4
0.594, IVT_Result_state, 0
0.594, IVT_W, -3
0.594, ThrottleAReading, 2208
0.594, ThrottleBReading, 2013
0.594, BrakeReading, 1418
0.594, ThrottleAPercent, 0.0
0.594, ThrottleBPercent, 0.0
0.594, ThrottleAReading, 2208
0.594, ThrottleBReading, 2012
0.594, BrakeReading, 1419
0.594, ThrottleAPercent, 0.0
0.594, ThrottleBPercent, 0.0
0.594, StateBatteryChargeHV, 98.80000000000001
0.594, StateBatteryHealthHV, 0.0
0.594, StateBatteryPowerHV, 350.3
0.594, TempCellMax, 156.0
0.594, TempCellMin, 60.0
0.594, StateBMS, Wait_System_Up
0.594, HighestTempThermistor, 0
0.594, ThrottlePercent, 0
0.594, BrakePercent, 7
0.594, FrontBrakePressure, 17
0.594, SteeringAngle, -102
0.594, BrakeWhileThrottle, 0
0.594, ThrottleAReading, 2208
0.594, ThrottleBReading, 2011
0.594, BrakeReading, 1419
0.594, ThrottleAPercent, 0.0
0.594, ThrottleBPercent, 0.0
0.594, VoltageBusLV, 12.026
0.594, CurrentBusLV, 0.0
0.594, PowerBusLV, 0
0.595, VoltageCellMuxSelect, 11
0.595, VoltageCell34, 3.8139000000000003
0.595, VoltageCell35, 3.8135000000000003
0.595, VoltageCell36, 3.8135000000000003
0.61, AdjustedVoltageCellMuxSelect, 11
0.61, AdjustedVoltageCell34, 3.8120000000000003
0.61, AdjustedVoltageCell35, 3.8117
0.61, AdjustedVoltageCell36, 3.8116000000000003
0.61, ThrottleAReading, 2208
0.61, ThrottleBReading, 2011
0.61, BrakeReading, 1419
0.61, ThrottleAPercent, 0.0
0.61, ThrottleBPercent, 0.0
0.61, ThrottleAReading, 2209
0.61, ThrottleBReading, 2011
0.61, BrakeReading, 1419
0.61, ThrottleAPercent, 0.0
0.61, ThrottleBPercent, 0.0
0.61, ThrottlePercent, 0
0.61, BrakePercent, 7
0.61, FrontBrakePressure, 15
0.61, SteeringAngle, -102
0.61, BrakeWhileThrottle, 0
0.61, VCU_wheelSpeed_RL, 0.0
0.61, VCU_wheelSpeed_RR, 0.0
0.61, RLSpeedKPH, 0.0
0.61, RRSpeedKPH, 0.0
0.61, FLSpeedKPH, 0.0
0.61, FRSpeedKPH, 0.0
0.61, IVT_MsgID_RX, 0
0.61, IVT_MsgCount, 5
0.61, IVT_Result_state, 0
0.61, IVT_I, -0.04
0.61, IVT_MsgID_RX, 1
0.61, IVT_MsgCount, 7
0.61, IVT_Result_state, 0
0.61, IVT_U1, 80.971
0.61, IVT_MsgID_RX, 2
0.61, IVT_MsgCount, 7
0.61, IVT_Result_state, 0
0.61, IVT_U2, 0.268
0.61, ThrottleAReading, 2212
0.61, ThrottleBReading, 2011
0.61, BrakeReading, 1419
0.61, ThrottleAPercent, 0.0
0.61, ThrottleBPercent, 0.0
0.61, TCTorqueMax, 3.392
0.61, TCLeftSlip, -0.999
0.61, TCRightSlip, -0.999
0.61, TCTorqueAdjustment, 0.0
0.61, IVT_MsgID_RX, 3
0.61, IVT_MsgCount, 7
0.61, IVT_Result_state, 0
0.61, IVT_U3, 0.033
0.61, IVT_MsgID_RX, 5
0.61, IVT_MsgCount, 5
0.61, IVT_Result_state, 0
0.61, IVT_W, -2
0.611, ChannelCurrentRadiator, 0.214
0.611, ChannelCurrentAccFan, 0.187
0.611, ChannelCurrentPump1, 0.0
0.611, ChannelCurrentPump2, 0.201
0.611, ChannelCurrentAUX1, 0.0
0.611, ChannelCurrentAUX2, 0.214
0.611, ChannelCurrentAUX3, 0.0
0.611, ChannelCurrentAUX4, 0.214
0.611, ThrottleAReading, 2213
0.611, ThrottleBReading, 2011
0.611, BrakeReading, 1419
0.611, ThrottleAPercent, 0.0
0.611, ThrottleBPercent, 0.0
0.611, ChannelCurrentBrakeLight, 0.0
0.611, ChannelCurrentInverter, 0.0
0.611, ChannelCurrentBMU, 0.59
0.611, ChannelCurrentCDU, 0.335
0.611, ChannelCurrentTCU, 0.375
0.611, ChannelCurrentWSB, 0.644
0.611, IVT_MsgID_RX, 7
0.611, IVT_MsgCount, 14
0.611, IVT_Result_state, 0
0.611, IVT_Wh, 0
0.611, ThrottlePercent, 0
0.611, BrakePercent, 7
0.611, FrontBrakePressure, 12
0.611, SteeringAngle, -102
0.611, BrakeWhileThrottle, 0
0.611, ThrottleAReading, 2214
0.611, ThrottleBReading, 2011
0.611, BrakeReading, 1419
0.611, ThrottleAPercent, 0.0
0.611, ThrottleBPercent, 0.0
0.611, ThrottleAReading, 2214
0.611, ThrottleBReading, 2010
0.611, BrakeReading, 1419
0.611, ThrottleAPercent, 0.0
0.611, ThrottleBPercent, 0.0
0.611, ThrottleAReading, 2214
0.611, ThrottleBReading, 2010
0.611, BrakeReading, 1419
0.611, ThrottleAPercent, 0.0
0.611, ThrottleBPercent, 0.0
0.611, ThrottlePercent, 0
0.611, BrakePercent, 7
0.611, FrontBrakePressure, 19
0.611, SteeringAngle, -102
0.611, BrakeWhileThrottle, 0
0.611, IVT_MsgID_RX, 0
0.611, IVT_MsgCount, 6
0.611, IVT_Result_state, 0
0.611, IVT_I, -0.038
0.611, IVT_MsgID_RX, 5
0.611, IVT_MsgCount, 6
0.611, IVT_Result_state, 0
0.611, IVT_W, -2
0.611, ThrottleAReading, 2214
0.611, ThrottleBReading, 2009
0.611, BrakeReading, 1419
0.611, ThrottleAPercent, 0.0
0.611, ThrottleBPercent, 0.0
0.611, ThrottleAReading, 2214
0.611, ThrottleBReading, 2009
0.611, BrakeReading, 1418
0.611, ThrottleAPercent, 0.0
0.611, ThrottleBPercent, 0.0
0.612, ThrottlePercent, 0
0.612, BrakePercent, 6
0.612, FrontBrakePressure, 16
0.612, SteeringAngle, -102
0.612, BrakeWhileThrottle, 0
0.612, ThrottleAReading, 2214
0.612, ThrottleBReading, 2009
0.612, BrakeReading, 1418
0.612, ThrottleAPercent, 0.0
0.612, ThrottleBPercent, 0.0
0.612, VCU_wheelSpeed_RL, 0.0
0.612, VCU_wheelSpeed_RR, 0.0
0.613, ThrottleAReading, 2214
0.613, ThrottleBReading, 2009
0.613, BrakeReading, 1418
0.613, ThrottleAPercent, 0.0
0.613, ThrottleBPercent, 0.0
0.613, RLSpeedKPH, 0.0
0.613, RRSpeedKPH, 0.0
0.613, FLSpeedKPH, 0.0
0.613, FRSpeedKPH, 0.0
0.613, TCTorqueMax, 3.392
0.613, TCLeftSlip, -0.999
0.613, TCRightSlip, -0.999
0.613, TCTorqueAdjustment, 0.0
0.613, IVT_MsgID_RX, 7
0.613, IVT_MsgCount, 15
0.613, IVT_Result_state, 0
0.613, IVT_Wh, 0
0.613, ThrottleAReading, 2214
0.613, ThrottleBReading, 2009
0.613, BrakeReading, 1419
0.613, ThrottleAPercent, 0.0
0.613, ThrottleBPercent, 0.0
0.613, ThrottlePercent, 0
0.613, BrakePercent, 7
0.613, FrontBrakePressure, 19
0.613, SteeringAngle, -102
0.613, BrakeWhileThrottle, 0
0.613, IVT_MsgID_RX, 5
0.613, IVT_MsgCount, 7
0.613, IVT_Result_state, 0
0.613, IVT_W, -2
0.613, BMU_checkFailed, BSPD_FAILED
0.613, BMU_InterlockInitialized, 0
0.613, IVT_MsgID_RX, 0
0.613, IVT_MsgCount, 7
0.613, IVT_Result_state, 0
0.613, IVT_I, -0.036000000000000004
0.613, ThrottleAReading, 2214
0.613, ThrottleBReading, 2009
0.613, BrakeReading, 1419
0.613, ThrottleAPercent, 0.0
0.613, ThrottleBPercent, 0.0
0.66, ThrottleAReading, 2214
0.66, ThrottleBReading, 2009
0.66, BrakeReading, 1419
0.66, ThrottleAPercent, 0.0
0.66, ThrottleBPercent, 0.0
0.66, AdjustedVoltageCellMuxSelect, 12
0.66, AdjustedVoltageCell37, 3.8091000000000004
0.66, AdjustedVoltageCell38, 3.9125
0.66, AdjustedVoltageCell39, 3.9017000000000004
0.661, ThrottlePercent, 0
0.661, BrakePercent, 7
0.661, FrontBrakePressure, 12
0.661, SteeringAngle, -102
0.661, BrakeWhileThrottle, 0
0.661, TempChannelMuxSelect, 12
0.661, TempChannel37, 0.0
0.661, TempChannel38, 0.0
0.661, TempChannel39, 0.0
0.661, ThrottleAReading, 2214
0.661, ThrottleBReading, 2009
0.661, BrakeReading, 1419
0.661, ThrottleAPercent, 0.0
0.661, ThrottleBPercent, 0.0
0.661, ThrottleAReading, 2214
0.661, ThrottleBReading, 2009
0.661, BrakeReading, 1419
0.661, ThrottleAPercent, 0.0
0.661, ThrottleBPercent, 0.0
0.661, VoltageBusHV, 80.97
0.661, VoltageCellMax, 4.0123
0.661, VoltageCellMin, 3.8053000000000003
0.661, CurrentBusHV, 0.0
0.661, ThrottleAReading, 2214
0.661, ThrottleBReading, 2009
0.661, BrakeReading, 1418
0.661, ThrottleAPercent, 0.0
0.661, ThrottleBPercent, 0.0
0.661, ThrottlePercent, 0
0.661, BrakePercent, 6
0.661, FrontBrakePressure, 13
0.661, SteeringAngle, -102
0.661, BrakeWhileThrottle, 0
0.661, AMS_PackVoltage, 538.42
0.661, IVT_MsgID_RX, 1
0.661, IVT_MsgCount, 8
0.661, IVT_Result_state, 0
0.661, IVT_U1, 80.16
0.661, IVT_MsgID_RX, 2
0.661, IVT_MsgCount, 8
0.661, IVT_Result_state, 0
0.661, IVT_U2, 0.5630000000000001
0.661, IVT_MsgID_RX, 3
0.661, IVT_MsgCount, 8
0.661, IVT_Result_state, 0
0.661, IVT_U3, 0.037
0.661, IVT_MsgID_RX, 5
0.661, IVT_MsgCount, 8
0.661, IVT_Result_state, 0
0.661, IVT_W, -3
0.661, IVT_MsgID_RX, 0
0.661, IVT_MsgCount, 8
0.661, IVT_Result_state, 0
0.661, IVT_I, -0.044
0.661, ThrottleAReading, 2214
0.661, ThrottleBReading, 2009
0.661, BrakeReading, 1418
0.661, ThrottleAPercent, 0.0
0.661, ThrottleBPercent, 0.0
0.662, ThrottleAReading, 2214
0.662, ThrottleBReading, 2009
0.662, BrakeReading, 1419
0.662, ThrottleAPercent, 0.0
0.662, ThrottleBPercent, 0.0
0.662, IVT_MsgID_RX, 7
0.662, IVT_MsgCount, 0
0.662, IVT_Result_state, 0
0.662, IVT_Wh, 0
0.662, VCU_wheelSpeed_RL, 0.0
0.662, VCU_wheelSpeed_RR, 0.0
0.662, ThrottlePercent, 0
0.662, BrakePercent, 7
0.662, FrontBrakePressure, 19
0.662, SteeringAngle, -102
0.662, BrakeWhileThrottle, 0
0.662, ThrottleAReading, 2214
0.662, ThrottleBReading, 2009
0.662, BrakeReading, 1419
0.662, ThrottleAPercent, 0.0
0.662, ThrottleBPercent, 0.0
0.662, RLSpeedKPH, 0.0
0.662, RRSpeedKPH, 0.0
0.662, FLSpeedKPH, 0.0
0.662, FRSpeedKPH, 0.0
0.662, TCTorqueMax, 3.392
0.662, TCLeftSlip, -0.999
0.662, TCRightSlip, -0.999
0.662, TCTorqueAdjustment, 0.0
0.662, ThrottleAReading, 2214
0.662, ThrottleBReading, 2008
0.662, BrakeReading, 1419
0.662, ThrottleAPercent, 0.0
0.662, ThrottleBPercent, 0.0
0.662, ThrottleAReading, 2214
0.662, ThrottleBReading, 2008
0.662, BrakeReading, 1419
0.662, ThrottleAPercent, 0.0
0.662, ThrottleBPercent, 0.0
0.662, ThrottlePercent, 0
0.662, BrakePercent, 7
0.662, FrontBrakePressure, 19
0.662, SteeringAngle, -102
0.662, BrakeWhileThrottle, 0
0.662, IVT_MsgID_RX, 5
0.662, IVT_MsgCount, 9
0.662, IVT_Result_state, 0
0.662, IVT_W, -3
0.662, IVT_MsgID_RX, 0
0.662, IVT_MsgCount, 9
0.662, IVT_Result_state, 0
0.662, IVT_I, -0.036000000000000004
0.662, ThrottleAReading, 2215
0.662, ThrottleBReading, 2008
0.662, BrakeReading, 1419
0.662, ThrottleAPercent, 0.0
0.662, ThrottleBPercent, 0.0
0.662, ThrottleAReading, 2215
0.662, ThrottleBReading, 2008
0.662, BrakeReading, 1419
0.662, ThrottleAPercent, 0.0
0.662, ThrottleBPercent, 0.0
0.663, ThrottlePercent, 0
0.663, BrakePercent, 7
0.663, FrontBrakePressure, 14
0.663, SteeringAngle, -102
0.663, BrakeWhileThrottle, 0
0.664, ThrottleAReading, 2215
0.664, ThrottleBReading, 2008
0.664, BrakeReading, 1419
0.664, ThrottleAPercent, 0.0
0.664, ThrottleBPercent, 0.0
0.71, ThrottleAReading, 2215
0.71, ThrottleBReading, 2008
0.71, BrakeReading, 1419
0.71, ThrottleAPercent, 0.0
0.71, ThrottleBPercent, 0.0
0.71, IVT_MsgID_RX, 7
0.71, IVT_MsgCount, 1
0.71, IVT_Result_state, 0
0.71, IVT_Wh, 0
0.71, ThrottleAReading, 2215
0.71, ThrottleBReading, 2007
0.71, BrakeReading, 1419
0.71, ThrottleAPercent, 0.0
0.71, ThrottleBPercent, 0.0
0.71, ThrottlePercent, 0
0.71, BrakePercent, 7
0.71, FrontBrakePressure, 12
0.71, SteeringAngle, -102
0.71, BrakeWhileThrottle, 0
0.71, IVT_MsgID_RX, 5
0.71, IVT_MsgCount, 10
0.71, IVT_Result_state, 0
0.71, IVT_W, -3
0.71, IVT_MsgID_RX, 0
0.71, IVT_MsgCount, 10
0.71, IVT_Result_state, 0
0.71, IVT_I, -0.04
0.71, ThrottleAReading, 2215
0.71, ThrottleBReading, 2007
0.71, BrakeReading, 1419
0.71, ThrottleAPercent, 0.0
0.71, ThrottleBPercent, 0.0
0.71, StateBatteryChargeHV, 98.80000000000001
0.71, StateBatteryHealthHV, 0.0
0.71, StateBatteryPowerHV, 350.3
0.71, TempCellMax, 156.0
0.71, TempCellMin, 60.0
0.71, StateBMS, Wait_System_Up
0.71, HighestTempThermistor, 0
0.71, VoltageCellMuxSelect, 13
0.71, VoltageCell40, 3.9064
0.71, VoltageCell41, 3.8265000000000002
0.71, VoltageCell42, 3.8406000000000002
0.71, VCU_wheelSpeed_RL, 0.0
0.71, VCU_wheelSpeed_RR, 0.0
0.71, AdjustedVoltageCellMuxSelect, 13
0.71, AdjustedVoltageCell40, 3.9040000000000004
0.71, AdjustedVoltageCell41, 3.8228
0.71, AdjustedVoltageCell42, 3.8384
0.71, RLSpeedKPH, 0.0
0.71, RRSpeedKPH, 0.0
0.71, FLSpeedKPH, 0.0
0.71, FRSpeedKPH, 0.0
0.71, ChannelCurrentRadiator, 0.201
0.71, ChannelCurrentAccFan, 0.214
0.71, ChannelCurrentPump1, 0.0
0.71, ChannelCurrentPump2, 0.214
0.71, ChannelCurrentAUX1, 0.0
0.71, ChannelCurrentAUX2, 0.214
0.71, ChannelCurrentAUX3, 0.0
0.71, ChannelCurrentAUX4, 0.187
0.711, ThrottleAReading, 2215
0.711, ThrottleBReading, 2007
0.711, BrakeReading, 1419
0.711, ThrottleAPercent, 0.0
0.711, ThrottleBPercent, 0.0
0.711, ChannelCurrentBrakeLight, 0.0
0.711, ChannelCurrentInverter, 0.0
0.711, ChannelCurrentBMU, 0.684
0.711, ChannelCurrentCDU, 0.362
0.711, ChannelCurrentTCU, 0.375
0.711, ChannelCurrentWSB, 0.671
0.711, TempChannelMuxSelect, 13
0.711, TempChannel40, 0.0
0.711, TempChannel41, 0.0
0.711, TempChannel42, 27.430000000000007
0.711, TCTorqueMax, 3.392
0.711, TCLeftSlip, -0.999
0.711, TCRightSlip, -0.999
0.711, TCTorqueAdjustment, 0.0
0.711, ThrottlePercent, 0
0.711, BrakePercent, 7
0.711, FrontBrakePressure, 19
0.711, SteeringAngle, -102
0.711, BrakeWhileThrottle, 0
0.711, ThrottleAReading, 2215
0.711, ThrottleBReading, 2007
0.711, BrakeReading, 1419
0.711, ThrottleAPercent, 0.0
0.711, ThrottleBPercent, 0.0
0.711, ThrottleAReading, 2215
0.711, ThrottleBReading, 2007
0.711, BrakeReading, 1419
0.711, ThrottleAPercent, 0.0
0.711, ThrottleBPercent, 0.0
0.711, ThrottleAReading, 2216
0.711, ThrottleBReading, 2007
0.711, BrakeReading, 1419
0.711, ThrottleAPercent, 0.0
0.711, ThrottleBPercent, 0.0
0.711, ThrottlePercent, 0
0.711, BrakePercent, 7
0.711, FrontBrakePressure, 12
0.711, SteeringAngle, -102
0.711, BrakeWhileThrottle, 0
0.711, IVT_MsgID_RX, 1
0.711, IVT_MsgCount, 9
0.711, IVT_Result_state, 0
0.711, IVT_U1, 79.118
0.711, IVT_MsgID_RX, 2
0.711, IVT_MsgCount, 9
0.711, IVT_Result_state, 0
0.711, IVT_U2, 0.182
0.711, IVT_MsgID_RX, 3
0.711, IVT_MsgCount, 9
0.711, IVT_Result_state, 0
0.711, IVT_U3, 0.004
0.711, IVT_MsgID_RX, 5
0.711, IVT_MsgCount, 11
0.711, IVT_Result_state, 0
0.711, IVT_W, -3
0.712, IVT_MsgID_RX, 0
0.712, IVT_MsgCount, 11
0.712, IVT_Result_state, 0
0.712, IVT_I, -0.038
0.713, ThrottleAReading, 2216
0.713, ThrottleBReading, 2007
0.713, BrakeReading, 1419
0.713, ThrottleAPercent, 0.0
0.713, ThrottleBPercent, 0.0
0.713, IVT_MsgID_RX, 7
0.713, IVT_MsgCount, 2
0.713, IVT_Result_state, 0
0.713, IVT_Wh, 0
0.713, ThrottleAReading, 2216
0.713, ThrottleBReading, 2007
0.713, BrakeReading, 1419
0.713, ThrottleAPercent, 0.0
0.713, ThrottleBPercent, 0.0
0.713, ThrottlePercent, 0
0.713, BrakePercent, 7
0.713, FrontBrakePressure, 16
0.713, SteeringAngle, -102
0.713, BrakeWhileThrottle, 0
0.713, ThrottleAReading, 2216
0.713, ThrottleBReading, 2007
0.713, BrakeReading, 1419
0.713, ThrottleAPercent, 0.0
0.713, ThrottleBPercent, 0.0
0.713, ThrottleAReading, 2216
0.713, ThrottleBReading, 2007
0.713, BrakeReading, 1419
0.713, ThrottleAPercent, 0.0
0.713, ThrottleBPercent, 0.0
0.713, ThrottleAReading, 2216
0.713, ThrottleBReading, 2007
0.713, BrakeReading, 1419
0.713, ThrottleAPercent, 0.0
0.713, ThrottleBPercent, 0.0
0.713, ThrottlePercent, 0
0.713, BrakePercent, 7
0.713, FrontBrakePressure, 17
0.713, SteeringAngle, -102
0.713, BrakeWhileThrottle, 0
0.713, VCU_wheelSpeed_RL, 0.0
0.713, VCU_wheelSpeed_RR, 0.0
0.713, IVT_MsgID_RX, 5
0.713, IVT_MsgCount, 12
0.713, IVT_Result_state, 0
0.713, IVT_W, -3
0.713, RLSpeedKPH, 0.0
0.713, RRSpeedKPH, 0.0
0.713, FLSpeedKPH, 0.0
0.713, FRSpeedKPH, 0.0
0.713, IVT_MsgID_RX, 0
0.713, IVT_MsgCount, 12
0.713, IVT_Result_state, 0
0.713, IVT_I, -0.038
0.713, ThrottleAReading, 2216
0.713, ThrottleBReading, 2007
0.713, BrakeReading, 1419
0.713, ThrottleAPercent, 0.0
0.713, ThrottleBPercent, 0.0
0.713, TCTorqueMax, 3.392
0.713, TCLeftSlip, -0.999
0.713, TCRightSlip, -0.999
0.713, TCTorqueAdjustment, 0.0
0.714, BMU_checkFailed, BSPD_FAILED
0.714, BMU_InterlockInitialized, 0
0.714, VoltageCellMuxSelect, 14
0.714, VoltageCell43, 3.8414
0.714, VoltageCell44, 3.8400000000000003
0.714, VoltageCell45, 3.8416
0.76, AdjustedVoltageCellMuxSelect, 14
0.76, AdjustedVoltageCell43, 3.8392000000000004
0.76, AdjustedVoltageCell44, 3.8378
0.76, AdjustedVoltageCell45, 3.8393
0.76, ThrottleAReading, 2216
0.76, ThrottleBReading, 2007
0.76, BrakeReading, 1419
0.76, ThrottleAPercent, 0.0
0.76, ThrottleBPercent, 0.0
0.76, ThrottlePercent, 0
0.76, BrakePercent, 7
0.76, FrontBrakePressure, 13
0.76, SteeringAngle, -102
0.76, BrakeWhileThrottle, 0
0.76, TempChannelMuxSelect, 14
0.76, TempChannel43, 27.370000000000005
0.76, TempChannel44, 26.790000000000006
0.76, TempChannel45, 28.02000000000001
0.76, ThrottleAReading, 2216
0.76, ThrottleBReading, 2007
0.76, BrakeReading, 1419
0.76, ThrottleAPercent, 0.0
0.76, ThrottleBPercent, 0.0
0.76, ThrottleAReading, 2216
0.76, ThrottleBReading, 2007
0.76, BrakeReading, 1419
0.76, ThrottleAPercent, 0.0
0.76, ThrottleBPercent, 0.0
0.76, IVT_MsgID_RX, 7
0.76, IVT_MsgCount, 3
0.76, IVT_Result_state, 0
0.76, IVT_Wh, 0
0.76, ThrottleAReading, 2216
0.76, ThrottleBReading, 2007
0.76, BrakeReading, 1419
0.76, ThrottleAPercent, 0.0
0.76, ThrottleBPercent, 0.0
0.76, ThrottlePercent, 0
0.76, BrakePercent, 7
0.76, FrontBrakePressure, 21
0.76, SteeringAngle, -102
0.76, BrakeWhileThrottle, 0
0.76, IVT_MsgID_RX, 5
0.76, IVT_MsgCount, 13
0.76, IVT_Result_state, 0
0.76, IVT_W, -3
0.76, IVT_MsgID_RX, 0
0.76, IVT_MsgCount, 13
0.76, IVT_Result_state, 0
0.76, IVT_I, -0.035
0.76, VoltageBusHV, 79.11
0.76, VoltageCellMax, 4.0121
0.76, VoltageCellMin, 3.8056
0.76, CurrentBusHV, 0.0
0.761, ThrottleAReading, 2216
0.761, ThrottleBReading, 2007
0.761, BrakeReading, 1419
0.761, ThrottleAPercent, 0.0
0.761, ThrottleBPercent, 0.0
0.761, AMS_PackVoltage, 538.46
0.761, ThrottleAReading, 2216
0.761, ThrottleBReading, 2008
0.761, BrakeReading, 1419
0.761, ThrottleAPercent, 0.0
0.761, ThrottleBPercent, 0.0
0.761, ThrottlePercent, 0
0.761, BrakePercent, 7
0.761, FrontBrakePressure, 20
0.761, SteeringAngle, -102
0.761, BrakeWhileThrottle, 0
0.761, ThrottleAReading, 2216
0.761, ThrottleBReading, 2009
0.761, BrakeReading, 1419
0.761, ThrottleAPercent, 0.0
0.761, ThrottleBPercent, 0.0
0.761, VCU_wheelSpeed_RL, 0.0
0.761, VCU_wheelSpeed_RR, 0.0
0.761, ThrottleAReading, 2216
0.761, ThrottleBReading, 2009
0.761, BrakeReading, 1419
0.761, ThrottleAPercent, 0.0
0.761, ThrottleBPercent, 0.0
0.761, RLSpeedKPH, 0.0
0.761, RRSpeedKPH, 0.0
0.761, FLSpeedKPH, 0.0
0.761, FRSpeedKPH, 0.0
0.761, TCTorqueMax, 3.392
0.761, TCLeftSlip, -0.999
0.761, TCRightSlip, -0.999
0.761, TCTorqueAdjustment, 0.0
0.761, ThrottleAReading, 2216
0.761, ThrottleBReading, 2009
0.761, BrakeReading, 1418
0.761, ThrottleAPercent, 0.0
0.761, ThrottleBPercent, 0.0
0.761, ThrottlePercent, 0
0.761, BrakePercent, 6
0.761, FrontBrakePressure, 12
0.761, SteeringAngle, -102
0.761, BrakeWhileThrottle, 0
0.761, IVT_MsgID_RX, 1
0.761, IVT_MsgCount, 10
0.761, IVT_Result_state, 0
0.761, IVT_U1, 78.018
0.761, IVT_MsgID_RX, 2
0.761, IVT_MsgCount, 10
0.761, IVT_Result_state, 0
0.761, IVT_U2, 1.02
0.761, IVT_MsgID_RX, 3
0.761, IVT_MsgCount, 10
0.761, IVT_Result_state, 0
0.761, IVT_U3, 0.047
0.761, IVT_MsgID_RX, 5
0.761, IVT_MsgCount, 14
0.761, IVT_Result_state, 0
0.761, IVT_W, -2
0.765, IVT_MsgID_RX, 0
0.765, IVT_MsgCount, 14
0.765, IVT_Result_state, 0
0.765, IVT_I, -0.037
0.765, ThrottleAReading, 2216
0.765, ThrottleBReading, 2009
0.765, BrakeReading, 1418
0.765, ThrottleAPercent, 0.0
0.765, ThrottleBPercent, 0.0
0.765, IVT_MsgID_RX, 7
0.765, IVT_MsgCount, 4
0.765, IVT_Result_state, 0
0.765, IVT_Wh, 0
0.765, ThrottleAReading, 2216
0.765, ThrottleBReading, 2009
0.765, BrakeReading, 1419
0.765, ThrottleAPercent, 0.0
0.765, ThrottleBPercent, 0.0
0.765, ThrottlePercent, 0
0.765, BrakePercent, 7
0.765, FrontBrakePressure, 19
0.765, SteeringAngle, -102
0.765, BrakeWhileThrottle, 0
0.765, ThrottleAReading, 2216
0.765, ThrottleBReading, 2009
0.765, BrakeReading, 1419
0.765, ThrottleAPercent, 0.0
0.765, ThrottleBPercent, 0.0
0.765, VoltageCellMuxSelect, 15
0.765, VoltageCell46, 3.8435
0.765, VoltageCell47, 3.8238000000000003
0.765, VoltageCell48, 4.0136
0.81, ThrottleAReading, 2216
0.81, ThrottleBReading, 2009
0.81, BrakeReading, 1419
0.81, ThrottleAPercent, 0.0
0.81, ThrottleBPercent, 0.0
0.81, ThrottleAReading, 2216
0.81, ThrottleBReading, 2009
0.81, BrakeReading, 1419
0.81, ThrottleAPercent, 0.0
0.81, ThrottleBPercent, 0.0
0.81, ThrottlePercent, 0
0.81, BrakePercent, 7
0.81, FrontBrakePressure, 13
0.81, SteeringAngle, -102
0.81, BrakeWhileThrottle, 0
0.81, IVT_MsgID_RX, 5
0.81, IVT_MsgCount, 15
0.81, IVT_Result_state, 0
0.81, IVT_W, -2
0.81, IVT_MsgID_RX, 0
0.81, IVT_MsgCount, 15
0.81, IVT_Result_state, 0
0.81, IVT_I, -0.035
0.81, ThrottleAReading, 2216
0.81, ThrottleBReading, 2009
0.81, BrakeReading, 1419
0.81, ThrottleAPercent, 0.0
0.81, ThrottleBPercent, 0.0
0.81, ChannelCurrentRadiator, 0.201
0.81, ChannelCurrentAccFan, 0.214
0.81, ChannelCurrentPump1, 0.0
0.81, ChannelCurrentPump2, 0.187
0.81, ChannelCurrentAUX1, 0.0
0.81, ChannelCurrentAUX2, 0.201
0.81, ChannelCurrentAUX3, 0.0
0.81, ChannelCurrentAUX4, 0.214
0.811, ThrottleAReading, 2216
0.811, ThrottleBReading, 2009
0.811, BrakeReading, 1419
0.811, ThrottleAPercent, 0.0
0.811, ThrottleBPercent, 0.0
0.811, ChannelCurrentBrakeLight, 0.0
0.811, ChannelCurrentInverter, 0.0
0.811, ChannelCurrentBMU, 0.577
0.811, ChannelCurrentCDU, 0.362
0.811, ChannelCurrentTCU, 0.362
0.811, ChannelCurrentWSB, 0.671
0.811, VCU_wheelSpeed_RL, 0.0
0.811, VCU_wheelSpeed_RR, 0.0
0.811, ThrottlePercent, 0
0.811, BrakePercent, 7
0.811, FrontBrakePressure, 12
0.811, SteeringAngle, -102
0.811, BrakeWhileThrottle, 0
0.811, ThrottleAReading, 2216
0.811, ThrottleBReading, 2009
0.811, BrakeReading, 1419
0.811, ThrottleAPercent, 0.0
0.811, ThrottleBPercent, 0.0
0.811, RLSpeedKPH, 0.0
0.811, RRSpeedKPH, 0.0
0.811, FLSpeedKPH, 0.0
0.811, FRSpeedKPH, 0.0
0.811, TCTorqueMax, 3.392
0.811, TCLeftSlip, -0.999
0.811, TCRightSlip, -0.999
0.811, TCTorqueAdjustment, 0.0
0.811, ThrottleAReading, 2216
0.811, ThrottleBReading, 2009
0.811, BrakeReading, 1419
0.811, ThrottleAPercent, 0.0
0.811, ThrottleBPercent, 0.0
0.811, IVT_MsgID_RX, 7
0.811, IVT_MsgCount, 5
0.811, IVT_Result_state, 0
0.811, IVT_Wh, 0
0.811, StateBatteryChargeHV, 98.80000000000001
0.811, StateBatteryHealthHV, 0.0
0.811, StateBatteryPowerHV, 350.3
0.811, TempCellMax, 156.0
0.811, TempCellMin, 60.0
0.811, StateBMS, Wait_System_Up
0.811, HighestTempThermistor, 0
0.811, AdjustedVoltageCellMuxSelect, 15
0.811, AdjustedVoltageCell46, 3.841
0.811, AdjustedVoltageCell47, 3.8207
0.811, AdjustedVoltageCell48, 4.0113
0.811, IVT_MsgID_RX, 5
0.811, IVT_MsgCount, 0
0.811, IVT_Result_state, 0
0.811, IVT_W, -2
0.811, ThrottleAReading, 2216
0.811, ThrottleBReading, 2009
0.811, BrakeReading, 1419
0.811, ThrottleAPercent, 0.0
0.811, ThrottleBPercent, 0.0
0.844, ThrottlePercent, 0
0.844, BrakePercent, 7
0.844, FrontBrakePressure, 21
0.844, SteeringAngle, -102
0.844, BrakeWhileThrottle, 0
0.844, TempChannelMuxSelect, 15
0.844, TempChannel46, 26.680000000000007
0.844, TempChannel47, 27.070000000000007
0.844, TempChannel48, 0.0
0.844, IVT_MsgID_RX, 0
0.844, IVT_MsgCount, 0
0.844, IVT_Result_state, 0
0.844, IVT_I, -0.037
0.844, ThrottleAReading, 2216
0.844, ThrottleBReading, 2009
0.844, BrakeReading, 1419
0.844, ThrottleAPercent, 0.0
0.844, ThrottleBPercent, 0.0
0.844, ThrottleAReading, 2216
0.844, ThrottleBReading, 2009
0.844, BrakeReading, 1419
0.844, ThrottleAPercent, 0.0
0.844, ThrottleBPercent, 0.0
0.844, ThrottlePercent, 0
0.844, BrakePercent, 7
0.844, FrontBrakePressure, 15
0.844, SteeringAngle, -102
0.844, BrakeWhileThrottle, 0
0.844, ThrottleAReading, 2216
0.844, ThrottleBReading, 2009
0.844, BrakeReading, 1419
0.844, ThrottleAPercent, 0.0
0.844, ThrottleBPercent, 0.0
0.844, ThrottleAReading, 2216
0.844, ThrottleBReading, 2009
0.844, BrakeReading, 1419
0.844, ThrottleAPercent, 0.0
0.844, ThrottleBPercent, 0.0
0.844, IVT_MsgID_RX, 1
0.844, IVT_MsgCount, 11
0.844, IVT_Result_state, 0
0.844, IVT_U1, 76.726
0.844, IVT_MsgID_RX, 2
0.844, IVT_MsgCount, 11
0.844, IVT_Result_state, 0
0.844, IVT_U2, 0.505
0.844, ThrottleAReading, 2216
0.844, ThrottleBReading, 2009
0.844, BrakeReading, 1419
0.844, ThrottleAPercent, 0.0
0.844, ThrottleBPercent, 0.0
0.845, ThrottlePercent, 0
0.845, BrakePercent, 7
0.845, FrontBrakePressure, 11
0.845, SteeringAngle, -102
0.845, BrakeWhileThrottle, 0
0.845, IVT_MsgID_RX, 3
0.845, IVT_MsgCount, 11
0.845, IVT_Result_state, 0
0.845, IVT_U3, 0.022
0.845, IVT_MsgID_RX, 5
0.845, IVT_MsgCount, 1
0.845, IVT_Result_state, 0
0.845, IVT_W, -3
0.845, IVT_MsgID_RX, 0
0.845, IVT_MsgCount, 1
0.845, IVT_Result_state, 0
0.845, IVT_I, -0.04
0.846, BMU_checkFailed, BSPD_FAILED
0.846, BMU_InterlockInitialized, 0
0.846, VoltageCellMuxSelect, 16
0.846, VoltageCell49, 3.9798
0.846, VoltageCell50, 3.9784
0.846, VoltageCell51, 3.8227
0.846, ThrottleAReading, 2216
0.846, ThrottleBReading, 2010
0.846, BrakeReading, 1419
0.846, ThrottleAPercent, 0.0
0.846, ThrottleBPercent, 0.0
0.846, VCU_wheelSpeed_RL, 0.0
0.846, VCU_wheelSpeed_RR, 0.0
0.86, IVT_MsgID_RX, 7
0.86, IVT_MsgCount, 6
0.86, IVT_Result_state, 0
0.86, IVT_Wh, 0
0.86, RLSpeedKPH, 0.0
0.86, RRSpeedKPH, 0.0
0.86, FLSpeedKPH, 0.0
0.86, FRSpeedKPH, 0.0
0.86, ThrottleAReading, 2216
0.86, ThrottleBReading, 2010
0.86, BrakeReading, 1419
0.86, ThrottleAPercent, 0.0
0.86, ThrottleBPercent, 0.0
0.86, AdjustedVoltageCellMuxSelect, 16
0.86, AdjustedVoltageCell49, 3.9769
0.86, AdjustedVoltageCell50, 3.9754
0.86, AdjustedVoltageCell51, 3.8196000000000003
0.86, TCTorqueMax, 3.392
0.86, TCLeftSlip, -0.999
0.86, TCRightSlip, -0.999
0.86, TCTorqueAdjustment, 0.0
0.86, ThrottlePercent, 0
0.86, BrakePercent, 7
0.86, FrontBrakePressure, 12
0.86, SteeringAngle, -102
0.86, BrakeWhileThrottle, 0
0.86, TempChannelMuxSelect, 16
0.86, TempChannel49, 0.0
0.86, TempChannel50, 0.0
0.86, TempChannel51, 0.0
0.86, ThrottleAReading, 2216
0.86, ThrottleBReading, 2010
0.86, BrakeReading, 1419
0.86, ThrottleAPercent, 0.0
0.86, ThrottleBPercent, 0.0
0.86, ThrottleAReading, 2216
0.86, ThrottleBReading, 2010
0.86, BrakeReading, 1419
0.86, ThrottleAPercent, 0.0
0.86, ThrottleBPercent, 0.0
0.86, IVT_MsgID_RX, 5
0.86, IVT_MsgCount, 2
0.86, IVT_Result_state, 0
0.86, IVT_W, -3
0.86, ThrottleAReading, 2216
0.86, ThrottleBReading, 2010
0.86, BrakeReading, 1419
0.86, ThrottleAPercent, 0.0
0.86, ThrottleBPercent, 0.0
0.861, ThrottlePercent, 0
0.861, BrakePercent, 7
0.861, FrontBrakePressure, 18
0.861, SteeringAngle, -102
0.861, BrakeWhileThrottle, 0
0.861, IVT_MsgID_RX, 0
0.861, IVT_MsgCount, 2
0.861, IVT_Result_state, 0
0.861, IVT_I, -0.034
0.861, ThrottleAReading, 2216
0.861, ThrottleBReading, 2010
0.861, BrakeReading, 1419
0.861, ThrottleAPercent, 0.0
0.861, ThrottleBPercent, 0.0
0.861, VoltageBusHV, 76.72
0.861, VoltageCellMax, 4.0136
0.861, VoltageCellMin, 3.8059000000000003
0.861, CurrentBusHV, 0.0
0.861, AMS_PackVoltage, 538.49
0.861, ThrottleAReading, 2216
0.861, ThrottleBReading, 2010
0.861, BrakeReading, 1419
0.861, ThrottleAPercent, 0.0
0.861, ThrottleBPercent, 0.0
0.861, ThrottlePercent, 0
0.861, BrakePercent, 7
0.861, FrontBrakePressure, 15
0.861, SteeringAngle, -102
0.861, BrakeWhileThrottle, 0
0.861, ThrottleAReading, 2216
0.861, ThrottleBReading, 2010
0.861, BrakeReading, 1419
0.861, ThrottleAPercent, 0.0
0.861, ThrottleBPercent, 0.0
0.861, IVT_MsgID_RX, 7
0.861, IVT_MsgCount, 7
0.861, IVT_Result_state, 0
0.861, IVT_Wh, 0
0.861, ThrottleAReading, 2216
0.861, ThrottleBReading, 2010
0.861, BrakeReading, 1419
0.861, ThrottleAPercent, 0.0
0.861, ThrottleBPercent, 0.0
0.861, IVT_MsgID_RX, 5
0.861, IVT_MsgCount, 3
0.861, IVT_Result_state, 0
0.861, IVT_W, -2
0.861, ThrottleAReading, 2216
0.861, ThrottleBReading, 2010
0.861, BrakeReading, 1419
0.861, ThrottleAPercent, 0.0
0.861, ThrottleBPercent, 0.0
0.861, ThrottlePercent, 0
0.861, BrakePercent, 7
0.861, FrontBrakePressure, 13
0.861, SteeringAngle, -102
0.861, BrakeWhileThrottle, 0
0.861, VCU_wheelSpeed_RL, 0.0
0.861, VCU_wheelSpeed_RR, 0.0
0.862, IVT_MsgID_RX, 0
0.862, IVT_MsgCount, 3
0.862, IVT_Result_state, 0
0.862, IVT_I, -0.036000000000000004
0.862, RLSpeedKPH, 0.0
0.862, RRSpeedKPH, 0.0
0.862, FLSpeedKPH, 0.0
0.862, FRSpeedKPH, 0.0
0.862, ThrottleAReading, 2216
0.862, ThrottleBReading, 2011
0.862, BrakeReading, 1419
0.862, ThrottleAPercent, 0.0
0.862, ThrottleBPercent, 0.0
0.862, TCTorqueMax, 3.392
0.862, TCLeftSlip, -0.999
0.862, TCRightSlip, -0.999
0.862, TCTorqueAdjustment, 0.0
0.862, ThrottleAReading, 2216
0.862, ThrottleBReading, 2012
0.862, BrakeReading, 1419
0.862, ThrottleAPercent, 0.0
0.862, ThrottleBPercent, 0.0
0.862, ThrottlePercent, 0
0.862, BrakePercent, 7
0.862, FrontBrakePressure, 19
0.862, SteeringAngle, -102
0.862, BrakeWhileThrottle, 0
0.863, ThrottleAReading, 2217
0.863, ThrottleBReading, 2012
0.863, BrakeReading, 1419
0.863, ThrottleAPercent, 0.0
0.863, ThrottleBPercent, 0.0
0.863, VoltageCellMuxSelect, 17
0.863, VoltageCell52, 3.8339000000000003
0.863, VoltageCell53, 3.8339000000000003
0.863, VoltageCell54, 3.834
0.91, ThrottleAReading, 2217
0.91, ThrottleBReading, 2013
0.91, BrakeReading, 1419
0.91, ThrottleAPercent, 0.0
0.91, ThrottleBPercent, 0.0
0.91, AdjustedVoltageCellMuxSelect, 17
0.91, AdjustedVoltageCell52, 3.8306
0.91, AdjustedVoltageCell53, 3.8307
0.91, AdjustedVoltageCell54, 3.8309
0.91, IVT_MsgID_RX, 1
0.91, IVT_MsgCount, 12
0.91, IVT_Result_state, 0
0.91, IVT_U1, 74.839
0.91, IVT_MsgID_RX, 2
0.91, IVT_MsgCount, 12
0.91, IVT_Result_state, 0
0.91, IVT_U2, 0.28800000000000003
0.91, IVT_MsgID_RX, 3
0.91, IVT_MsgCount, 12
0.91, IVT_Result_state, 0
0.91, IVT_U3, 0.041
0.91, IVT_MsgID_RX, 5
0.91, IVT_MsgCount, 4
0.91, IVT_Result_state, 0
0.91, IVT_W, -2
0.91, ThrottleAReading, 2216
0.91, ThrottleBReading, 2013
0.91, BrakeReading, 1418
0.91, ThrottleAPercent, 0.0
0.91, ThrottleBPercent, 0.0
0.911, ThrottlePercent, 0
0.911, BrakePercent, 6
0.911, FrontBrakePressure, 19
0.911, SteeringAngle, -102
0.911, BrakeWhileThrottle, 0
0.911, IVT_MsgID_RX, 0
0.911, IVT_MsgCount, 4
0.911, IVT_Result_state, 0
0.911, IVT_I, -0.03
0.911, ThrottleAReading, 2216
0.911, ThrottleBReading, 2013
0.911, BrakeReading, 1418
0.911, ThrottleAPercent, 0.0
0.911, ThrottleBPercent, 0.0
0.911, IVT_MsgID_RX, 7
0.911, IVT_MsgCount, 8
0.911, IVT_Result_state, 0
0.911, IVT_Wh, 0
0.911, ChannelCurrentRadiator, 0.214
0.911, ChannelCurrentAccFan, 0.201
0.911, ChannelCurrentPump1, 0.0
0.911, ChannelCurrentPump2, 0.187
0.911, ChannelCurrentAUX1, 0.0
0.911, ChannelCurrentAUX2, 0.214
0.911, ChannelCurrentAUX3, 0.0
0.911, ChannelCurrentAUX4, 0.214
0.911, ThrottleAReading, 2216
0.911, ThrottleBReading, 2013
0.911, BrakeReading, 1418
0.911, ThrottleAPercent, 0.0
0.911, ThrottleBPercent, 0.0
0.911, ChannelCurrentBrakeLight, 0.0
0.911, ChannelCurrentInverter, 0.0
0.911, ChannelCurrentBMU, 0.711
0.911, ChannelCurrentCDU, 0.362
0.911, ChannelCurrentTCU, 0.375
0.911, ChannelCurrentWSB, 0.684
0.911, ThrottlePercent, 0
0.911, BrakePercent, 7
0.911, FrontBrakePressure, 14
0.911, SteeringAngle, -102
0.911, BrakeWhileThrottle, 0
0.911, ThrottleAReading, 2216
0.911, ThrottleBReading, 2013
0.911, BrakeReading, 1419
0.911, ThrottleAPercent, 0.0
0.911, ThrottleBPercent, 0.0
0.911, VCU_wheelSpeed_RL, 0.0
0.911, VCU_wheelSpeed_RR, 0.0
0.911, ThrottleAReading, 2216
0.911, ThrottleBReading, 2013
0.911, BrakeReading, 1419
0.911, ThrottleAPercent, 0.0
0.911, ThrottleBPercent, 0.0
0.911, RLSpeedKPH, 0.0
0.911, RRSpeedKPH, 0.0
0.911, FLSpeedKPH, 0.0
0.911, FRSpeedKPH, 0.0
0.911, IVT_MsgID_RX, 5
0.911, IVT_MsgCount, 5
0.911, IVT_Result_state, 0
0.911, IVT_W, -2
0.912, TCTorqueMax, 3.392
0.912, TCLeftSlip, -0.999
0.912, TCRightSlip, -0.999
0.912, TCTorqueAdjustment, 0.0
0.912, IVT_MsgID_RX, 0
0.912, IVT_MsgCount, 5
0.912, IVT_Result_state, 0
0.912, IVT_I, -0.034
0.912, ThrottlePercent, 0
0.912, BrakePercent, 7
0.912, FrontBrakePressure, 20
0.912, SteeringAngle, -102
0.912, BrakeWhileThrottle, 0
0.912, ThrottleAReading, 2216
0.912, ThrottleBReading, 2015
0.912, BrakeReading, 1419
0.912, ThrottleAPercent, 0.0
0.912, ThrottleBPercent, 0.0
0.912, ThrottleAReading, 2216
0.912, ThrottleBReading, 2016
0.912, BrakeReading, 1419
0.912, ThrottleAPercent, 0.0
0.912, ThrottleBPercent, 0.0
0.912, ThrottleAReading, 2217
0.912, ThrottleBReading, 2017
0.912, BrakeReading, 1419
0.912, ThrottleAPercent, 0.0
0.912, ThrottleBPercent, 0.0
0.912, ThrottlePercent, 0
0.912, BrakePercent, 7
0.912, FrontBrakePressure, 18
0.912, SteeringAngle, -102
0.912, BrakeWhileThrottle, 0
0.912, StateBatteryChargeHV, 98.80000000000001
0.912, StateBatteryHealthHV, 0.0
0.912, StateBatteryPowerHV, 350.3
0.912, TempCellMax, 156.0
0.912, TempCellMin, 60.0
0.912, StateBMS, Wait_System_Up
0.912, HighestTempThermistor, 0
0.912, ThrottleAReading, 2217
0.912, ThrottleBReading, 2017
0.912, BrakeReading, 1419
0.912, ThrottleAPercent, 0.0
0.912, ThrottleBPercent, 0.0
0.913, IVT_MsgID_RX, 7
0.913, IVT_MsgCount, 9
0.913, IVT_Result_state, 0
0.913, IVT_Wh, 0
0.913, ThrottleAReading, 2217
0.913, ThrottleBReading, 2018
0.913, BrakeReading, 1419
0.913, ThrottleAPercent, 0.0
0.913, ThrottleBPercent, 0.0
0.913, IVT_MsgID_RX, 5
0.913, IVT_MsgCount, 6
0.913, IVT_Result_state, 0
0.913, IVT_W, -2
0.913, IVT_MsgID_RX, 0
0.913, IVT_MsgCount, 6
0.913, IVT_Result_state, 0
0.913, IVT_I, -0.034
0.913, ThrottleAReading, 2217
0.913, ThrottleBReading, 2018
0.913, BrakeReading, 1419
0.913, ThrottleAPercent, 0.0
0.913, ThrottleBPercent, 0.0
0.914, ThrottlePercent, 0
0.914, BrakePercent, 7
0.914, FrontBrakePressure, 19
0.914, SteeringAngle, -102
0.914, BrakeWhileThrottle, 0
0.914, BMU_checkFailed, BSPD_FAILED
0.914, BMU_InterlockInitialized, 0
0.914, VoltageCellMuxSelect, 18
0.914, VoltageCell55, 3.8345000000000002
0.914, VoltageCell56, 3.8349
0.914, VoltageCell57, 3.8245
0.914, ThrottleAReading, 2216
0.914, ThrottleBReading, 2018
0.914, BrakeReading, 1419
0.914, ThrottleAPercent, 0.0
0.914, ThrottleBPercent, 0.0
0.96, ThrottleAReading, 2216
0.96, ThrottleBReading, 2018
0.96, BrakeReading, 1419
0.96, ThrottleAPercent, 0.0
0.96, ThrottleBPercent, 0.0
0.96, AdjustedVoltageCellMuxSelect, 18
0.96, AdjustedVoltageCell55, 3.8316000000000003
0.96, AdjustedVoltageCell56, 3.8321
0.96, AdjustedVoltageCell57, 3.8206
0.96, VCU_wheelSpeed_RL, 0.0
0.96, VCU_wheelSpeed_RR, 0.0
0.96, ThrottlePercent, 0
0.96, BrakePercent, 7
0.96, FrontBrakePressure, 14
0.96, SteeringAngle, -102
0.96, BrakeWhileThrottle, 0
0.96, ThrottleAReading, 2216
0.96, ThrottleBReading, 2018
0.96, BrakeReading, 1419
0.96, ThrottleAPercent, 0.0
0.96, ThrottleBPercent, 0.0
0.96, RLSpeedKPH, 0.0
0.96, RRSpeedKPH, 0.0
0.96, FLSpeedKPH, 0.0
0.96, FRSpeedKPH, 0.0
0.96, TCTorqueMax, 3.392
0.96, TCLeftSlip, -0.999
0.96, TCRightSlip, -0.999
0.96, TCTorqueAdjustment, 0.0
0.96, ThrottleAReading, 2216
0.96, ThrottleBReading, 2018
0.96, BrakeReading, 1419
0.96, ThrottleAPercent, 0.0
0.96, ThrottleBPercent, 0.0
0.96, IVT_MsgID_RX, 1
0.96, IVT_MsgCount, 13
0.96, IVT_Result_state, 0
0.96, IVT_U1, 72.99
0.96, IVT_MsgID_RX, 2
0.96, IVT_MsgCount, 13
0.96, IVT_Result_state, 0
0.96, IVT_U2, 0.34
0.96, IVT_MsgID_RX, 3
0.96, IVT_MsgCount, 13
0.96, IVT_Result_state, 0
0.96, IVT_U3, 0.024
0.961, IVT_MsgID_RX, 5
0.961, IVT_MsgCount, 7
0.961, IVT_Result_state, 0
0.961, IVT_W, -2
0.961, IVT_MsgID_RX, 0
0.961, IVT_MsgCount, 7
0.961, IVT_Result_state, 0
0.961, IVT_I, -0.03
0.961, ThrottleAReading, 2216
0.961, ThrottleBReading, 2019
0.961, BrakeReading, 1419
0.961, ThrottleAPercent, 0.0
0.961, ThrottleBPercent, 0.0
0.961, ThrottlePercent, 0
0.961, BrakePercent, 7
0.961, FrontBrakePressure, 16
0.961, SteeringAngle, -102
0.961, BrakeWhileThrottle, 0
0.961, ThrottleAReading, 2216
0.961, ThrottleBReading, 2020
0.961, BrakeReading, 1419
0.961, ThrottleAPercent, 0.0
0.961, ThrottleBPercent, 0.0
0.961, IVT_MsgID_RX, 7
0.961, IVT_MsgCount, 10
0.961, IVT_Result_state, 0
0.961, IVT_Wh, 0
0.961, ThrottleAReading, 2216
0.961, ThrottleBReading, 2021
0.961, BrakeReading, 1419
0.961, ThrottleAPercent, 0.0
0.961, ThrottleBPercent, 0.0
0.961, ThrottlePercent, 0
0.961, BrakePercent, 7
0.961, FrontBrakePressure, 13
0.961, SteeringAngle, -102
0.961, BrakeWhileThrottle, 0
0.961, VoltageBusHV, 72.99
0.961, VoltageCellMax, 4.0136
0.961, VoltageCellMin, 3.8062
0.961, CurrentBusHV, 0.0
0.961, AMS_PackVoltage, 538.54
0.961, ThrottleAReading, 2216
0.961, ThrottleBReading, 2021
0.961, BrakeReading, 1419
0.961, ThrottleAPercent, 0.0
0.961, ThrottleBPercent, 0.0
0.961, ThrottleAReading, 2215
0.961, ThrottleBReading, 2022
0.961, BrakeReading, 1419
0.961, ThrottleAPercent, 0.0
0.961, ThrottleBPercent, 0.0
0.961, IVT_MsgID_RX, 5
0.961, IVT_MsgCount, 8
0.961, IVT_Result_state, 0
0.961, IVT_W, -2
0.961, IVT_MsgID_RX, 0
0.961, IVT_MsgCount, 8
0.961, IVT_Result_state, 0
0.961, IVT_I, -0.037
0.962, ThrottleAReading, 2215
0.962, ThrottleBReading, 2022
0.962, BrakeReading, 1419
0.962, ThrottleAPercent, 0.0
0.962, ThrottleBPercent, 0.0
0.962, ThrottlePercent, 0
0.962, BrakePercent, 7
0.962, FrontBrakePressure, 14
0.962, SteeringAngle, -102
0.962, BrakeWhileThrottle, 0
0.962, ThrottleAReading, 2215
0.962, ThrottleBReading, 2022
0.962, BrakeReading, 1419
0.962, ThrottleAPercent, 0.0
0.962, ThrottleBPercent, 0.0
0.962, VCU_wheelSpeed_RL, 0.0
0.962, VCU_wheelSpeed_RR, 0.0
0.962, RLSpeedKPH, 0.0
0.962, RRSpeedKPH, 0.0
0.962, FLSpeedKPH, 0.0
0.962, FRSpeedKPH, 0.0
0.963, ThrottleAReading, 2215
0.963, ThrottleBReading, 2022
0.963, BrakeReading, 1419
0.963, ThrottleAPercent, 0.0
0.963, ThrottleBPercent, 0.0
0.963, TCTorqueMax, 3.392
0.963, TCLeftSlip, -0.999
0.963, TCRightSlip, -0.999
0.963, TCTorqueAdjustment, 0.0
0.963, ThrottlePercent, 0
0.963, BrakePercent, 7
0.963, FrontBrakePressure, 19
0.963, SteeringAngle, -102
0.963, BrakeWhileThrottle, 0
0.963, ThrottleAReading, 2215
0.963, ThrottleBReading, 2021
0.963, BrakeReading, 1419
0.963, ThrottleAPercent, 0.0
0.963, ThrottleBPercent, 0.0
0.963, VoltageCellMuxSelect, 19
0.963, VoltageCell58, 4.0077
0.963, VoltageCell59, 3.9729
0.963, VoltageCell60, 3.9793000000000003
0.963, PDU_Heartbeat_dummydata, 0
0.963, IVT_MsgID_RX, 7
0.963, IVT_MsgCount, 11
0.963, IVT_Result_state, 0
0.963, IVT_Wh, 0
0.963, CarStateIsLV, -1
0.963, CarStateIsEM, 0
0.963, CarStateIsHV, 0
1.01, AdjustedVoltageCellMuxSelect, 19
1.01, AdjustedVoltageCell58, 4.0055000000000005
1.01, AdjustedVoltageCell59, 3.9696000000000002
1.01, AdjustedVoltageCell60, 3.9761
1.042, ThrottleAReading, 2215
1.042, ThrottleBReading, 2021
1.042, BrakeReading, 1419
1.042, ThrottleAPercent, 0.0
1.042, ThrottleBPercent, 0.0
1.042, IVT_MsgID_RX, 5
1.042, IVT_MsgCount, 9
1.042, IVT_Result_state, 0
1.042, IVT_W, -2
1.042, IVT_MsgID_RX, 0
1.042, IVT_MsgCount, 9
1.042, IVT_Result_state, 0
1.042, IVT_I, -0.031
1.042, TempChannelMuxSelect, 19
1.042, TempChannel58, 27.200000000000003
1.042, TempChannel59, 26.960000000000008
1.042, TempChannel60, 27.25
1.042, ThrottleAReading, 2215
1.042, ThrottleBReading, 2021
1.042, BrakeReading, 1419
1.042, ThrottleAPercent, 0.0
1.042, ThrottleBPercent, 0.0
1.043, ThrottlePercent, 0
1.043, BrakePercent, 7
1.043, FrontBrakePressure, 19
1.043, SteeringAngle, -102
1.043, BrakeWhileThrottle, 0
1.043, ThrottleAReading, 2215
1.043, ThrottleBReading, 2021
1.043, BrakeReading, 1419
1.043, ThrottleAPercent, 0.0
1.043, ThrottleBPercent, 0.0
1.043, ChannelCurrentRadiator, 0.214
1.043, ChannelCurrentAccFan, 0.214
1.043, ChannelCurrentPump1, 0.0
1.043, ChannelCurrentPump2, 0.214
1.043, ChannelCurrentAUX1, 0.0
1.043, ChannelCurrentAUX2, 0.241
1.043, ChannelCurrentAUX3, 0.0
1.043, ChannelCurrentAUX4, 0.214
1.043, ThrottleAReading, 2215
1.043, ThrottleBReading, 2021
1.043, BrakeReading, 1419
1.043, ThrottleAPercent, 0.0
1.043, ThrottleBPercent, 0.0
1.043, ChannelCurrentBrakeLight, 0.0
1.043, ChannelCurrentInverter, 0.0
1.043, ChannelCurrentBMU, 0.684
1.043, ChannelCurrentCDU, 0.34900000000000003
1.043, ChannelCurrentTCU, 0.322
1.043, ChannelCurrentWSB, 0.657
1.043, ThrottlePercent, 0
1.043, BrakePercent, 7
1.043, FrontBrakePressure, 16
1.043, SteeringAngle, -102
1.043, BrakeWhileThrottle, 0
1.043, ThrottleAReading, 2215
1.043, ThrottleBReading, 2021
1.043, BrakeReading, 1419
1.043, ThrottleAPercent, 0.0
1.043, ThrottleBPercent, 0.0
1.043, ThrottleAReading, 2215
1.043, ThrottleBReading, 2022
1.043, BrakeReading, 1419
1.043, ThrottleAPercent, 0.0
1.043, ThrottleBPercent, 0.0
1.044, IVT_MsgID_RX, 1
1.044, IVT_MsgCount, 14
1.044, IVT_Result_state, 0
1.044, IVT_U1, 71.69
1.044, IVT_MsgID_RX, 2
1.044, IVT_MsgCount, 14
1.044, IVT_Result_state, 0
1.044, IVT_U2, 0.151
1.044, IVT_MsgID_RX, 3
1.044, IVT_MsgCount, 14
1.044, IVT_Result_state, 0
1.044, IVT_U3, 0.004
1.044, IVT_MsgID_RX, 5
1.044, IVT_MsgCount, 10
1.044, IVT_Result_state, 0
1.044, IVT_W, -2
1.044, IVT_MsgID_RX, 0
1.044, IVT_MsgCount, 10
1.044, IVT_Result_state, 0
1.044, IVT_I, -0.036000000000000004
1.044, ThrottleAReading, 2215
1.044, ThrottleBReading, 2022
1.044, BrakeReading, 1420
1.044, ThrottleAPercent, 0.0
1.044, ThrottleBPercent, 0.0
1.044, ThrottlePercent, 0
1.044, BrakePercent, 7
1.044, FrontBrakePressure, 12
1.044, SteeringAngle, -102
1.044, BrakeWhileThrottle, 0
1.044, VCU_wheelSpeed_RL, 0.0
1.044, VCU_wheelSpeed_RR, 0.0
1.044, RLSpeedKPH, 0.0
1.044, RRSpeedKPH, 0.0
1.044, FLSpeedKPH, 0.0
1.044, FRSpeedKPH, 0.0
1.044, IVT_MsgID_RX, 7
1.044, IVT_MsgCount, 12
1.044, IVT_Result_state, 0
1.044, IVT_Wh, 0
1.044, ThrottleAReading, 2215
1.044, ThrottleBReading, 2022
1.044, BrakeReading, 1420
1.044, ThrottleAPercent, 0.0
1.044, ThrottleBPercent, 0.0
1.044, TCTorqueMax, 3.392
1.044, TCLeftSlip, -0.999
1.044, TCRightSlip, -0.999
1.044, TCTorqueAdjustment, 0.0
1.044, ThrottleAReading, 2215
1.044, ThrottleBReading, 2022
1.044, BrakeReading, 1420
1.044, ThrottleAPercent, 0.0
1.044, ThrottleBPercent, 0.0
1.044, ThrottlePercent, 0
1.044, BrakePercent, 7
1.044, FrontBrakePressure, 12
1.044, SteeringAngle, -102
1.044, BrakeWhileThrottle, 0
1.045, ThrottleAReading, 2215
1.045, ThrottleBReading, 2022
1.045, BrakeReading, 1419
1.045, ThrottleAPercent, 0.0
1.045, ThrottleBPercent, 0.0
1.045, ThrottleAReading, 2215
1.045, ThrottleBReading, 2022
1.045, BrakeReading, 1419
1.045, ThrottleAPercent, 0.0
1.045, ThrottleBPercent, 0.0
1.045, IVT_MsgID_RX, 5
1.045, IVT_MsgCount, 11
1.045, IVT_Result_state, 0
1.045, IVT_W, -2
1.045, IVT_MsgID_RX, 0
1.045, IVT_MsgCount, 11
1.045, IVT_Result_state, 0
1.045, IVT_I, -0.032
1.045, VCU_Heartbeat_dummydata, 0
1.046, ThrottlePercent, 0
1.046, BrakePercent, 7
1.046, FrontBrakePressure, 11
1.046, SteeringAngle, -102
1.046, BrakeWhileThrottle, 0
1.046, ThrottleAReading, 2215
1.046, ThrottleBReading, 2022
1.046, BrakeReading, 1419
1.046, ThrottleAPercent, 0.0
1.046, ThrottleBPercent, 0.0
1.046, ThrottleAReading, 2215
1.046, ThrottleBReading, 2022
1.046, BrakeReading, 1419
1.046, ThrottleAPercent, 0.0
1.046, ThrottleBPercent, 0.0
1.046, BMU_Heartbeat_dummydata, 0
1.06, StateBatteryChargeHV, 98.80000000000001
1.06, StateBatteryHealthHV, 0.0
1.06, StateBatteryPowerHV, 112.60000000000001
1.06, TempCellMax, 28.25
1.06, TempCellMin, 0.0
1.06, StateBMS, Wait_System_Up
1.06, HighestTempThermistor, 162
1.06, FanPeriod, -36
1.06, BMU_checkFailed, BSPD_FAILED
1.06, BMU_InterlockInitialized, 0
1.06, BrakePressureBMU, 444.0
1.06, VoltageCellMuxSelect, 20
1.06, VoltageCell61, 3.8104
1.06, VoltageCell62, 3.8147
1.06, VoltageCell63, 3.8151
1.06, ThrottleAReading, 2215
1.06, ThrottleBReading, 2022
1.06, BrakeReading, 1419
1.06, ThrottleAPercent, 0.0
1.06, ThrottleBPercent, 0.0
1.061, AdjustedVoltageCellMuxSelect, 20
1.061, AdjustedVoltageCell61, 3.8066
1.061, AdjustedVoltageCell62, 3.8114000000000003
1.061, AdjustedVoltageCell63, 3.8119
1.061, ThrottlePercent, 0
1.061, BrakePercent, 7
1.061, FrontBrakePressure, 11
1.061, SteeringAngle, -102
1.061, BrakeWhileThrottle, 0
1.061, TempChannelMuxSelect, 20
1.061, TempChannel61, 24.519999999999996
1.061, TempChannel62, 26.900000000000006
1.061, TempChannel63, 0.0
1.061, ThrottleAReading, 2215
1.061, ThrottleBReading, 2022
1.061, BrakeReading, 1419
1.061, ThrottleAPercent, 0.0
1.061, ThrottleBPercent, 0.0
1.061, IVT_MsgID_RX, 7
1.061, IVT_MsgCount, 13
1.061, IVT_Result_state, 0
1.061, IVT_Wh, 0
1.061, VCU_wheelSpeed_RL, 0.0
1.061, VCU_wheelSpeed_RR, 0.0
1.061, ThrottleAReading, 2215
1.061, ThrottleBReading, 2021
1.061, BrakeReading, 1419
1.061, ThrottleAPercent, 0.0
1.061, ThrottleBPercent, 0.0
1.061, IVT_MsgID_RX, 5
1.061, IVT_MsgCount, 12
1.061, IVT_Result_state, 0
1.061, IVT_W, -2
1.061, RLSpeedKPH, 0.0
1.061, RRSpeedKPH, 0.0
1.061, FLSpeedKPH, 0.0
1.061, FRSpeedKPH, 0.0
1.061, IVT_MsgID_RX, 0
1.061, IVT_MsgCount, 12
1.061, IVT_Result_state, 0
1.061, IVT_I, -0.034
1.061, TCTorqueMax, 3.392
1.061, TCLeftSlip, -0.999
1.061, TCRightSlip, -0.999
1.061, TCTorqueAdjustment, 0.0
1.061, ThrottleAReading, 2215
1.061, ThrottleBReading, 2021
1.061, BrakeReading, 1419
1.061, ThrottleAPercent, 0.0
1.061, ThrottleBPercent, 0.0
1.061, ThrottlePercent, 0
1.061, BrakePercent, 7
1.061, FrontBrakePressure, 14
1.061, SteeringAngle, -102
1.061, BrakeWhileThrottle, 0
1.061, ThrottleAReading, 2215
1.061, ThrottleBReading, 2021
1.061, BrakeReading, 1419
1.061, ThrottleAPercent, 0.0
1.061, ThrottleBPercent, 0.0
1.061, ThrottleAReading, 2215
1.061, ThrottleBReading, 2021
1.061, BrakeReading, 1419
1.061, ThrottleAPercent, 0.0
1.061, ThrottleBPercent, 0.0
1.062, ThrottlePercent, 0
1.062, BrakePercent, 7
1.062, FrontBrakePressure, 16
1.062, SteeringAngle, -102
1.062, BrakeWhileThrottle, 0
1.062, ThrottleAReading, 2215
1.062, ThrottleBReading, 2021
1.062, BrakeReading, 1420
1.062, ThrottleAPercent, 0.0
1.062, ThrottleBPercent, 0.0
1.062, VoltageBusHV, 71.69
1.062, VoltageCellMax, 4.0138
1.062, VoltageCellMin, 3.8066
1.062, CurrentBusHV, 0.0
1.062, AMS_PackVoltage, 538.58
1.062, IVT_MsgID_RX, 1
1.062, IVT_MsgCount, 15
1.062, IVT_Result_state, 0
1.062, IVT_U1, 70.623
1.062, ThrottleAReading, 2215
1.062, ThrottleBReading, 2021
1.062, BrakeReading, 1420
1.062, ThrottleAPercent, 0.0
1.062, ThrottleBPercent, 0.0
1.062, IVT_MsgID_RX, 2
1.062, IVT_MsgCount, 15
1.062, IVT_Result_state, 0
1.062, IVT_U2, 0.34900000000000003
1.062, IVT_MsgID_RX, 3
1.062, IVT_MsgCount, 15
1.062, IVT_Result_state, 0
1.062, IVT_U3, 0.016
1.063, IVT_MsgID_RX, 5
1.063, IVT_MsgCount, 13
1.063, IVT_Result_state, 0
1.063, IVT_W, -2
1.063, IVT_MsgID_RX, 0
1.063, IVT_MsgCount, 13
1.063, IVT_Result_state, 0
1.063, IVT_I, -0.032
1.063, ThrottleAReading, 2215
1.063, ThrottleBReading, 2021
1.063, BrakeReading, 1420
1.063, ThrottleAPercent, 0.0
1.063, ThrottleBPercent, 0.0
1.063, ThrottlePercent, 0
1.063, BrakePercent, 7
1.063, FrontBrakePressure, 19
1.063, SteeringAngle, -102
1.063, BrakeWhileThrottle, 0
1.063, IVT_MsgID_RX, 7
1.063, IVT_MsgCount, 14
1.063, IVT_Result_state, 0
1.063, IVT_Wh, 0
1.063, ThrottleAReading, 2215
1.063, ThrottleBReading, 2021
1.063, BrakeReading, 1419
1.063, ThrottleAPercent, 0.0
1.063, ThrottleBPercent, 0.0
1.064, ThrottleAReading, 2215
1.064, ThrottleBReading, 2021
1.064, BrakeReading, 1419
1.064, ThrottleAPercent, 0.0
1.064, ThrottleBPercent, 0.0
1.064, VCU_wheelSpeed_RL, 0.0
1.064, VCU_wheelSpeed_RR, 0.0
1.064, ThrottlePercent, 0
1.064, BrakePercent, 7
1.064, FrontBrakePressure, 12
1.064, SteeringAngle, -102
1.064, BrakeWhileThrottle, 0
1.064, ThrottleAReading, 2215
1.064, ThrottleBReading, 2021
1.064, BrakeReading, 1419
1.064, ThrottleAPercent, 0.0
1.064, ThrottleBPercent, 0.0
1.064, RLSpeedKPH, 0.0
1.064, RRSpeedKPH, 0.0
1.064, FLSpeedKPH, 0.0
1.064, FRSpeedKPH, 0.0
1.064, VoltageCellMuxSelect, 21
1.064, VoltageCell64, 3.8142
1.064, VoltageCell65, 3.8143000000000002
1.064, VoltageCell66, 3.8155
1.064, VoltageBusLV, 12.022
1.064, CurrentBusLV, 0.0
1.064, PowerBusLV, 0
1.064, TCTorqueMax, 3.392
1.064, TCLeftSlip, -0.999
1.064, TCRightSlip, -0.999
1.064, TCTorqueAdjustment, 0.0
1.11, IVT_MsgID_RX, 5
1.11, IVT_MsgCount, 14
1.11, IVT_Result_state, 0
1.11, IVT_W, -2
1.11, ThrottleAReading, 2215
1.11, ThrottleBReading, 2020
1.11, BrakeReading, 1419
1.11, ThrottleAPercent, 0.0
1.11, ThrottleBPercent, 0.0
1.11, IVT_MsgID_RX, 0
1.11, IVT_MsgCount, 14
1.11, IVT_Result_state, 0
1.11, IVT_I, -0.033
1.11, AdjustedVoltageCellMuxSelect, 21
1.11, AdjustedVoltageCell64, 3.8111
1.11, AdjustedVoltageCell65, 3.8111
1.11, AdjustedVoltageCell66, 3.8122000000000003
1.11, ThrottleAReading, 2214
1.11, ThrottleBReading, 2019
1.11, BrakeReading, 1419
1.11, ThrottleAPercent, 0.0
1.11, ThrottleBPercent, 0.0
1.11, ThrottlePercent, 0
1.11, BrakePercent, 7
1.11, FrontBrakePressure, 15
1.11, SteeringAngle, -102
1.11, BrakeWhileThrottle, 0
1.11, ThrottleAReading, 2214
1.11, ThrottleBReading, 2019
1.11, BrakeReading, 1419
1.11, ThrottleAPercent, 0.0
1.11, ThrottleBPercent, 0.0
1.113, ChannelCurrentRadiator, 0.17400000000000002
1.113, ChannelCurrentAccFan, 0.214
1.113, ChannelCurrentPump1, 0.0
1.113, ChannelCurrentPump2, 0.214
1.113, ChannelCurrentAUX1, 0.0
1.113, ChannelCurrentAUX2, 0.214
1.113, ChannelCurrentAUX3, 0.0
1.113, ChannelCurrentAUX4, 0.228
1.113, ThrottleAReading, 2214
1.113, ThrottleBReading, 2018
1.113, BrakeReading, 1419
1.113, ThrottleAPercent, 0.0
1.113, ThrottleBPercent, 0.0
1.113, ChannelCurrentBrakeLight, 0.0
1.113, ChannelCurrentInverter, 0.0
1.113, ChannelCurrentBMU, 0.5630000000000001
1.113, ChannelCurrentCDU, 0.335
1.113, ChannelCurrentTCU, 0.335
1.113, ChannelCurrentWSB, 0.671
1.113, ThrottlePercent, 0
1.113, BrakePercent, 7
1.113, FrontBrakePressure, 12
1.113, SteeringAngle, -102
1.113, BrakeWhileThrottle, 0
1.113, IVT_MsgID_RX, 7
1.113, IVT_MsgCount, 15
1.113, IVT_Result_state, 0
1.113, IVT_Wh, 0
1.113, ThrottleAReading, 2214
1.113, ThrottleBReading, 2018
1.113, BrakeReading, 1420
1.113, ThrottleAPercent, 0.0
1.113, ThrottleBPercent, 0.0
1.113, IVT_MsgID_RX, 5
1.113, IVT_MsgCount, 15
1.113, IVT_Result_state, 0
1.113, IVT_W, -2
1.113, ThrottleAReading, 2214
1.113, ThrottleBReading, 2018
1.113, BrakeReading, 1420
1.113, ThrottleAPercent, 0.0
1.113, ThrottleBPercent, 0.0
1.113, IVT_MsgID_RX, 0
1.113, IVT_MsgCount, 15
1.113, IVT_Result_state, 0
1.113, IVT_I, -0.036000000000000004
1.113, ThrottleAReading, 2214
1.113, ThrottleBReading, 2018
1.113, BrakeReading, 1420
1.113, ThrottleAPercent, 0.0
1.113, ThrottleBPercent, 0.0
1.113, ThrottlePercent, 0
1.113, BrakePercent, 7
1.113, FrontBrakePressure, 15
1.113, SteeringAngle, -102
1.113, BrakeWhileThrottle, 0
1.113, ThrottleAReading, 2214
1.113, ThrottleBReading, 2018
1.113, BrakeReading, 1419
1.113, ThrottleAPercent, 0.0
1.113, ThrottleBPercent, 0.0
1.114, VCU_wheelSpeed_RL, 0.0
1.114, VCU_wheelSpeed_RR, 0.0
1.115, RLSpeedKPH, 0.0
1.115, RRSpeedKPH, 0.0
1.115, FLSpeedKPH, 0.0
1.115, FRSpeedKPH, 0.0
1.115, ThrottleAReading, 2214
1.115, ThrottleBReading, 2018
1.115, BrakeReading, 1419
1.115, ThrottleAPercent, 0.0
1.115, ThrottleBPercent, 0.0
1.115, TCTorqueMax, 3.392
1.115, TCLeftSlip, -0.999
1.115, TCRightSlip, -0.999
1.115, TCTorqueAdjustment, 0.0
1.115, ThrottlePercent, 0
1.115, BrakePercent, 7
1.115, FrontBrakePressure, 17
1.115, SteeringAngle, -102
1.115, BrakeWhileThrottle, 0
1.115, ThrottleAReading, 2215
1.115, ThrottleBReading, 2018
1.115, BrakeReading, 1419
1.115, ThrottleAPercent, 0.0
1.115, ThrottleBPercent, 0.0
1.115, IVT_MsgID_RX, 1
1.115, IVT_MsgCount, 0
1.115, IVT_Result_state, 0
1.115, IVT_U1, 69.797
1.115, IVT_MsgID_RX, 2
1.115, IVT_MsgCount, 0
1.115, IVT_Result_state, 0
1.115, IVT_U2, 0.28600000000000003
1.115, IVT_MsgID_RX, 3
1.115, IVT_MsgCount, 0
1.115, IVT_Result_state, 0
1.115, IVT_U3, 0.051000000000000004
1.115, IVT_MsgID_RX, 5
1.115, IVT_MsgCount, 0
1.115, IVT_Result_state, 0
1.115, IVT_W, -2
1.115, ThrottleAReading, 2215
1.115, ThrottleBReading, 2016
1.115, BrakeReading, 1419
1.115, ThrottleAPercent, 0.0
1.115, ThrottleBPercent, 0.0
1.115, IVT_MsgID_RX, 0
1.115, IVT_MsgCount, 0
1.115, IVT_Result_state, 0
1.115, IVT_I, -0.033
1.115, ThrottleAReading, 2215
1.115, ThrottleBReading, 2013
1.115, BrakeReading, 1419
1.115, ThrottleAPercent, 0.0
1.115, ThrottleBPercent, 0.0
1.115, ThrottlePercent, 0
1.115, BrakePercent, 7
1.115, FrontBrakePressure, 20
1.115, SteeringAngle, -102
1.115, BrakeWhileThrottle, 0
1.115, IVT_MsgID_RX, 7
1.115, IVT_MsgCount, 0
1.115, IVT_Result_state, 0
1.115, IVT_Wh, 0
1.116, ThrottleAReading, 2214
1.116, ThrottleBReading, 2012
1.116, BrakeReading, 1419
1.116, ThrottleAPercent, 0.0
1.116, ThrottleBPercent, 0.0
1.16, ThrottleAReading, 2214
1.16, ThrottleBReading, 2011
1.16, BrakeReading, 1419
1.16, ThrottleAPercent, 0.0
1.16, ThrottleBPercent, 0.0
1.16, ThrottlePercent, 0
1.16, BrakePercent, 7
1.16, FrontBrakePressure, 21
1.16, SteeringAngle, -102
1.16, BrakeWhileThrottle, 0
1.16, ThrottleAReading, 2214
1.16, ThrottleBReading, 2010
1.16, BrakeReading, 1419
1.16, ThrottleAPercent, 0.0
1.16, ThrottleBPercent, 0.0
1.16, IVT_MsgID_RX, 5
1.16, IVT_MsgCount, 1
1.16, IVT_Result_state, 0
1.16, IVT_W, -2
1.16, ThrottleAReading, 2214
1.16, ThrottleBReading, 2010
1.16, BrakeReading, 1419
1.16, ThrottleAPercent, 0.0
1.16, ThrottleBPercent, 0.0
1.16, IVT_MsgID_RX, 0
1.16, IVT_MsgCount, 1
1.16, IVT_Result_state, 0
1.16, IVT_I, -0.034
1.16, StateBatteryChargeHV, 98.80000000000001
1.16, StateBatteryHealthHV, 0.0
1.16, StateBatteryPowerHV, 112.60000000000001
1.16, TempCellMax, 28.25
1.16, TempCellMin, 0.0
1.16, StateBMS, Wait_System_Up
1.16, HighestTempThermistor, 162
1.16, ThrottlePercent, 0
1.16, BrakePercent, 7
1.16, FrontBrakePressure, 13
1.16, SteeringAngle, -102
1.16, BrakeWhileThrottle, 0
1.16, ThrottleAReading, 2214
1.16, ThrottleBReading, 2010
1.16, BrakeReading, 1419
1.16, ThrottleAPercent, 0.0
1.16, ThrottleBPercent, 0.0
1.16, VCU_wheelSpeed_RL, 0.0
1.16, VCU_wheelSpeed_RR, 0.0
1.16, RLSpeedKPH, 0.0
1.16, RRSpeedKPH, 0.0
1.16, FLSpeedKPH, 0.0
1.16, FRSpeedKPH, 0.0
1.16, AdjustedVoltageCellMuxSelect, 22
1.16, AdjustedVoltageCell67, 3.8093000000000004
1.16, AdjustedVoltageCell68, 3.9165
1.16, AdjustedVoltageCell69, 3.9043
1.16, ThrottleAReading, 2215
1.16, ThrottleBReading, 2010
1.16, BrakeReading, 1419
1.16, ThrottleAPercent, 0.0
1.16, ThrottleBPercent, 0.0
1.16, TCTorqueMax, 3.392
1.16, TCLeftSlip, -0.999
1.16, TCRightSlip, -0.999
1.16, TCTorqueAdjustment, 0.0
1.161, TempChannelMuxSelect, 22
1.161, TempChannel67, 0.0
1.161, TempChannel68, 0.0
1.161, TempChannel69, 27.180000000000007
1.161, ThrottleAReading, 2215
1.161, ThrottleBReading, 2010
1.161, BrakeReading, 1419
1.161, ThrottleAPercent, 0.0
1.161, ThrottleBPercent, 0.0
1.161, ThrottlePercent, 0
1.161, BrakePercent, 7
1.161, FrontBrakePressure, 14
1.161, SteeringAngle, -102
1.161, BrakeWhileThrottle, 0
1.161, IVT_MsgID_RX, 7
1.161, IVT_MsgCount, 1
1.161, IVT_Result_state, 0
1.161, IVT_Wh, 0
1.161, ThrottleAReading, 2215
1.161, ThrottleBReading, 2010
1.161, BrakeReading, 1420
1.161, ThrottleAPercent, 0.0
1.161, ThrottleBPercent, 0.0
1.161, IVT_MsgID_RX, 5
1.161, IVT_MsgCount, 2
1.161, IVT_Result_state, 0
1.161, IVT_W, -2
1.161, ThrottleAReading, 2215
1.161, ThrottleBReading, 2009
1.161, BrakeReading, 1420
1.161, ThrottleAPercent, 0.0
1.161, ThrottleBPercent, 0.0
1.161, IVT_MsgID_RX, 0
1.161, IVT_MsgCount, 2
1.161, IVT_Result_state, 0
1.161, IVT_I, -0.036000000000000004
1.161, VoltageBusHV, 69.79
1.161, VoltageCellMax, 4.0148
1.161, VoltageCellMin, 3.8070000000000004
1.161, CurrentBusHV, 0.0
1.161, AMS_PackVoltage, 538.63
1.161, ThrottleAReading, 2215
1.161, ThrottleBReading, 2008
1.161, BrakeReading, 1420
1.161, ThrottleAPercent, 0.0
1.161, ThrottleBPercent, 0.0
1.161, ThrottlePercent, 0
1.161, BrakePercent, 7
1.161, FrontBrakePressure, 12
1.161, SteeringAngle, -102
1.161, BrakeWhileThrottle, 0
1.161, ThrottleAReading, 2215
1.161, ThrottleBReading, 2008
1.161, BrakeReading, 1419
1.161, ThrottleAPercent, 0.0
1.161, ThrottleBPercent, 0.0
1.161, ThrottleAReading, 2215
1.161, ThrottleBReading, 2007
1.161, BrakeReading, 1419
1.161, ThrottleAPercent, 0.0
1.161, ThrottleBPercent, 0.0
1.162, ThrottlePercent, 0
1.162, BrakePercent, 7
1.162, FrontBrakePressure, 20
1.162, SteeringAngle, -102
1.162, BrakeWhileThrottle, 0
1.162, ThrottleAReading, 2215
1.162, ThrottleBReading, 2007
1.162, BrakeReading, 1419
1.162, ThrottleAPercent, 0.0
1.162, ThrottleBPercent, 0.0
1.162, VoltageCellMuxSelect, 23
1.162, VoltageCell70, 3.9094
1.162, VoltageCell71, 3.8122000000000003
1.162, VoltageCell72, 3.8148
1.162, IVT_MsgID_RX, 1
1.162, IVT_MsgCount, 1
1.162, IVT_Result_state, 0
1.162, IVT_U1, 69.336
1.162, IVT_MsgID_RX, 2
1.162, IVT_MsgCount, 1
1.162, IVT_Result_state, 0
1.162, IVT_U2, 0.39
1.163, IVT_MsgID_RX, 3
1.163, IVT_MsgCount, 1
1.163, IVT_Result_state, 0
1.163, IVT_U3, 0.027
1.163, IVT_MsgID_RX, 5
1.163, IVT_MsgCount, 3
1.163, IVT_Result_state, 0
1.163, IVT_W, -2
1.163, VCU_wheelSpeed_RL, 0.0
1.163, VCU_wheelSpeed_RR, 0.0
1.21, AdjustedVoltageCellMuxSelect, 23
1.21, AdjustedVoltageCell70, 3.9059000000000004
1.21, AdjustedVoltageCell71, 3.8083
1.21, AdjustedVoltageCell72, 3.8114000000000003
1.21, ThrottleAReading, 2215
1.21, ThrottleBReading, 2007
1.21, BrakeReading, 1419
1.21, ThrottleAPercent, 0.0
1.21, ThrottleBPercent, 0.0
1.21, IVT_MsgID_RX, 0
1.21, IVT_MsgCount, 3
1.21, IVT_Result_state, 0
1.21, IVT_I, -0.031
1.21, RLSpeedKPH, 0.0
1.21, RRSpeedKPH, 0.0
1.21, FLSpeedKPH, 0.0
1.21, FRSpeedKPH, 0.0
1.21, TCTorqueMax, 3.392
1.21, TCLeftSlip, -0.999
1.21, TCRightSlip, -0.999
1.21, TCTorqueAdjustment, 0.0
1.21, ThrottleAReading, 2215
1.21, ThrottleBReading, 2007
1.21, BrakeReading, 1419
1.21, ThrottleAPercent, 0.0
1.21, ThrottleBPercent, 0.0
1.21, ThrottlePercent, 0
1.21, BrakePercent, 7
1.21, FrontBrakePressure, 16
1.21, SteeringAngle, -102
1.21, BrakeWhileThrottle, 0
1.211, TempChannelMuxSelect, 23
1.211, TempChannel70, 27.710000000000008
1.211, TempChannel71, 27.070000000000007
1.211, TempChannel72, 27.260000000000005
1.211, IVT_MsgID_RX, 7
1.211, IVT_MsgCount, 2
1.211, IVT_Result_state, 0
1.211, IVT_Wh, 0
1.211, ThrottleAReading, 2216
1.211, ThrottleBReading, 2007
1.211, BrakeReading, 1419
1.211, ThrottleAPercent, 0.0
1.211, ThrottleBPercent, 0.0
1.211, ChannelCurrentRadiator, 0.17400000000000002
1.211, ChannelCurrentAccFan, 0.201
1.211, ChannelCurrentPump1, 0.0
1.211, ChannelCurrentPump2, 0.214
1.211, ChannelCurrentAUX1, 0.0
1.211, ChannelCurrentAUX2, 0.214
1.211, ChannelCurrentAUX3, 0.0
1.211, ChannelCurrentAUX4, 0.214
1.211, ThrottleAReading, 2216
1.211, ThrottleBReading, 2007
1.211, BrakeReading, 1419
1.211, ThrottleAPercent, 0.0
1.211, ThrottleBPercent, 0.0
1.211, ChannelCurrentBrakeLight, 0.0
1.211, ChannelCurrentInverter, 0.0
1.211, ChannelCurrentBMU, 0.711
1.211, ChannelCurrentCDU, 0.335
1.211, ChannelCurrentTCU, 0.34900000000000003
1.211, ChannelCurrentWSB, 0.631
1.211, ThrottlePercent, 0
1.211, BrakePercent, 7
1.211, FrontBrakePressure, 19
1.211, SteeringAngle, -102
1.211, BrakeWhileThrottle, 0
1.211, ThrottleAReading, 2218
1.211, ThrottleBReading, 2007
1.211, BrakeReading, 1419
1.211, ThrottleAPercent, 0.0
1.211, ThrottleBPercent, 0.0
1.211, IVT_MsgID_RX, 5
1.211, IVT_MsgCount, 4
1.211, IVT_Result_state, 0
1.211, IVT_W, -2
1.211, ThrottleAReading, 2220
1.211, ThrottleBReading, 2005
1.211, BrakeReading, 1419
1.211, ThrottleAPercent, 0.0
1.211, ThrottleBPercent, 0.0
1.211, IVT_MsgID_RX, 0
1.211, IVT_MsgCount, 4
1.211, IVT_Result_state, 0
1.211, IVT_I, -0.037
1.211, ThrottleAReading, 2221
1.211, ThrottleBReading, 2002
1.211, BrakeReading, 1419
1.211, ThrottleAPercent, 0.0
1.211, ThrottleBPercent, 0.0
1.211, ThrottlePercent, 0
1.211, BrakePercent, 7
1.211, FrontBrakePressure, 16
1.211, SteeringAngle, -102
1.211, BrakeWhileThrottle, 0
1.212, ThrottleAReading, 2221
1.212, ThrottleBReading, 2001
1.212, BrakeReading, 1420
1.212, ThrottleAPercent, 0.0
1.212, ThrottleBPercent, 0.0
1.212, ThrottleAReading, 2221
1.212, ThrottleBReading, 1999
1.212, BrakeReading, 1420
1.212, ThrottleAPercent, 0.0
1.212, ThrottleBPercent, 0.0
1.212, VCU_wheelSpeed_RL, 0.0
1.212, VCU_wheelSpeed_RR, 0.0
1.212, ThrottlePercent, 0
1.212, BrakePercent, 7
1.212, FrontBrakePressure, 13
1.212, SteeringAngle, -102
1.212, BrakeWhileThrottle, 0
1.212, IVT_MsgID_RX, 7
1.212, IVT_MsgCount, 3
1.212, IVT_Result_state, 0
1.212, IVT_Wh, 0
1.212, ThrottleAReading, 2221
1.212, ThrottleBReading, 1997
1.212, BrakeReading, 1420
1.212, ThrottleAPercent, 0.0
1.212, ThrottleBPercent, 0.0
1.212, RLSpeedKPH, 0.0
1.212, RRSpeedKPH, 0.0
1.212, FLSpeedKPH, 0.0
1.212, FRSpeedKPH, 0.0
1.212, IVT_MsgID_RX, 5
1.212, IVT_MsgCount, 5
1.212, IVT_Result_state, 0
1.212, IVT_W, -2
1.212, TCTorqueMax, 3.392
1.212, TCLeftSlip, -0.999
1.212, TCRightSlip, -0.999
1.212, TCTorqueAdjustment, 0.0
1.212, ThrottleAReading, 2221
1.212, ThrottleBReading, 1997
1.212, BrakeReading, 1419
1.212, ThrottleAPercent, 0.0
1.212, ThrottleBPercent, 0.0
1.213, IVT_MsgID_RX, 0
1.213, IVT_MsgCount, 5
1.213, IVT_Result_state, 0
1.213, IVT_I, -0.031
1.213, RLSpeedKPH, 0.0
1.213, RLSpeedRPM, 0.0
1.213, ThrottleAReading, 2222
1.213, ThrottleBReading, 1997
1.213, BrakeReading, 1419
1.213, ThrottleAPercent, 0.0
1.213, ThrottleBPercent, 0.0
1.213, ThrottlePercent, 0
1.213, BrakePercent, 7
1.213, FrontBrakePressure, 12
1.213, SteeringAngle, -102
1.213, BrakeWhileThrottle, 0
1.214, ThrottleAReading, 2223
1.214, ThrottleBReading, 1997
1.214, BrakeReading, 1419
1.214, ThrottleAPercent, 0.0
1.214, ThrottleBPercent, 0.0
1.26, BMU_checkFailed, BSPD_FAILED
1.26, BMU_InterlockInitialized, 0
1.26, VoltageCellMuxSelect, 24
1.26, VoltageCell73, 3.8151
1.26, VoltageCell74, 3.8155
1.26, VoltageCell75, 3.8149
1.26, AdjustedVoltageCellMuxSelect, 24
1.26, AdjustedVoltageCell73, 3.8110000000000004
1.26, AdjustedVoltageCell74, 3.8115
1.26, AdjustedVoltageCell75, 3.8109
1.26, ThrottleAReading, 2224
1.26, ThrottleBReading, 1997
1.26, BrakeReading, 1419
1.26, ThrottleAPercent, 0.0
1.26, ThrottleBPercent, 0.0
1.26, ThrottlePercent, 0
1.26, BrakePercent, 7
1.26, FrontBrakePressure, 20
1.26, SteeringAngle, -102
1.26, BrakeWhileThrottle, 0
1.26, ThrottleAReading, 2227
1.26, ThrottleBReading, 1997
1.26, BrakeReading, 1419
1.26, ThrottleAPercent, 0.0
1.26, ThrottleBPercent, 0.0
1.26, IVT_MsgID_RX, 1
1.26, IVT_MsgCount, 2
1.26, IVT_Result_state, 0
1.26, IVT_U1, 68.888
1.26, IVT_MsgID_RX, 2
1.26, IVT_MsgCount, 2
1.26, IVT_Result_state, 0
1.26, IVT_U2, 0.222
1.26, IVT_MsgID_RX, 3
1.26, IVT_MsgCount, 2
1.26, IVT_Result_state, 0
1.26, IVT_U3, 0.058
1.26, IVT_MsgID_RX, 5
1.26, IVT_MsgCount, 6
1.26, IVT_Result_state, 0
1.26, IVT_W, -1
1.26, ThrottleAReading, 2228
1.26, ThrottleBReading, 1993
1.26, BrakeReading, 1419
1.26, ThrottleAPercent, 0.0
1.26, ThrottleBPercent, 0.0
1.26, IVT_MsgID_RX, 0
1.26, IVT_MsgCount, 6
1.26, IVT_Result_state, 0
1.26, IVT_I, -0.029
1.26, IVT_MsgID_RX, 7
1.26, IVT_MsgCount, 4
1.26, IVT_Result_state, 0
1.26, IVT_Wh, 0
1.26, ThrottleAReading, 2229
1.26, ThrottleBReading, 1990
1.26, BrakeReading, 1419
1.26, ThrottleAPercent, 0.0
1.26, ThrottleBPercent, 0.0
1.293, ThrottlePercent, 0
1.293, BrakePercent, 7
1.293, FrontBrakePressure, 15
1.293, SteeringAngle, -102
1.293, BrakeWhileThrottle, 0
1.293, ThrottleAReading, 2229
1.293, ThrottleBReading, 1990
1.293, BrakeReading, 1419
1.293, ThrottleAPercent, 0.0
1.293, ThrottleBPercent, 0.0
1.293, VCU_wheelSpeed_RL, 0.0
1.293, VCU_wheelSpeed_RR, 0.0
1.293, RLSpeedKPH, 0.0
1.293, RRSpeedKPH, 0.0
1.293, FLSpeedKPH, 0.0
1.293, FRSpeedKPH, 0.0
1.293, ThrottleAReading, 2229
1.293, ThrottleBReading, 1990
1.293, BrakeReading, 1419
1.293, ThrottleAPercent, 0.0
1.293, ThrottleBPercent, 0.0
1.293, TCTorqueMax, 3.392
1.293, TCLeftSlip, -0.999
1.293, TCRightSlip, -0.999
1.293, TCTorqueAdjustment, 0.0
1.293, ThrottlePercent, 0
1.293, BrakePercent, 7
1.293, FrontBrakePressure, 15
1.293, SteeringAngle, -102
1.293, BrakeWhileThrottle, 0
1.293, ThrottleAReading, 2229
1.293, ThrottleBReading, 1990
1.293, BrakeReading, 1419
1.293, ThrottleAPercent, 0.0
1.293, ThrottleBPercent, 0.0
1.293, IVT_MsgID_RX, 5
1.293, IVT_MsgCount, 7
1.293, IVT_Result_state, 0
1.293, IVT_W, -1
1.293, StateBatteryChargeHV, 98.80000000000001
1.293, StateBatteryHealthHV, 0.0
1.293, StateBatteryPowerHV, 112.60000000000001
1.293, TempCellMax, 28.25
1.293, TempCellMin, 0.0
1.293, StateBMS, Wait_System_Up
1.293, HighestTempThermistor, 162
1.293, TempChannelMuxSelect, 24
1.293, TempChannel73, 26.870000000000005
1.293, TempChannel74, 27.200000000000003
1.293, TempChannel75, 27.200000000000003
1.293, ThrottleAReading, 2229
1.293, ThrottleBReading, 1990
1.293, BrakeReading, 1419
1.293, ThrottleAPercent, 0.0
1.293, ThrottleBPercent, 0.0
1.293, IVT_MsgID_RX, 0
1.293, IVT_MsgCount, 7
1.293, IVT_Result_state, 0
1.293, IVT_I, -0.035
1.293, VoltageBusHV, 68.88
1.293, VoltageCellMax, 4.0155
1.293, VoltageCellMin, 3.8074000000000003
1.293, CurrentBusHV, 0.0
1.294, ThrottleAReading, 2230
1.294, ThrottleBReading, 1990
1.294, BrakeReading, 1419
1.294, ThrottleAPercent, 0.0
1.294, ThrottleBPercent, 0.0
1.295, ThrottlePercent, 0
1.295, BrakePercent, 7
1.295, FrontBrakePressure, 16
1.295, SteeringAngle, -102
1.295, BrakeWhileThrottle, 0
1.295, AMS_PackVoltage, 538.69
1.295, ThrottleAReading, 2230
1.295, ThrottleBReading, 1990
1.295, BrakeReading, 1419
1.295, ThrottleAPercent, 0.0
1.295, ThrottleBPercent, 0.0
1.295, ThrottleAReading, 2230
1.295, ThrottleBReading, 1990
1.295, BrakeReading, 1419
1.295, ThrottleAPercent, 0.0
1.295, ThrottleBPercent, 0.0
1.295, IVT_MsgID_RX, 7
1.295, IVT_MsgCount, 5
1.295, IVT_Result_state, 0
1.295, IVT_Wh, 0
1.295, ThrottlePercent, 0
1.295, BrakePercent, 7
1.295, FrontBrakePressure, 12
1.295, SteeringAngle, -102
1.295, BrakeWhileThrottle, 0
1.295, ThrottleAReading, 2230
1.295, ThrottleBReading, 1990
1.295, BrakeReading, 1419
1.295, ThrottleAPercent, 0.0
1.295, ThrottleBPercent, 0.0
1.295, IVT_MsgID_RX, 5
1.295, IVT_MsgCount, 8
1.295, IVT_Result_state, 0
1.295, IVT_W, -2
1.295, VoltageCellMuxSelect, 25
1.295, VoltageCell76, 3.8143000000000002
1.295, VoltageCell77, 3.8117
1.295, VoltageCell78, 3.9171
1.31, ThrottleAReading, 2230
1.31, ThrottleBReading, 1990
1.31, BrakeReading, 1419
1.31, ThrottleAPercent, 0.0
1.31, ThrottleBPercent, 0.0
1.31, IVT_MsgID_RX, 0
1.31, IVT_MsgCount, 8
1.31, IVT_Result_state, 0
1.31, IVT_I, -0.035
1.31, AdjustedVoltageCellMuxSelect, 25
1.31, AdjustedVoltageCell76, 3.8106
1.31, AdjustedVoltageCell77, 3.8079
1.31, AdjustedVoltageCell78, 3.9136
1.31, TempChannelMuxSelect, 25
1.31, TempChannel76, 27.200000000000003
1.31, TempChannel77, 27.14
1.31, TempChannel78, 0.0
1.31, ThrottleAReading, 2230
1.31, ThrottleBReading, 1990
1.31, BrakeReading, 1419
1.31, ThrottleAPercent, 0.0
1.31, ThrottleBPercent, 0.0
1.311, ThrottlePercent, 0
1.311, BrakePercent, 7
1.311, FrontBrakePressure, 12
1.311, SteeringAngle, -102
1.311, BrakeWhileThrottle, 0
1.311, VCU_wheelSpeed_RL, 0.0
1.311, VCU_wheelSpeed_RR, 0.0
1.311, RLSpeedKPH, 0.0
1.311, RRSpeedKPH, 0.0
1.311, FLSpeedKPH, 0.0
1.311, FRSpeedKPH, 0.0
1.311, ThrottleAReading, 2230
1.311, ThrottleBReading, 1990
1.311, BrakeReading, 1420
1.311, ThrottleAPercent, 0.0
1.311, ThrottleBPercent, 0.0
1.311, TCTorqueMax, 3.392
1.311, TCLeftSlip, -0.999
1.311, TCRightSlip, -0.999
1.311, TCTorqueAdjustment, 0.0
1.311, ChannelCurrentRadiator, 0.201
1.311, ChannelCurrentAccFan, 0.214
1.311, ChannelCurrentPump1, 0.0
1.311, ChannelCurrentPump2, 0.214
1.311, ChannelCurrentAUX1, 0.0
1.311, ChannelCurrentAUX2, 0.187
1.311, ChannelCurrentAUX3, 0.0
1.311, ChannelCurrentAUX4, 0.201
1.311, ThrottleAReading, 2230
1.311, ThrottleBReading, 1990
1.311, BrakeReading, 1420
1.311, ThrottleAPercent, 0.0
1.311, ThrottleBPercent, 0.0
1.311, ChannelCurrentBrakeLight, 0.0
1.311, ChannelCurrentInverter, 0.0
1.311, ChannelCurrentBMU, 0.59
1.311, ChannelCurrentCDU, 0.34900000000000003
1.311, ChannelCurrentTCU, 0.322
1.311, ChannelCurrentWSB, 0.671
1.311, ThrottlePercent, 0
1.311, BrakePercent, 7
1.311, FrontBrakePressure, 14
1.311, SteeringAngle, -102
1.311, BrakeWhileThrottle, 0
1.311, ThrottleAReading, 2230
1.311, ThrottleBReading, 1990
1.311, BrakeReading, 1420
1.311, ThrottleAPercent, 0.0
1.311, ThrottleBPercent, 0.0
1.311, IVT_MsgID_RX, 1
1.311, IVT_MsgCount, 3
1.311, IVT_Result_state, 0
1.311, IVT_U1, 68.443
1.311, IVT_MsgID_RX, 2
1.311, IVT_MsgCount, 3
1.311, IVT_Result_state, 0
1.311, IVT_U2, 0.309
1.311, IVT_MsgID_RX, 3
1.311, IVT_MsgCount, 3
1.311, IVT_Result_state, 0
1.311, IVT_U3, 0.033
1.312, IVT_MsgID_RX, 5
1.312, IVT_MsgCount, 9
1.312, IVT_Result_state, 0
1.312, IVT_W, -2
1.312, ThrottleAReading, 2230
1.312, ThrottleBReading, 1990
1.312, BrakeReading, 1420
1.312, ThrottleAPercent, 0.0
1.312, ThrottleBPercent, 0.0
1.312, IVT_MsgID_RX, 0
1.312, IVT_MsgCount, 9
1.312, IVT_Result_state, 0
1.312, IVT_I, -0.027
1.312, IVT_MsgID_RX, 7
1.312, IVT_MsgCount, 6
1.312, IVT_Result_state, 0
1.312, IVT_Wh, 0
1.312, ThrottleAReading, 2230
1.312, ThrottleBReading, 1990
1.312, BrakeReading, 1420
1.312, ThrottleAPercent, 0.0
1.312, ThrottleBPercent, 0.0
1.312, ThrottlePercent, 0
1.312, BrakePercent, 7
1.312, FrontBrakePressure, 12
1.312, SteeringAngle, -102
1.312, BrakeWhileThrottle, 0
1.312, ThrottleAReading, 2230
1.312, ThrottleBReading, 1990
1.312, BrakeReading, 1419
1.312, ThrottleAPercent, 0.0
1.312, ThrottleBPercent, 0.0
1.312, ThrottleAReading, 2230
1.312, ThrottleBReading, 1991
1.312, BrakeReading, 1419
1.312, ThrottleAPercent, 0.0
1.312, ThrottleBPercent, 0.0
1.312, ThrottlePercent, 0
1.312, BrakePercent, 7
1.312, FrontBrakePressure, 15
1.312, SteeringAngle, -102
1.312, BrakeWhileThrottle, 0
1.312, IVT_MsgID_RX, 5
1.312, IVT_MsgCount, 10
1.312, IVT_Result_state, 0
1.312, IVT_W, -2
1.313, ThrottleAReading, 2230
1.313, ThrottleBReading, 1991
1.313, BrakeReading, 1419
1.313, ThrottleAPercent, 0.0
1.313, ThrottleBPercent, 0.0
1.313, VCU_wheelSpeed_RL, 0.0
1.313, VCU_wheelSpeed_RR, 0.0
1.313, ThrottleAReading, 2230
1.313, ThrottleBReading, 1991
1.313, BrakeReading, 1419
1.313, ThrottleAPercent, 0.0
1.313, ThrottleBPercent, 0.0
1.314, IVT_MsgID_RX, 0
1.314, IVT_MsgCount, 10
1.314, IVT_Result_state, 0
1.314, IVT_I, -0.036000000000000004
1.314, RLSpeedKPH, 0.0
1.314, RRSpeedKPH, 0.0
1.314, FLSpeedKPH, 0.0
1.314, FRSpeedKPH, 0.0
1.314, TCTorqueMax, 3.392
1.314, TCLeftSlip, -0.999
1.314, TCRightSlip, -0.999
1.314, TCTorqueAdjustment, 0.0
1.314, ThrottleAReading, 2230
1.314, ThrottleBReading, 1991
1.314, BrakeReading, 1419
1.314, ThrottleAPercent, 0.0
1.314, ThrottleBPercent, 0.0
1.314, ThrottlePercent, 0
1.314, BrakePercent, 7
1.314, FrontBrakePressure, 12
1.314, SteeringAngle, -102
1.314, BrakeWhileThrottle, 0
1.314, BMU_checkFailed, BSPD_FAILED
1.314, BMU_InterlockInitialized, 0
1.314, VoltageCellMuxSelect, 26
1.314, VoltageCell79, 3.9050000000000002
1.314, VoltageCell80, 3.9087
1.314, VoltageCell81, 3.817
1.314, ThrottleAReading, 2230
1.314, ThrottleBReading, 1991
1.314, BrakeReading, 1419
1.314, ThrottleAPercent, 0.0
1.314, ThrottleBPercent, 0.0
1.36, ThrottleAReading, 2230
1.36, ThrottleBReading, 1991
1.36, BrakeReading, 1419
1.36, ThrottleAPercent, 0.0
1.36, ThrottleBPercent, 0.0
1.36, IVT_MsgID_RX, 7
1.36, IVT_MsgCount, 7
1.36, IVT_Result_state, 0
1.36, IVT_Wh, 0
1.36, AdjustedVoltageCellMuxSelect, 26
1.36, AdjustedVoltageCell79, 3.9012000000000002
1.36, AdjustedVoltageCell80, 3.9049
1.36, AdjustedVoltageCell81, 3.8121
1.36, ThrottlePercent, 0
1.36, BrakePercent, 7
1.36, FrontBrakePressure, 19
1.36, SteeringAngle, -102
1.36, BrakeWhileThrottle, 0
1.36, TempChannelMuxSelect, 26
1.36, TempChannel79, 0.0
1.36, TempChannel80, 0.0
1.36, TempChannel81, 0.0
1.36, IVT_MsgID_RX, 5
1.36, IVT_MsgCount, 11
1.36, IVT_Result_state, 0
1.36, IVT_W, -2
1.36, ThrottleAReading, 2230
1.36, ThrottleBReading, 1991
1.36, BrakeReading, 1419
1.36, ThrottleAPercent, 0.0
1.36, ThrottleBPercent, 0.0
1.361, ThrottleAReading, 2230
1.361, ThrottleBReading, 1991
1.361, BrakeReading, 1419
1.361, ThrottleAPercent, 0.0
1.361, ThrottleBPercent, 0.0
1.361, IVT_MsgID_RX, 0
1.361, IVT_MsgCount, 11
1.361, IVT_Result_state, 0
1.361, IVT_I, -0.032
1.361, ThrottleAReading, 2230
1.361, ThrottleBReading, 1992
1.361, BrakeReading, 1419
1.361, ThrottleAPercent, 0.0
1.361, ThrottleBPercent, 0.0
1.361, ThrottlePercent, 0
1.361, BrakePercent, 7
1.361, FrontBrakePressure, 13
1.361, SteeringAngle, -102
1.361, BrakeWhileThrottle, 0
1.361, ThrottleAReading, 2230
1.361, ThrottleBReading, 1992
1.361, BrakeReading, 1419
1.361, ThrottleAPercent, 0.0
1.361, ThrottleBPercent, 0.0
1.361, ThrottleAReading, 2230
1.361, ThrottleBReading, 1992
1.361, BrakeReading, 1419
1.361, ThrottleAPercent, 0.0
1.361, ThrottleBPercent, 0.0
1.361, VCU_wheelSpeed_RL, 0.0
1.361, VCU_wheelSpeed_RR, 0.0
1.361, ThrottlePercent, 0
1.361, BrakePercent, 7
1.361, FrontBrakePressure, 19
1.361, SteeringAngle, -102
1.361, BrakeWhileThrottle, 0
1.361, IVT_MsgID_RX, 1
1.361, IVT_MsgCount, 4
1.361, IVT_Result_state, 0
1.361, IVT_U1, 67.871
1.361, IVT_MsgID_RX, 2
1.361, IVT_MsgCount, 4
1.361, IVT_Result_state, 0
1.361, IVT_U2, 0.363
1.361, IVT_MsgID_RX, 3
1.361, IVT_MsgCount, 4
1.361, IVT_Result_state, 0
1.361, IVT_U3, -0.02
1.361, ThrottleAReading, 2230
1.361, ThrottleBReading, 1992
1.361, BrakeReading, 1419
1.361, ThrottleAPercent, 0.0
1.361, ThrottleBPercent, 0.0
1.361, RLSpeedKPH, 0.0
1.361, RRSpeedKPH, 0.0
1.361, FLSpeedKPH, 0.0
1.361, FRSpeedKPH, 0.0
1.361, IVT_MsgID_RX, 5
1.361, IVT_MsgCount, 12
1.361, IVT_Result_state, 0
1.361, IVT_W, -2
1.361, TCTorqueMax, 3.392
1.361, TCLeftSlip, -0.999
1.361, TCRightSlip, -0.999
1.361, TCTorqueAdjustment, 0.0
1.362, IVT_MsgID_RX, 0
1.362, IVT_MsgCount, 12
1.362, IVT_Result_state, 0
1.362, IVT_I, -0.032
1.362, ThrottleAReading, 2230
1.362, ThrottleBReading, 1992
1.362, BrakeReading, 1419
1.362, ThrottleAPercent, 0.0
1.362, ThrottleBPercent, 0.0
1.362, IMD_R_iso_corrected, 0
1.362, IMD_R_iso_status, 252
1.362, IMD_R_Measurement_Counter, 1
1.362, IMD_Faults, 512
1.362, IMD_Device_activity, 1
1.362, IVT_MsgID_RX, 7
1.362, IVT_MsgCount, 8
1.362, IVT_Result_state, 0
1.362, IVT_Wh, 0
1.362, ThrottleAReading, 2230
1.362, ThrottleBReading, 1992
1.362, BrakeReading, 1419
1.362, ThrottleAPercent, 0.0
1.362, ThrottleBPercent, 0.0
1.362, ThrottlePercent, 0
1.362, BrakePercent, 7
1.362, FrontBrakePressure, 21
1.362, SteeringAngle, -102
1.362, BrakeWhileThrottle, 0
1.362, ThrottleAReading, 2230
1.362, ThrottleBReading, 1992
1.362, BrakeReading, 1419
1.362, ThrottleAPercent, 0.0
1.362, ThrottleBPercent, 0.0
1.363, VoltageBusHV, 67.87
1.363, VoltageCellMax, 4.0155
1.363, VoltageCellMin, 3.8074000000000003
1.363, CurrentBusHV, 0.0
1.363, AMS_PackVoltage, 538.69
1.363, StateBatteryChargeHV, 98.80000000000001
1.363, StateBatteryHealthHV, 0.0
1.363, StateBatteryPowerHV, 112.60000000000001
1.363, TempCellMax, 28.25
1.363, TempCellMin, 0.0
1.363, StateBMS, Wait_System_Up
1.363, HighestTempThermistor, 162
1.363, ThrottleAReading, 2230
1.363, ThrottleBReading, 1992
1.363, BrakeReading, 1419
1.363, ThrottleAPercent, 0.0
1.363, ThrottleBPercent, 0.0
1.363, ThrottlePercent, 0
1.363, BrakePercent, 7
1.363, FrontBrakePressure, 12
1.363, SteeringAngle, -102
1.363, BrakeWhileThrottle, 0
1.363, IVT_MsgID_RX, 5
1.363, IVT_MsgCount, 13
1.363, IVT_Result_state, 0
1.363, IVT_W, -2
1.364, ThrottleAReading, 2230
1.364, ThrottleBReading, 1992
1.364, BrakeReading, 1419
1.364, ThrottleAPercent, 0.0
1.364, ThrottleBPercent, 0.0
1.364, VoltageCellMuxSelect, 27
1.364, VoltageCell82, 3.8184
1.364, VoltageCell83, 3.8189
1.364, VoltageCell84, 3.8186
1.41, AdjustedVoltageCellMuxSelect, 27
1.41, AdjustedVoltageCell82, 3.8146
1.41, AdjustedVoltageCell83, 3.8151
1.41, AdjustedVoltageCell84, 3.8148
1.41, ThrottleAReading, 2230
1.41, ThrottleBReading, 1992
1.41, BrakeReading, 1419
1.41, ThrottleAPercent, 0.0
1.41, ThrottleBPercent, 0.0
1.41, IVT_MsgID_RX, 0
1.41, IVT_MsgCount, 13
1.41, IVT_Result_state, 0
1.41, IVT_I, -0.03
1.41, TempChannelMuxSelect, 27
1.41, TempChannel82, 26.769999999999996
1.41, TempChannel83, 26.89
1.41, TempChannel84, 26.60000000000001
1.41, ThrottleAReading, 2230
1.41, ThrottleBReading, 1992
1.41, BrakeReading, 1419
1.41, ThrottleAPercent, 0.0
1.41, ThrottleBPercent, 0.0
1.41, ThrottlePercent, 0
1.41, BrakePercent, 7
1.41, FrontBrakePressure, 12
1.41, SteeringAngle, -102
1.41, BrakeWhileThrottle, 0
1.41, ThrottleAReading, 2230
1.41, ThrottleBReading, 1993
1.41, BrakeReading, 1420
1.41, ThrottleAPercent, 0.0
1.41, ThrottleBPercent, 0.0
1.41, VCU_wheelSpeed_RL, 0.0
1.41, VCU_wheelSpeed_RR, 0.0
1.41, RLSpeedKPH, 0.0
1.41, RRSpeedKPH, 0.0
1.41, FLSpeedKPH, 0.0
1.41, FRSpeedKPH, 0.0
1.41, IVT_MsgID_RX, 7
1.41, IVT_MsgCount, 9
1.41, IVT_Result_state, 0
1.41, IVT_Wh, 0
1.41, ChannelCurrentRadiator, 0.214
1.41, ChannelCurrentAccFan, 0.214
1.41, ChannelCurrentPump1, 0.0
1.41, ChannelCurrentPump2, 0.214
1.41, ChannelCurrentAUX1, 0.0
1.41, ChannelCurrentAUX2, 0.17400000000000002
1.41, ChannelCurrentAUX3, 0.0
1.41, ChannelCurrentAUX4, 0.201
1.41, ThrottleAReading, 2230
1.41, ThrottleBReading, 1993
1.41, BrakeReading, 1420
1.41, ThrottleAPercent, 0.0
1.41, ThrottleBPercent, 0.0
1.411, ChannelCurrentBrakeLight, 0.0
1.411, ChannelCurrentInverter, 0.0
1.411, ChannelCurrentBMU, 0.604
1.411, ChannelCurrentCDU, 0.443
1.411, ChannelCurrentTCU, 0.362
1.411, ChannelCurrentWSB, 0.684
1.411, TCTorqueMax, 3.392
1.411, TCLeftSlip, -0.999
1.411, TCRightSlip, -0.999
1.411, TCTorqueAdjustment, 0.0
1.411, ThrottlePercent, 0
1.411, BrakePercent, 7
1.411, FrontBrakePressure, 19
1.411, SteeringAngle, -102
1.411, BrakeWhileThrottle, 0
1.411, IVT_MsgID_RX, 5
1.411, IVT_MsgCount, 14
1.411, IVT_Result_state, 0
1.411, IVT_W, -1
1.411, ThrottleAReading, 2230
1.411, ThrottleBReading, 1993
1.411, BrakeReading, 1420
1.411, ThrottleAPercent, 0.0
1.411, ThrottleBPercent, 0.0
1.411, IVT_MsgID_RX, 0
1.411, IVT_MsgCount, 14
1.411, IVT_Result_state, 0
1.411, IVT_I, -0.034
1.411, ThrottleAReading, 2230
1.411, ThrottleBReading, 1993
1.411, BrakeReading, 1419
1.411, ThrottleAPercent, 0.0
1.411, ThrottleBPercent, 0.0
1.411, ThrottleAReading, 2230
1.411, ThrottleBReading, 1993
1.411, BrakeReading, 1419
1.411, ThrottleAPercent, 0.0
1.411, ThrottleBPercent, 0.0
1.411, ThrottlePercent, 0
1.411, BrakePercent, 7
1.411, FrontBrakePressure, 14
1.411, SteeringAngle, -102
1.411, BrakeWhileThrottle, 0
1.411, ThrottleAReading, 2230
1.411, ThrottleBReading, 1993
1.411, BrakeReading, 1419
1.411, ThrottleAPercent, 0.0
1.411, ThrottleBPercent, 0.0
1.411, ThrottleAReading, 2230
1.411, ThrottleBReading, 1993
1.411, BrakeReading, 1419
1.411, ThrottleAPercent, 0.0
1.411, ThrottleBPercent, 0.0
1.411, ThrottlePercent, 0
1.411, BrakePercent, 7
1.411, FrontBrakePressure, 17
1.411, SteeringAngle, -102
1.411, BrakeWhileThrottle, 0
1.412, IVT_MsgID_RX, 1
1.412, IVT_MsgCount, 5
1.412, IVT_Result_state, 0
1.412, IVT_U1, 67.287
1.412, IVT_MsgID_RX, 2
1.412, IVT_MsgCount, 5
1.412, IVT_Result_state, 0
1.412, IVT_U2, 0.34
1.413, IVT_MsgID_RX, 3
1.413, IVT_MsgCount, 5
1.413, IVT_Result_state, 0
1.413, IVT_U3, 0.016
1.413, IVT_MsgID_RX, 5
1.413, IVT_MsgCount, 15
1.413, IVT_Result_state, 0
1.413, IVT_W, -2
1.413, ThrottleAReading, 2230
1.413, ThrottleBReading, 1993
1.413, BrakeReading, 1419
1.413, ThrottleAPercent, 0.0
1.413, ThrottleBPercent, 0.0
1.413, IVT_MsgID_RX, 0
1.413, IVT_MsgCount, 15
1.413, IVT_Result_state, 0
1.413, IVT_I, -0.034
1.413, ThrottleAReading, 2230
1.413, ThrottleBReading, 1993
1.413, BrakeReading, 1419
1.413, ThrottleAPercent, 0.0
1.413, ThrottleBPercent, 0.0
1.413, IVT_MsgID_RX, 7
1.413, IVT_MsgCount, 10
1.413, IVT_Result_state, 0
1.413, IVT_Wh, 0
1.413, ThrottleAReading, 2230
1.413, ThrottleBReading, 1994
1.413, BrakeReading, 1419
1.413, ThrottleAPercent, 0.0
1.413, ThrottleBPercent, 0.0
1.413, ThrottlePercent, 0
1.413, BrakePercent, 7
1.413, FrontBrakePressure, 20
1.413, SteeringAngle, -102
1.413, BrakeWhileThrottle, 0
1.413, VCU_wheelSpeed_RL, 0.0
1.413, VCU_wheelSpeed_RR, 0.0
1.413, RLSpeedKPH, 0.0
1.413, RRSpeedKPH, 0.0
1.413, FLSpeedKPH, 0.0
1.413, FRSpeedKPH, 0.0
1.413, BMU_checkFailed, BSPD_FAILED
1.413, BMU_InterlockInitialized, 0
1.413, VoltageCellMuxSelect, 28
1.413, VoltageCell85, 3.8187
1.413, VoltageCell86, 3.8197
1.413, VoltageCell87, 3.8171000000000004
1.413, ThrottleAReading, 2230
1.413, ThrottleBReading, 1995
1.413, BrakeReading, 1419
1.413, ThrottleAPercent, 0.0
1.413, ThrottleBPercent, 0.0
1.414, TCTorqueMax, 3.392
1.414, TCLeftSlip, -0.999
1.414, TCRightSlip, -0.999
1.414, TCTorqueAdjustment, 0.0
1.46, AdjustedVoltageCellMuxSelect, 28
1.46, AdjustedVoltageCell85, 3.8151
1.46, AdjustedVoltageCell86, 3.8159
1.46, AdjustedVoltageCell87, 3.8129000000000004
1.46, ThrottleAReading, 2230
1.46, ThrottleBReading, 1998
1.46, BrakeReading, 1420
1.46, ThrottleAPercent, 0.0
1.46, ThrottleBPercent, 0.0
1.46, IVT_MsgID_RX, 5
1.46, IVT_MsgCount, 0
1.46, IVT_Result_state, 0
1.46, IVT_W, -2
1.46, TempChannelMuxSelect, 28
1.46, TempChannel85, 26.730000000000004
1.46, TempChannel86, 26.790000000000006
1.46, TempChannel87, 27.0
1.46, ThrottlePercent, 0
1.46, BrakePercent, 7
1.46, FrontBrakePressure, 18
1.46, SteeringAngle, -102
1.46, BrakeWhileThrottle, 0
1.46, ThrottleAReading, 2230
1.46, ThrottleBReading, 2001
1.46, BrakeReading, 1420
1.46, ThrottleAPercent, 0.0
1.46, ThrottleBPercent, 0.0
1.46, IVT_MsgID_RX, 0
1.46, IVT_MsgCount, 0
1.46, IVT_Result_state, 0
1.46, IVT_I, -0.031
1.46, ThrottleAReading, 2230
1.46, ThrottleBReading, 2003
1.46, BrakeReading, 1419
1.46, ThrottleAPercent, 0.0
1.46, ThrottleBPercent, 0.0
1.46, ThrottleAReading, 2230
1.46, ThrottleBReading, 2003
1.46, BrakeReading, 1419
1.46, ThrottleAPercent, 0.0
1.46, ThrottleBPercent, 0.0
1.46, ThrottlePercent, 0
1.46, BrakePercent, 7
1.46, FrontBrakePressure, 13
1.46, SteeringAngle, -102
1.46, BrakeWhileThrottle, 0
1.46, ThrottleAReading, 2228
1.46, ThrottleBReading, 2003
1.46, BrakeReading, 1419
1.46, ThrottleAPercent, 0.0
1.46, ThrottleBPercent, 0.0
1.46, IVT_MsgID_RX, 7
1.46, IVT_MsgCount, 11
1.46, IVT_Result_state, 0
1.46, IVT_Wh, 0
1.46, ThrottleAReading, 2226
1.46, ThrottleBReading, 2003
1.46, BrakeReading, 1419
1.46, ThrottleAPercent, 0.0
1.46, ThrottleBPercent, 0.0
1.46, IVT_MsgID_RX, 5
1.46, IVT_MsgCount, 1
1.46, IVT_Result_state, 0
1.46, IVT_W, -2
1.463, ThrottlePercent, 0
1.463, BrakePercent, 7
1.463, FrontBrakePressure, 15
1.463, SteeringAngle, -102
1.463, BrakeWhileThrottle, 0
1.463, ThrottleAReading, 2226
1.463, ThrottleBReading, 2003
1.463, BrakeReading, 1419
1.463, ThrottleAPercent, 0.0
1.463, ThrottleBPercent, 0.0
1.463, VCU_wheelSpeed_RL, 0.0
1.463, VCU_wheelSpeed_RR, 0.0
1.463, IVT_MsgID_RX, 0
1.463, IVT_MsgCount, 1
1.463, IVT_Result_state, 0
1.463, IVT_I, -0.03
1.463, ThrottleAReading, 2226
1.463, ThrottleBReading, 2003
1.463, BrakeReading, 1419
1.463, ThrottleAPercent, 0.0
1.463, ThrottleBPercent, 0.0
1.463, RLSpeedKPH, 0.0
1.463, RRSpeedKPH, 0.0
1.463, FLSpeedKPH, 0.0
1.463, FRSpeedKPH, 0.0
1.463, IMD_R_iso_corrected, 0
1.463, IMD_R_iso_status, 252
1.463, IMD_R_Measurement_Counter, 1
1.463, IMD_Faults, 512
1.463, IMD_Device_activity, 1
1.463, TCTorqueMax, 3.392
1.463, TCLeftSlip, -0.999
1.463, TCRightSlip, -0.999
1.463, TCTorqueAdjustment, 0.0
1.463, ThrottleAReading, 2226
1.463, ThrottleBReading, 2004
1.463, BrakeReading, 1419
1.463, ThrottleAPercent, 0.0
1.463, ThrottleBPercent, 0.0
1.463, ThrottlePercent, 0
1.463, BrakePercent, 7
1.463, FrontBrakePressure, 19
1.463, SteeringAngle, -102
1.463, BrakeWhileThrottle, 0
1.464, ThrottleAReading, 2226
1.464, ThrottleBReading, 2007
1.464, BrakeReading, 1419
1.464, ThrottleAPercent, 0.0
1.464, ThrottleBPercent, 0.0
1.464, VoltageBusHV, 67.28
1.464, VoltageCellMax, 4.0152
1.464, VoltageCellMin, 3.8078000000000003
1.464, CurrentBusHV, 0.0
1.464, ThrottleAReading, 2226
1.464, ThrottleBReading, 2009
1.464, BrakeReading, 1419
1.464, ThrottleAPercent, 0.0
1.464, ThrottleBPercent, 0.0
1.465, AMS_PackVoltage, 538.74
1.465, IVT_MsgID_RX, 1
1.465, IVT_MsgCount, 6
1.465, IVT_Result_state, 0
1.465, IVT_U1, 67.287
1.465, IVT_MsgID_RX, 2
1.465, IVT_MsgCount, 6
1.465, IVT_Result_state, 0
1.465, IVT_U2, 0.34
1.465, IVT_MsgID_RX, 3
1.465, IVT_MsgCount, 6
1.465, IVT_Result_state, 0
1.465, IVT_U3, 0.016
1.465, ThrottlePercent, 0
1.465, BrakePercent, 7
1.465, FrontBrakePressure, 13
1.465, SteeringAngle, -102
1.465, BrakeWhileThrottle, 0
1.465, IVT_MsgID_RX, 5
1.465, IVT_MsgCount, 2
1.465, IVT_Result_state, 0
1.465, IVT_W, -2
1.465, ThrottleAReading, 2226
1.465, ThrottleBReading, 2010
1.465, BrakeReading, 1419
1.465, ThrottleAPercent, 0.0
1.465, ThrottleBPercent, 0.0
1.465, IVT_MsgID_RX, 0
1.465, IVT_MsgCount, 2
1.465, IVT_Result_state, 0
1.465, IVT_I, -0.026000000000000002
1.51, IVT_MsgID_RX, 7
1.51, IVT_MsgCount, 12
1.51, IVT_Result_state, 0
1.51, IVT_Wh, 0
1.51, ThrottleAReading, 2225
1.51, ThrottleBReading, 2011
1.51, BrakeReading, 1419
1.51, ThrottleAPercent, 0.0
1.51, ThrottleBPercent, 0.0
1.51, ThrottleAReading, 2224
1.51, ThrottleBReading, 2011
1.51, BrakeReading, 1419
1.51, ThrottleAPercent, 0.0
1.51, ThrottleBPercent, 0.0
1.51, ThrottlePercent, 0
1.51, BrakePercent, 7
1.51, FrontBrakePressure, 15
1.51, SteeringAngle, -102
1.51, BrakeWhileThrottle, 0
1.51, ThrottleAReading, 2223
1.51, ThrottleBReading, 2011
1.51, BrakeReading, 1419
1.51, ThrottleAPercent, 0.0
1.51, ThrottleBPercent, 0.0
1.51, StateBatteryChargeHV, 98.80000000000001
1.51, StateBatteryHealthHV, 0.0
1.51, StateBatteryPowerHV, 112.60000000000001
1.51, TempCellMax, 28.25
1.51, TempCellMin, 0.0
1.51, StateBMS, Wait_System_Up
1.51, HighestTempThermistor, 162
1.51, VoltageCellMuxSelect, 29
1.51, VoltageCell88, 3.9206000000000003
1.51, VoltageCell89, 3.9094
1.51, VoltageCell90, 3.9133
1.511, AdjustedVoltageCellMuxSelect, 29
1.511, AdjustedVoltageCell88, 3.9168000000000003
1.511, AdjustedVoltageCell89, 3.9054
1.511, AdjustedVoltageCell90, 3.9092000000000002
1.511, ChannelCurrentRadiator, 0.201
1.511, ChannelCurrentAccFan, 0.214
1.511, ChannelCurrentPump1, 0.0
1.511, ChannelCurrentPump2, 0.214
1.511, ChannelCurrentAUX1, 0.0
1.511, ChannelCurrentAUX2, 0.214
1.511, ChannelCurrentAUX3, 0.0
1.511, ChannelCurrentAUX4, 0.187
1.511, ThrottleAReading, 2223
1.511, ThrottleBReading, 2011
1.511, BrakeReading, 1419
1.511, ThrottleAPercent, 0.0
1.511, ThrottleBPercent, 0.0
1.511, ChannelCurrentBrakeLight, 0.0
1.511, ChannelCurrentInverter, 0.0
1.511, ChannelCurrentBMU, 0.657
1.511, ChannelCurrentCDU, 0.456
1.511, ChannelCurrentTCU, 0.362
1.511, ChannelCurrentWSB, 0.657
1.511, TempChannelMuxSelect, 29
1.511, TempChannel88, 24.519999999999996
1.511, TempChannel89, 26.450000000000003
1.511, TempChannel90, 26.99000000000001
1.511, IVT_MsgID_RX, 5
1.511, IVT_MsgCount, 3
1.511, IVT_Result_state, 0
1.511, IVT_W, -2
1.511, VCU_wheelSpeed_RL, 0.0
1.511, VCU_wheelSpeed_RR, 0.0
1.511, ThrottlePercent, 0
1.511, BrakePercent, 7
1.511, FrontBrakePressure, 12
1.511, SteeringAngle, -102
1.511, BrakeWhileThrottle, 0
1.511, ThrottleAReading, 2223
1.511, ThrottleBReading, 2011
1.511, BrakeReading, 1419
1.511, ThrottleAPercent, 0.0
1.511, ThrottleBPercent, 0.0
1.511, RLSpeedKPH, 0.0
1.511, RRSpeedKPH, 0.0
1.511, FLSpeedKPH, 0.0
1.511, FRSpeedKPH, 0.0
1.511, TCTorqueMax, 3.392
1.511, TCLeftSlip, -0.999
1.511, TCRightSlip, -0.999
1.511, TCTorqueAdjustment, 0.0
1.511, IVT_MsgID_RX, 0
1.511, IVT_MsgCount, 3
1.511, IVT_Result_state, 0
1.511, IVT_I, -0.031
1.511, ThrottleAReading, 2223
1.511, ThrottleBReading, 2011
1.511, BrakeReading, 1419
1.511, ThrottleAPercent, 0.0
1.511, ThrottleBPercent, 0.0
1.544, ThrottleAReading, 2223
1.544, ThrottleBReading, 2012
1.544, BrakeReading, 1419
1.544, ThrottleAPercent, 0.0
1.544, ThrottleBPercent, 0.0
1.544, ThrottlePercent, 0
1.544, BrakePercent, 7
1.544, FrontBrakePressure, 19
1.544, SteeringAngle, -102
1.544, BrakeWhileThrottle, 0
1.544, ThrottleAReading, 2223
1.544, ThrottleBReading, 2013
1.544, BrakeReading, 1419
1.544, ThrottleAPercent, 0.0
1.544, ThrottleBPercent, 0.0
1.544, IVT_MsgID_RX, 7
1.544, IVT_MsgCount, 13
1.544, IVT_Result_state, 0
1.544, IVT_Wh, 0
1.544, ThrottleAReading, 2223
1.544, ThrottleBReading, 2013
1.544, BrakeReading, 1419
1.544, ThrottleAPercent, 0.0
1.544, ThrottleBPercent, 0.0
1.544, IVT_MsgID_RX, 5
1.544, IVT_MsgCount, 4
1.544, IVT_Result_state, 0
1.544, IVT_W, -2
1.544, ThrottlePercent, 0
1.544, BrakePercent, 7
1.544, FrontBrakePressure, 18
1.544, SteeringAngle, -102
1.544, BrakeWhileThrottle, 0
1.544, ThrottleAReading, 2223
1.544, ThrottleBReading, 2013
1.544, BrakeReading, 1419
1.544, ThrottleAPercent, 0.0
1.544, ThrottleBPercent, 0.0
1.544, IVT_MsgID_RX, 0
1.544, IVT_MsgCount, 4
1.544, IVT_Result_state, 0
1.544, IVT_I, -0.036000000000000004
1.544, ThrottleAReading, 2223
1.544, ThrottleBReading, 2013
1.544, BrakeReading, 1419
1.544, ThrottleAPercent, 0.0
1.544, ThrottleBPercent, 0.0
1.544, ThrottleAReading, 2222
1.544, ThrottleBReading, 2013
1.544, BrakeReading, 1419
1.544, ThrottleAPercent, 0.0
1.544, ThrottleBPercent, 0.0
1.545, ThrottlePercent, 0
1.545, BrakePercent, 7
1.545, FrontBrakePressure, 18
1.545, SteeringAngle, -102
1.545, BrakeWhileThrottle, 0
1.545, ThrottleAReading, 2222
1.545, ThrottleBReading, 2013
1.545, BrakeReading, 1419
1.545, ThrottleAPercent, 0.0
1.545, ThrottleBPercent, 0.0
1.546, VCU_wheelSpeed_RL, 0.0
1.546, VCU_wheelSpeed_RR, 0.0
1.56, BMU_checkFailed, BSPD_FAILED
1.56, BMU_InterlockInitialized, 0
1.56, VoltageCellMuxSelect, 30
1.56, VoltageCell91, 3.8167
1.56, VoltageCell92, 3.8194000000000004
1.56, VoltageCell93, 3.8199
1.56, RLSpeedKPH, 0.0
1.56, RRSpeedKPH, 0.0
1.56, FLSpeedKPH, 0.0
1.56, FRSpeedKPH, 0.0
1.56, AdjustedVoltageCellMuxSelect, 30
1.56, AdjustedVoltageCell91, 3.8125
1.56, AdjustedVoltageCell92, 3.8155
1.56, AdjustedVoltageCell93, 3.8161
1.56, ThrottleAReading, 2222
1.56, ThrottleBReading, 2013
1.56, BrakeReading, 1419
1.56, ThrottleAPercent, 0.0
1.56, ThrottleBPercent, 0.0
1.56, IVT_MsgID_RX, 1
1.56, IVT_MsgCount, 7
1.56, IVT_Result_state, 0
1.56, IVT_U1, 65.962
1.56, IVT_MsgID_RX, 2
1.56, IVT_MsgCount, 7
1.56, IVT_Result_state, 0
1.56, IVT_U2, 0.249
1.56, TCTorqueMax, 3.392
1.56, TCLeftSlip, -0.999
1.56, TCRightSlip, -0.999
1.56, TCTorqueAdjustment, 0.0
1.56, IVT_MsgID_RX, 3
1.56, IVT_MsgCount, 7
1.56, IVT_Result_state, 0
1.56, IVT_U3, 0.012
1.56, IVT_MsgID_RX, 5
1.56, IVT_MsgCount, 5
1.56, IVT_Result_state, 0
1.56, IVT_W, -1
1.56, ThrottlePercent, 0
1.56, BrakePercent, 7
1.56, FrontBrakePressure, 13
1.56, SteeringAngle, -102
1.56, BrakeWhileThrottle, 0
1.56, TempChannelMuxSelect, 30
1.56, TempChannel91, 27.040000000000006
1.56, TempChannel92, 27.150000000000006
1.56, TempChannel93, 26.710000000000008
1.56, ThrottleAReading, 2221
1.56, ThrottleBReading, 2013
1.56, BrakeReading, 1419
1.56, ThrottleAPercent, 0.0
1.56, ThrottleBPercent, 0.0
1.56, IVT_MsgID_RX, 0
1.56, IVT_MsgCount, 5
1.56, IVT_Result_state, 0
1.56, IVT_I, -0.034
1.561, IVT_MsgID_RX, 7
1.561, IVT_MsgCount, 14
1.561, IVT_Result_state, 0
1.561, IVT_Wh, 0
1.561, ThrottleAReading, 2220
1.561, ThrottleBReading, 2013
1.561, BrakeReading, 1419
1.561, ThrottleAPercent, 0.0
1.561, ThrottleBPercent, 0.0
1.561, ThrottleAReading, 2220
1.561, ThrottleBReading, 2014
1.561, BrakeReading, 1419
1.561, ThrottleAPercent, 0.0
1.561, ThrottleBPercent, 0.0
1.561, ThrottlePercent, 0
1.561, BrakePercent, 7
1.561, FrontBrakePressure, 11
1.561, SteeringAngle, -102
1.561, BrakeWhileThrottle, 0
1.561, ThrottleAReading, 2220
1.561, ThrottleBReading, 2015
1.561, BrakeReading, 1419
1.561, ThrottleAPercent, 0.0
1.561, ThrottleBPercent, 0.0
1.561, ThrottleAReading, 2220
1.561, ThrottleBReading, 2016
1.561, BrakeReading, 1419
1.561, ThrottleAPercent, 0.0
1.561, ThrottleBPercent, 0.0
1.561, IVT_MsgID_RX, 5
1.561, IVT_MsgCount, 6
1.561, IVT_Result_state, 0
1.561, IVT_W, -1
1.561, ThrottlePercent, 0
1.561, BrakePercent, 7
1.561, FrontBrakePressure, 13
1.561, SteeringAngle, -102
1.561, BrakeWhileThrottle, 0
1.561, ThrottleAReading, 2220
1.561, ThrottleBReading, 2019
1.561, BrakeReading, 1419
1.561, ThrottleAPercent, 0.0
1.561, ThrottleBPercent, 0.0
1.561, IVT_MsgID_RX, 0
1.561, IVT_MsgCount, 6
1.561, IVT_Result_state, 0
1.561, IVT_I, -0.032
1.561, ThrottleAReading, 2218
1.561, ThrottleBReading, 2021
1.561, BrakeReading, 1418
1.561, ThrottleAPercent, 0.0
1.561, ThrottleBPercent, 0.0
1.561, IMD_R_iso_corrected, 0
1.561, IMD_R_iso_status, 252
1.561, IMD_R_Measurement_Counter, 1
1.561, IMD_Faults, 512
1.561, IMD_Device_activity, 1
1.561, ThrottleAReading, 2217
1.561, ThrottleBReading, 2021
1.561, BrakeReading, 1418
1.561, ThrottleAPercent, 0.0
1.561, ThrottleBPercent, 0.0
1.561, ThrottlePercent, 0
1.561, BrakePercent, 6
1.561, FrontBrakePressure, 14
1.561, SteeringAngle, -102
1.561, BrakeWhileThrottle, 0
1.562, VCU_wheelSpeed_RL, 0.0
1.562, VCU_wheelSpeed_RR, 0.0
1.562, RLSpeedKPH, 0.0
1.562, RRSpeedKPH, 0.0
1.562, FLSpeedKPH, 0.0
1.562, FRSpeedKPH, 0.0
1.562, ThrottleAReading, 2216
1.562, ThrottleBReading, 2021
1.562, BrakeReading, 1418
1.562, ThrottleAPercent, 0.0
1.562, ThrottleBPercent, 0.0
1.563, TCTorqueMax, 3.392
1.563, TCLeftSlip, -0.999
1.563, TCRightSlip, -0.999
1.563, TCTorqueAdjustment, 0.0
1.563, IVT_MsgID_RX, 7
1.563, IVT_MsgCount, 15
1.563, IVT_Result_state, 0
1.563, IVT_Wh, 0
1.563, IVT_MsgID_RX, 5
1.563, IVT_MsgCount, 7
1.563, IVT_Result_state, 0
1.563, IVT_W, -1
1.563, ThrottleAReading, 2215
1.563, ThrottleBReading, 2021
1.563, BrakeReading, 1419
1.563, ThrottleAPercent, 0.0
1.563, ThrottleBPercent, 0.0
1.563, ThrottlePercent, 0
1.563, BrakePercent, 7
1.563, FrontBrakePressure, 21
1.563, SteeringAngle, -102
1.563, BrakeWhileThrottle, 0
1.563, VoltageBusHV, 65.96000000000001
1.563, VoltageCellMax, 4.0166
1.563, VoltageCellMin, 3.8083
1.563, CurrentBusHV, 0.0
1.563, ThrottleAReading, 2214
1.563, ThrottleBReading, 2021
1.563, BrakeReading, 1419
1.563, ThrottleAPercent, 0.0
1.563, ThrottleBPercent, 0.0
1.563, AMS_PackVoltage, 538.8
1.563, VoltageCellMuxSelect, 31
1.563, VoltageCell94, 3.8204000000000002
1.563, VoltageCell95, 3.8203
1.563, VoltageCell96, 3.8202000000000003
1.563, IVT_MsgID_RX, 0
1.563, IVT_MsgCount, 7
1.563, IVT_Result_state, 0
1.563, IVT_I, -0.029
1.563, VoltageBusLV, 12.014000000000001
1.563, CurrentBusLV, 0.0
1.563, PowerBusLV, 0
1.61, ThrottleAReading, 2213
1.61, ThrottleBReading, 2021
1.61, BrakeReading, 1420
1.61, ThrottleAPercent, 0.0
1.61, ThrottleBPercent, 0.0
1.61, ThrottleAReading, 2213
1.61, ThrottleBReading, 2022
1.61, BrakeReading, 1420
1.61, ThrottleAPercent, 0.0
1.61, ThrottleBPercent, 0.0
1.61, ThrottlePercent, 0
1.61, BrakePercent, 7
1.61, FrontBrakePressure, 16
1.61, SteeringAngle, -102
1.61, BrakeWhileThrottle, 0
1.61, ThrottleAReading, 2213
1.61, ThrottleBReading, 2024
1.61, BrakeReading, 1420
1.61, ThrottleAPercent, 0.0
1.61, ThrottleBPercent, 0.0
1.61, ChannelCurrentRadiator, 0.201
1.61, ChannelCurrentAccFan, 0.214
1.61, ChannelCurrentPump1, 0.0
1.61, ChannelCurrentPump2, 0.214
1.61, ChannelCurrentAUX1, 0.0
1.61, ChannelCurrentAUX2, 0.201
1.61, ChannelCurrentAUX3, 0.0
1.61, ChannelCurrentAUX4, 0.214
1.61, ThrottleAReading, 2213
1.61, ThrottleBReading, 2026
1.61, BrakeReading, 1419
1.61, ThrottleAPercent, 0.0
1.61, ThrottleBPercent, 0.0
1.61, ChannelCurrentBrakeLight, 0.0
1.61, ChannelCurrentInverter, 0.0
1.61, ChannelCurrentBMU, 0.5630000000000001
1.61, ChannelCurrentCDU, 0.456
1.61, ChannelCurrentTCU, 0.375
1.61, ChannelCurrentWSB, 0.644
1.61, IVT_MsgID_RX, 1
1.61, IVT_MsgCount, 8
1.61, IVT_Result_state, 0
1.61, IVT_U1, 65.042
1.61, IVT_MsgID_RX, 2
1.61, IVT_MsgCount, 8
1.61, IVT_Result_state, 0
1.61, IVT_U2, 0.114
1.61, IVT_MsgID_RX, 3
1.61, IVT_MsgCount, 8
1.61, IVT_Result_state, 0
1.61, IVT_U3, 0.027
1.61, IVT_MsgID_RX, 5
1.61, IVT_MsgCount, 8
1.61, IVT_Result_state, 0
1.61, IVT_W, -1
1.61, ThrottlePercent, 0
1.61, BrakePercent, 7
1.61, FrontBrakePressure, 18
1.61, SteeringAngle, -102
1.61, BrakeWhileThrottle, 0
1.61, ThrottleAReading, 2213
1.61, ThrottleBReading, 2028
1.61, BrakeReading, 1419
1.61, ThrottleAPercent, 0.0
1.61, ThrottleBPercent, 0.0
1.611, IVT_MsgID_RX, 0
1.611, IVT_MsgCount, 8
1.611, IVT_Result_state, 0
1.611, IVT_I, -0.029
1.611, IVT_MsgID_RX, 7
1.611, IVT_MsgCount, 0
1.611, IVT_Result_state, 0
1.611, IVT_Wh, 0
1.611, VCU_wheelSpeed_RL, 0.0
1.611, VCU_wheelSpeed_RR, 0.0
1.611, ThrottleAReading, 2211
1.611, ThrottleBReading, 2029
1.611, BrakeReading, 1420
1.611, ThrottleAPercent, 0.0
1.611, ThrottleBPercent, 0.0
1.611, RLSpeedKPH, 0.0
1.611, RRSpeedKPH, 0.0
1.611, FLSpeedKPH, 0.0
1.611, FRSpeedKPH, 0.0
1.611, TCTorqueMax, 3.392
1.611, TCLeftSlip, -0.999
1.611, TCRightSlip, -0.999
1.611, TCTorqueAdjustment, 0.0
1.611, StateBatteryChargeHV, 98.80000000000001
1.611, StateBatteryHealthHV, 0.0
1.611, StateBatteryPowerHV, 112.60000000000001
1.611, TempCellMax, 28.25
1.611, TempCellMin, 0.0
1.611, StateBMS, Wait_System_Up
1.611, HighestTempThermistor, 162
1.611, ThrottlePercent, 0
1.611, BrakePercent, 7
1.611, FrontBrakePressure, 19
1.611, SteeringAngle, -102
1.611, BrakeWhileThrottle, 0
1.611, ThrottleAReading, 2209
1.611, ThrottleBReading, 2029
1.611, BrakeReading, 1420
1.611, ThrottleAPercent, 0.0
1.611, ThrottleBPercent, 0.0
1.611, TempChannelMuxSelect, 31
1.611, TempChannel94, 26.659999999999997
1.611, TempChannel95, 0.0
1.611, TempChannel96, 26.799999999999997
1.611, ThrottleAReading, 2209
1.611, ThrottleBReading, 2029
1.611, BrakeReading, 1420
1.611, ThrottleAPercent, 0.0
1.611, ThrottleBPercent, 0.0
1.611, IVT_MsgID_RX, 5
1.611, IVT_MsgCount, 9
1.611, IVT_Result_state, 0
1.611, IVT_W, -1
1.611, ThrottleAReading, 2209
1.611, ThrottleBReading, 2029
1.611, BrakeReading, 1420
1.611, ThrottleAPercent, 0.0
1.611, ThrottleBPercent, 0.0
1.612, ThrottlePercent, 0
1.612, BrakePercent, 7
1.612, FrontBrakePressure, 21
1.612, SteeringAngle, -102
1.612, BrakeWhileThrottle, 0
1.612, ThrottleAReading, 2208
1.612, ThrottleBReading, 2029
1.612, BrakeReading, 1420
1.612, ThrottleAPercent, 0.0
1.612, ThrottleBPercent, 0.0
1.613, IVT_MsgID_RX, 0
1.613, IVT_MsgCount, 9
1.613, IVT_Result_state, 0
1.613, IVT_I, -0.032
1.613, ThrottleAReading, 2208
1.613, ThrottleBReading, 2029
1.613, BrakeReading, 1420
1.613, ThrottleAPercent, 0.0
1.613, ThrottleBPercent, 0.0
1.613, ThrottleAReading, 2208
1.613, ThrottleBReading, 2029
1.613, BrakeReading, 1420
1.613, ThrottleAPercent, 0.0
1.613, ThrottleBPercent, 0.0
1.613, ThrottlePercent, 0
1.613, BrakePercent, 7
1.613, FrontBrakePressure, 16
1.613, SteeringAngle, -102
1.613, BrakeWhileThrottle, 0
1.613, BMU_checkFailed, BSPD_FAILED
1.613, BMU_InterlockInitialized, 0
1.613, VoltageCellMuxSelect, 32
1.613, VoltageCell97, 3.8175000000000003
1.613, VoltageCell98, 3.9231000000000003
1.613, VoltageCell99, 3.9096
1.613, IVT_MsgID_RX, 7
1.613, IVT_MsgCount, 1
1.613, IVT_Result_state, 0
1.613, IVT_Wh, 0
1.613, ThrottleAReading, 2208
1.613, ThrottleBReading, 2029
1.613, BrakeReading, 1420
1.613, ThrottleAPercent, 0.0
1.613, ThrottleBPercent, 0.0
1.66, AdjustedVoltageCellMuxSelect, 32
1.66, AdjustedVoltageCell97, 3.8132
1.66, AdjustedVoltageCell98, 3.9194
1.66, AdjustedVoltageCell99, 3.9054
1.66, IVT_MsgID_RX, 5
1.66, IVT_MsgCount, 10
1.66, IVT_Result_state, 0
1.66, IVT_W, -1
1.66, ThrottleAReading, 2208
1.66, ThrottleBReading, 2030
1.66, BrakeReading, 1420
1.66, ThrottleAPercent, 0.0
1.66, ThrottleBPercent, 0.0
1.66, TempChannelMuxSelect, 32
1.66, TempChannel97, 27.11
1.66, TempChannel98, 26.799999999999997
1.66, TempChannel99, 27.120000000000005
1.66, VCU_wheelSpeed_RL, 0.0
1.66, VCU_wheelSpeed_RR, 0.0
1.661, ThrottlePercent, 0
1.661, BrakePercent, 7
1.661, FrontBrakePressure, 13
1.661, SteeringAngle, -102
1.661, BrakeWhileThrottle, 0
1.661, ThrottleAReading, 2208
1.661, ThrottleBReading, 2030
1.661, BrakeReading, 1420
1.661, ThrottleAPercent, 0.0
1.661, ThrottleBPercent, 0.0
1.661, RLSpeedKPH, 0.0
1.661, RRSpeedKPH, 0.0
1.661, FLSpeedKPH, 0.0
1.661, FRSpeedKPH, 0.0
1.661, IVT_MsgID_RX, 0
1.661, IVT_MsgCount, 10
1.661, IVT_Result_state, 0
1.661, IVT_I, -0.033
1.661, TCTorqueMax, 3.392
1.661, TCLeftSlip, -0.999
1.661, TCRightSlip, -0.999
1.661, TCTorqueAdjustment, 0.0
1.661, ThrottleAReading, 2208
1.661, ThrottleBReading, 2030
1.661, BrakeReading, 1420
1.661, ThrottleAPercent, 0.0
1.661, ThrottleBPercent, 0.0
1.661, ThrottleAReading, 2208
1.661, ThrottleBReading, 2030
1.661, BrakeReading, 1419
1.661, ThrottleAPercent, 0.0
1.661, ThrottleBPercent, 0.0
1.661, ThrottlePercent, 0
1.661, BrakePercent, 7
1.661, FrontBrakePressure, 16
1.661, SteeringAngle, -102
1.661, BrakeWhileThrottle, 0
1.661, ThrottleAReading, 2207
1.661, ThrottleBReading, 2030
1.661, BrakeReading, 1419
1.661, ThrottleAPercent, 0.0
1.661, ThrottleBPercent, 0.0
1.661, IVT_MsgID_RX, 1
1.661, IVT_MsgCount, 9
1.661, IVT_Result_state, 0
1.661, IVT_U1, 64.181
1.661, IVT_MsgID_RX, 2
1.661, IVT_MsgCount, 9
1.661, IVT_Result_state, 0
1.661, IVT_U2, 0.23
1.661, ThrottleAReading, 2207
1.661, ThrottleBReading, 2030
1.661, BrakeReading, 1419
1.661, ThrottleAPercent, 0.0
1.661, ThrottleBPercent, 0.0
1.661, IVT_MsgID_RX, 3
1.661, IVT_MsgCount, 9
1.661, IVT_Result_state, 0
1.661, IVT_U3, 0.027
1.661, IVT_MsgID_RX, 5
1.661, IVT_MsgCount, 11
1.661, IVT_Result_state, 0
1.661, IVT_W, -1
1.661, ThrottlePercent, 0
1.661, BrakePercent, 7
1.661, FrontBrakePressure, 18
1.661, SteeringAngle, -102
1.661, BrakeWhileThrottle, 0
1.662, ThrottleAReading, 2207
1.662, ThrottleBReading, 2030
1.662, BrakeReading, 1419
1.662, ThrottleAPercent, 0.0
1.662, ThrottleBPercent, 0.0
1.662, IVT_MsgID_RX, 0
1.662, IVT_MsgCount, 11
1.662, IVT_Result_state, 0
1.662, IVT_I, -0.024
1.662, IVT_MsgID_RX, 7
1.662, IVT_MsgCount, 2
1.662, IVT_Result_state, 0
1.662, IVT_Wh, 0
1.662, ThrottleAReading, 2207
1.662, ThrottleBReading, 2030
1.662, BrakeReading, 1419
1.662, ThrottleAPercent, 0.0
1.662, ThrottleBPercent, 0.0
1.662, IMD_R_iso_corrected, 0
1.662, IMD_R_iso_status, 252
1.662, IMD_R_Measurement_Counter, 1
1.662, IMD_Faults, 512
1.662, IMD_Device_activity, 1
1.662, ThrottleAReading, 2207
1.662, ThrottleBReading, 2030
1.662, BrakeReading, 1420
1.662, ThrottleAPercent, 0.0
1.662, ThrottleBPercent, 0.0
1.662, ThrottlePercent, 0
1.662, BrakePercent, 7
1.662, FrontBrakePressure, 14
1.662, SteeringAngle, -102
1.662, BrakeWhileThrottle, 0
1.662, ThrottleAReading, 2207
1.662, ThrottleBReading, 2030
1.662, BrakeReading, 1420
1.662, ThrottleAPercent, 0.0
1.662, ThrottleBPercent, 0.0
1.662, VCU_wheelSpeed_RL, 0.0
1.662, VCU_wheelSpeed_RR, 0.0
1.662, IVT_MsgID_RX, 5
1.662, IVT_MsgCount, 12
1.662, IVT_Result_state, 0
1.662, IVT_W, -1
1.663, RLSpeedKPH, 0.0
1.663, RRSpeedKPH, 0.0
1.663, FLSpeedKPH, 0.0
1.663, FRSpeedKPH, 0.0
1.663, ThrottleAReading, 2207
1.663, ThrottleBReading, 2030
1.663, BrakeReading, 1419
1.663, ThrottleAPercent, 0.0
1.663, ThrottleBPercent, 0.0
1.663, TCTorqueMax, 3.392
1.663, TCLeftSlip, -0.999
1.663, TCRightSlip, -0.999
1.663, TCTorqueAdjustment, 0.0
1.663, ThrottlePercent, 0
1.663, BrakePercent, 7
1.663, FrontBrakePressure, 13
1.663, SteeringAngle, -102
1.663, BrakeWhileThrottle, 0
1.695, IVT_MsgID_RX, 0
1.695, IVT_MsgCount, 12
1.695, IVT_Result_state, 0
1.695, IVT_I, -0.028
1.695, ThrottleAReading, 2207
1.695, ThrottleBReading, 2030
1.695, BrakeReading, 1419
1.695, ThrottleAPercent, 0.0
1.695, ThrottleBPercent, 0.0
1.695, VoltageBusHV, 64.18
1.695, VoltageCellMax, 4.0164
1.695, VoltageCellMin, 3.8087
1.695, CurrentBusHV, 0.0
1.695, VoltageCellMuxSelect, 33
1.695, VoltageCell100, 3.9101000000000004
1.695, VoltageCell101, 3.8246
1.695, VoltageCell102, 3.8198000000000003
1.71, AMS_PackVoltage, 538.86
1.71, AdjustedVoltageCellMuxSelect, 33
1.71, AdjustedVoltageCell100, 3.9059000000000004
1.71, AdjustedVoltageCell101, 3.8199
1.71, AdjustedVoltageCell102, 3.8152000000000004
1.71, ThrottleAReading, 2207
1.71, ThrottleBReading, 2030
1.71, BrakeReading, 1419
1.71, ThrottleAPercent, 0.0
1.71, ThrottleBPercent, 0.0
1.71, TempChannelMuxSelect, 33
1.71, TempChannel100, 26.810000000000002
1.71, TempChannel101, 27.13000000000001
1.71, TempChannel102, 26.88000000000001
1.71, ThrottleAReading, 2207
1.71, ThrottleBReading, 2030
1.71, BrakeReading, 1419
1.71, ThrottleAPercent, 0.0
1.71, ThrottleBPercent, 0.0
1.71, ThrottlePercent, 0
1.71, BrakePercent, 7
1.71, FrontBrakePressure, 11
1.71, SteeringAngle, -102
1.71, BrakeWhileThrottle, 0
1.71, IVT_MsgID_RX, 7
1.71, IVT_MsgCount, 3
1.71, IVT_Result_state, 0
1.71, IVT_Wh, 0
1.71, ThrottleAReading, 2207
1.71, ThrottleBReading, 2030
1.71, BrakeReading, 1419
1.71, ThrottleAPercent, 0.0
1.71, ThrottleBPercent, 0.0
1.71, IVT_MsgID_RX, 5
1.71, IVT_MsgCount, 13
1.71, IVT_Result_state, 0
1.71, IVT_W, -1
1.71, ChannelCurrentRadiator, 0.214
1.71, ChannelCurrentAccFan, 0.214
1.71, ChannelCurrentPump1, 0.0
1.71, ChannelCurrentPump2, 0.214
1.71, ChannelCurrentAUX1, 0.0
1.71, ChannelCurrentAUX2, 0.17400000000000002
1.71, ChannelCurrentAUX3, 0.0
1.71, ChannelCurrentAUX4, 0.201
1.711, ThrottleAReading, 2207
1.711, ThrottleBReading, 2030
1.711, BrakeReading, 1419
1.711, ThrottleAPercent, 0.0
1.711, ThrottleBPercent, 0.0
1.711, ChannelCurrentBrakeLight, 0.0
1.711, ChannelCurrentInverter, 0.0
1.711, ChannelCurrentBMU, 0.657
1.711, ChannelCurrentCDU, 0.456
1.711, ChannelCurrentTCU, 0.362
1.711, ChannelCurrentWSB, 0.657
1.711, ThrottlePercent, 0
1.711, BrakePercent, 7
1.711, FrontBrakePressure, 19
1.711, SteeringAngle, -102
1.711, BrakeWhileThrottle, 0
1.711, IVT_MsgID_RX, 0
1.711, IVT_MsgCount, 13
1.711, IVT_Result_state, 0
1.711, IVT_I, -0.032
1.711, ThrottleAReading, 2207
1.711, ThrottleBReading, 2030
1.711, BrakeReading, 1419
1.711, ThrottleAPercent, 0.0
1.711, ThrottleBPercent, 0.0
1.711, ThrottleAReading, 2207
1.711, ThrottleBReading, 2030
1.711, BrakeReading, 1419
1.711, ThrottleAPercent, 0.0
1.711, ThrottleBPercent, 0.0
1.711, ThrottleAReading, 2207
1.711, ThrottleBReading, 2030
1.711, BrakeReading, 1419
1.711, ThrottleAPercent, 0.0
1.711, ThrottleBPercent, 0.0
1.711, ThrottlePercent, 0
1.711, BrakePercent, 7
1.711, FrontBrakePressure, 20
1.711, SteeringAngle, -102
1.711, BrakeWhileThrottle, 0
1.711, VCU_wheelSpeed_RL, 0.0
1.711, VCU_wheelSpeed_RR, 0.0
1.711, RLSpeedKPH, 0.0
1.711, RRSpeedKPH, 0.0
1.711, FLSpeedKPH, 0.0
1.711, FRSpeedKPH, 0.0
1.711, ThrottleAReading, 2207
1.711, ThrottleBReading, 2030
1.711, BrakeReading, 1419
1.711, ThrottleAPercent, 0.0
1.711, ThrottleBPercent, 0.0
1.711, TCTorqueMax, 3.392
1.711, TCLeftSlip, -0.999
1.711, TCRightSlip, -0.999
1.711, TCTorqueAdjustment, 0.0
1.711, IVT_MsgID_RX, 1
1.711, IVT_MsgCount, 10
1.711, IVT_Result_state, 0
1.711, IVT_U1, 63.607
1.711, IVT_MsgID_RX, 2
1.711, IVT_MsgCount, 10
1.711, IVT_Result_state, 0
1.711, IVT_U2, 0.195
1.712, IVT_MsgID_RX, 3
1.712, IVT_MsgCount, 10
1.712, IVT_Result_state, 0
1.712, IVT_U3, 0.027
1.712, IVT_MsgID_RX, 5
1.712, IVT_MsgCount, 14
1.712, IVT_Result_state, 0
1.712, IVT_W, -1
1.712, ThrottleAReading, 2207
1.712, ThrottleBReading, 2030
1.712, BrakeReading, 1419
1.712, ThrottleAPercent, 0.0
1.712, ThrottleBPercent, 0.0
1.713, ThrottlePercent, 0
1.713, BrakePercent, 7
1.713, FrontBrakePressure, 16
1.713, SteeringAngle, -102
1.713, BrakeWhileThrottle, 0
1.713, IVT_MsgID_RX, 0
1.713, IVT_MsgCount, 14
1.713, IVT_Result_state, 0
1.713, IVT_I, -0.024
1.713, ThrottleAReading, 2207
1.713, ThrottleBReading, 2030
1.713, BrakeReading, 1419
1.713, ThrottleAPercent, 0.0
1.713, ThrottleBPercent, 0.0
1.713, IVT_MsgID_RX, 7
1.713, IVT_MsgCount, 4
1.713, IVT_Result_state, 0
1.713, IVT_Wh, 0
1.713, StateBatteryChargeHV, 98.80000000000001
1.713, StateBatteryHealthHV, 0.0
1.713, StateBatteryPowerHV, 112.60000000000001
1.713, TempCellMax, 28.25
1.713, TempCellMin, 24.75
1.713, StateBMS, Wait_System_Up
1.713, HighestTempThermistor, 162
1.713, ThrottleAReading, 2207
1.713, ThrottleBReading, 2029
1.713, BrakeReading, 1419
1.713, ThrottleAPercent, 0.0
1.713, ThrottleBPercent, 0.0
1.713, ThrottleAReading, 2207
1.713, ThrottleBReading, 2029
1.713, BrakeReading, 1420
1.713, ThrottleAPercent, 0.0
1.713, ThrottleBPercent, 0.0
1.713, ThrottlePercent, 0
1.713, BrakePercent, 7
1.713, FrontBrakePressure, 19
1.713, SteeringAngle, -102
1.713, BrakeWhileThrottle, 0
1.713, ThrottleAReading, 2207
1.713, ThrottleBReading, 2029
1.713, BrakeReading, 1420
1.713, ThrottleAPercent, 0.0
1.713, ThrottleBPercent, 0.0
1.76, IVT_MsgID_RX, 5
1.76, IVT_MsgCount, 15
1.76, IVT_Result_state, 0
1.76, IVT_W, -1
1.76, BMU_checkFailed, BSPD_FAILED
1.76, BMU_InterlockInitialized, 0
1.761, VoltageCellMuxSelect, 34
1.761, VoltageCell103, 3.8201
1.761, VoltageCell104, 3.8198000000000003
1.761, VoltageCell105, 3.8195
1.761, AdjustedVoltageCellMuxSelect, 34
1.761, AdjustedVoltageCell103, 3.8159
1.761, AdjustedVoltageCell104, 3.8158000000000003
1.761, AdjustedVoltageCell105, 3.8154000000000003
1.761, ThrottleAReading, 2207
1.761, ThrottleBReading, 2029
1.761, BrakeReading, 1419
1.761, ThrottleAPercent, 0.0
1.761, ThrottleBPercent, 0.0
1.761, ThrottlePercent, 0
1.761, BrakePercent, 7
1.761, FrontBrakePressure, 12
1.761, SteeringAngle, -102
1.761, BrakeWhileThrottle, 0
1.761, IVT_MsgID_RX, 0
1.761, IVT_MsgCount, 15
1.761, IVT_Result_state, 0
1.761, IVT_I, -0.026000000000000002
1.761, ThrottleAReading, 2207
1.761, ThrottleBReading, 2029
1.761, BrakeReading, 1419
1.761, ThrottleAPercent, 0.0
1.761, ThrottleBPercent, 0.0
1.761, TempChannelMuxSelect, 34
1.761, TempChannel103, 24.519999999999996
1.761, TempChannel104, 26.89
1.761, TempChannel105, 24.519999999999996
1.761, VCU_wheelSpeed_RL, 0.0
1.761, VCU_wheelSpeed_RR, 0.0
1.761, ThrottleAReading, 2207
1.761, ThrottleBReading, 2028
1.761, BrakeReading, 1419
1.761, ThrottleAPercent, 0.0
1.761, ThrottleBPercent, 0.0
1.761, RLSpeedKPH, 0.0
1.761, RRSpeedKPH, 0.0
1.761, FLSpeedKPH, 0.0
1.761, FRSpeedKPH, 0.0
1.761, TCTorqueMax, 3.392
1.761, TCLeftSlip, -0.999
1.761, TCRightSlip, -0.999
1.761, TCTorqueAdjustment, 0.0
1.761, ThrottleAReading, 2207
1.761, ThrottleBReading, 2028
1.761, BrakeReading, 1419
1.761, ThrottleAPercent, 0.0
1.761, ThrottleBPercent, 0.0
1.761, ThrottlePercent, 0
1.761, BrakePercent, 7
1.761, FrontBrakePressure, 18
1.761, SteeringAngle, -102
1.761, BrakeWhileThrottle, 0
1.761, IVT_MsgID_RX, 7
1.761, IVT_MsgCount, 5
1.761, IVT_Result_state, 0
1.761, IVT_Wh, 0
1.761, ThrottleAReading, 2207
1.761, ThrottleBReading, 2028
1.761, BrakeReading, 1419
1.761, ThrottleAPercent, 0.0
1.761, ThrottleBPercent, 0.0
1.762, IVT_MsgID_RX, 5
1.762, IVT_MsgCount, 0
1.762, IVT_Result_state, 0
1.762, IVT_W, -1
1.762, ThrottleAReading, 2207
1.762, ThrottleBReading, 2028
1.762, BrakeReading, 1420
1.762, ThrottleAPercent, 0.0
1.762, ThrottleBPercent, 0.0
1.762, ThrottlePercent, 0
1.762, BrakePercent, 7
1.762, FrontBrakePressure, 20
1.762, SteeringAngle, -102
1.762, BrakeWhileThrottle, 0
1.762, IVT_MsgID_RX, 0
1.762, IVT_MsgCount, 0
1.762, IVT_Result_state, 0
1.762, IVT_I, -0.029
1.762, ThrottleAReading, 2207
1.762, ThrottleBReading, 2028
1.762, BrakeReading, 1420
1.762, ThrottleAPercent, 0.0
1.762, ThrottleBPercent, 0.0
1.762, ThrottleAReading, 2207
1.762, ThrottleBReading, 2026
1.762, BrakeReading, 1420
1.762, ThrottleAPercent, 0.0
1.762, ThrottleBPercent, 0.0
1.762, IMD_R_iso_corrected, 0
1.762, IMD_R_iso_status, 252
1.762, IMD_R_Measurement_Counter, 1
1.762, IMD_Faults, 512
1.762, IMD_Device_activity, 1
1.762, ThrottleAReading, 2207
1.762, ThrottleBReading, 2023
1.762, BrakeReading, 1419
1.762, ThrottleAPercent, 0.0
1.762, ThrottleBPercent, 0.0
1.762, ThrottlePercent, 0
1.762, BrakePercent, 7
1.762, FrontBrakePressure, 15
1.762, SteeringAngle, -102
1.762, BrakeWhileThrottle, 0
1.762, ThrottleAReading, 2207
1.762, ThrottleBReading, 2023
1.762, BrakeReading, 1419
1.762, ThrottleAPercent, 0.0
1.762, ThrottleBPercent, 0.0
1.762, IVT_MsgID_RX, 1
1.762, IVT_MsgCount, 11
1.762, IVT_Result_state, 0
1.762, IVT_U1, 63.441
1.762, IVT_MsgID_RX, 2
1.762, IVT_MsgCount, 11
1.762, IVT_Result_state, 0
1.762, IVT_U2, 0.28
1.763, IVT_MsgID_RX, 3
1.763, IVT_MsgCount, 11
1.763, IVT_Result_state, 0
1.763, IVT_U3, 0.035
1.763, IVT_MsgID_RX, 5
1.763, IVT_MsgCount, 1
1.763, IVT_Result_state, 0
1.763, IVT_W, -1
1.764, ThrottleAReading, 2207
1.764, ThrottleBReading, 2023
1.764, BrakeReading, 1419
1.764, ThrottleAPercent, 0.0
1.764, ThrottleBPercent, 0.0
1.764, VCU_wheelSpeed_RL, 0.0
1.764, VCU_wheelSpeed_RR, 0.0
1.764, ThrottlePercent, 0
1.764, BrakePercent, 7
1.764, FrontBrakePressure, 17
1.764, SteeringAngle, -102
1.764, BrakeWhileThrottle, 0
1.764, IVT_MsgID_RX, 0
1.764, IVT_MsgCount, 1
1.764, IVT_Result_state, 0
1.764, IVT_I, -0.033
1.764, IVT_MsgID_RX, 7
1.764, IVT_MsgCount, 6
1.764, IVT_Result_state, 0
1.764, IVT_Wh, 0
1.764, ThrottleAReading, 2207
1.764, ThrottleBReading, 2023
1.764, BrakeReading, 1419
1.764, ThrottleAPercent, 0.0
1.764, ThrottleBPercent, 0.0
1.764, RLSpeedKPH, 0.0
1.764, RRSpeedKPH, 0.0
1.764, FLSpeedKPH, 0.0
1.764, FRSpeedKPH, 0.0
1.764, TCTorqueMax, 3.392
1.764, TCLeftSlip, -0.999
1.764, TCRightSlip, -0.999
1.764, TCTorqueAdjustment, 0.0
1.764, VoltageCellMuxSelect, 35
1.764, VoltageCell106, 3.8211000000000004
1.764, VoltageCell107, 3.8244000000000002
1.764, VoltageCell108, 3.9131
1.81, ThrottleAReading, 2207
1.81, ThrottleBReading, 2023
1.81, BrakeReading, 1419
1.81, ThrottleAPercent, 0.0
1.81, ThrottleBPercent, 0.0
1.81, VoltageBusHV, 63.440000000000005
1.81, VoltageCellMax, 4.0171
1.81, VoltageCellMin, 3.8092
1.81, CurrentBusHV, 0.0
1.81, AdjustedVoltageCellMuxSelect, 35
1.81, AdjustedVoltageCell106, 3.817
1.81, AdjustedVoltageCell107, 3.8202000000000003
1.81, AdjustedVoltageCell108, 3.9090000000000003
1.81, AMS_PackVoltage, 538.92
1.81, TempChannelMuxSelect, 35
1.81, TempChannel106, 26.900000000000006
1.81, TempChannel107, 26.939999999999998
1.81, TempChannel108, 27.25
1.81, ThrottleAReading, 2207
1.81, ThrottleBReading, 2023
1.81, BrakeReading, 1419
1.81, ThrottleAPercent, 0.0
1.81, ThrottleBPercent, 0.0
1.813, ThrottlePercent, 0
1.813, BrakePercent, 7
1.813, FrontBrakePressure, 18
1.813, SteeringAngle, -102
1.813, BrakeWhileThrottle, 0
1.813, ThrottleAReading, 2207
1.813, ThrottleBReading, 2023
1.813, BrakeReading, 1419
1.813, ThrottleAPercent, 0.0
1.813, ThrottleBPercent, 0.0
1.813, IVT_MsgID_RX, 5
1.813, IVT_MsgCount, 2
1.813, IVT_Result_state, 0
1.813, IVT_W, -1
1.813, ChannelCurrentRadiator, 0.201
1.813, ChannelCurrentAccFan, 0.201
1.813, ChannelCurrentPump1, 0.0
1.813, ChannelCurrentPump2, 0.187
1.813, ChannelCurrentAUX1, 0.0
1.813, ChannelCurrentAUX2, 0.214
1.813, ChannelCurrentAUX3, 0.0
1.813, ChannelCurrentAUX4, 0.214
1.813, ThrottleAReading, 2207
1.813, ThrottleBReading, 2023
1.813, BrakeReading, 1419
1.813, ThrottleAPercent, 0.0
1.813, ThrottleBPercent, 0.0
1.813, ChannelCurrentBrakeLight, 0.0
1.813, ChannelCurrentInverter, 0.0
1.813, ChannelCurrentBMU, 0.671
1.813, ChannelCurrentCDU, 0.46900000000000003
1.813, ChannelCurrentTCU, 0.34900000000000003
1.813, ChannelCurrentWSB, 0.657
1.813, ThrottlePercent, 0
1.813, BrakePercent, 7
1.813, FrontBrakePressure, 17
1.813, SteeringAngle, -102
1.813, BrakeWhileThrottle, 0
1.813, IVT_MsgID_RX, 0
1.813, IVT_MsgCount, 2
1.813, IVT_Result_state, 0
1.813, IVT_I, -0.032
1.813, ThrottleAReading, 2207
1.813, ThrottleBReading, 2023
1.813, BrakeReading, 1419
1.813, ThrottleAPercent, 0.0
1.813, ThrottleBPercent, 0.0
1.813, ThrottleAReading, 2207
1.813, ThrottleBReading, 2023
1.813, BrakeReading, 1419
1.813, ThrottleAPercent, 0.0
1.813, ThrottleBPercent, 0.0
1.813, ThrottleAReading, 2207
1.813, ThrottleBReading, 2023
1.813, BrakeReading, 1419
1.813, ThrottleAPercent, 0.0
1.813, ThrottleBPercent, 0.0
1.813, ThrottlePercent, 0
1.813, BrakePercent, 7
1.813, FrontBrakePressure, 13
1.813, SteeringAngle, -102
1.813, BrakeWhileThrottle, 0
1.813, IVT_MsgID_RX, 7
1.813, IVT_MsgCount, 7
1.813, IVT_Result_state, 0
1.813, IVT_Wh, 0
1.814, ThrottleAReading, 2207
1.814, ThrottleBReading, 2023
1.814, BrakeReading, 1419
1.814, ThrottleAPercent, 0.0
1.814, ThrottleBPercent, 0.0
1.815, IVT_MsgID_RX, 5
1.815, IVT_MsgCount, 3
1.815, IVT_Result_state, 0
1.815, IVT_W, -2
1.815, VCU_wheelSpeed_RL, 0.0
1.815, VCU_wheelSpeed_RR, 0.0
1.815, RLSpeedKPH, 0.0
1.815, RRSpeedKPH, 0.0
1.815, FLSpeedKPH, 0.0
1.815, FRSpeedKPH, 0.0
1.815, ThrottleAReading, 2207
1.815, ThrottleBReading, 2023
1.815, BrakeReading, 1419
1.815, ThrottleAPercent, 0.0
1.815, ThrottleBPercent, 0.0
1.815, TCTorqueMax, 3.392
1.815, TCLeftSlip, -0.999
1.815, TCRightSlip, -0.999
1.815, TCTorqueAdjustment, 0.0
1.815, IVT_MsgID_RX, 0
1.815, IVT_MsgCount, 3
1.815, IVT_Result_state, 0
1.815, IVT_I, -0.027
1.815, ThrottlePercent, 0
1.815, BrakePercent, 7
1.815, FrontBrakePressure, 20
1.815, SteeringAngle, -102
1.815, BrakeWhileThrottle, 0
1.815, ThrottleAReading, 2207
1.815, ThrottleBReading, 2023
1.815, BrakeReading, 1419
1.815, ThrottleAPercent, 0.0
1.815, ThrottleBPercent, 0.0
1.815, ThrottleAReading, 2207
1.815, ThrottleBReading, 2023
1.815, BrakeReading, 1419
1.815, ThrottleAPercent, 0.0
1.815, ThrottleBPercent, 0.0
1.815, ThrottleAReading, 2207
1.815, ThrottleBReading, 2023
1.815, BrakeReading, 1419
1.815, ThrottleAPercent, 0.0
1.815, ThrottleBPercent, 0.0
1.815, ThrottlePercent, 0
1.815, BrakePercent, 7
1.815, FrontBrakePressure, 19
1.815, SteeringAngle, -102
1.815, BrakeWhileThrottle, 0
1.815, ThrottleAReading, 2207
1.815, ThrottleBReading, 2023
1.815, BrakeReading, 1419
1.815, ThrottleAPercent, 0.0
1.815, ThrottleBPercent, 0.0
1.815, IVT_MsgID_RX, 1
1.815, IVT_MsgCount, 12
1.815, IVT_Result_state, 0
1.815, IVT_U1, 63.372
1.86, IVT_MsgID_RX, 2
1.86, IVT_MsgCount, 12
1.86, IVT_Result_state, 0
1.86, IVT_U2, 0.419
1.86, IVT_MsgID_RX, 3
1.86, IVT_MsgCount, 12
1.86, IVT_Result_state, 0
1.86, IVT_U3, 0.062
1.86, IVT_MsgID_RX, 5
1.86, IVT_MsgCount, 4
1.86, IVT_Result_state, 0
1.86, IVT_W, -1
1.86, ThrottleAReading, 2207
1.86, ThrottleBReading, 2023
1.86, BrakeReading, 1419
1.86, ThrottleAPercent, 0.0
1.86, ThrottleBPercent, 0.0
1.86, IVT_MsgID_RX, 0
1.86, IVT_MsgCount, 4
1.86, IVT_Result_state, 0
1.86, IVT_I, -0.032
1.86, StateBatteryChargeHV, 98.80000000000001
1.86, StateBatteryHealthHV, 0.0
1.86, StateBatteryPowerHV, 112.2
1.86, TempCellMax, 28.25
1.86, TempCellMin, 24.75
1.86, StateBMS, Wait_System_Up
1.86, HighestTempThermistor, 162
1.86, ThrottlePercent, 0
1.86, BrakePercent, 7
1.86, FrontBrakePressure, 17
1.86, SteeringAngle, -102
1.86, BrakeWhileThrottle, 0
1.86, BMU_checkFailed, BSPD_FAILED
1.86, BMU_InterlockInitialized, 0
1.86, IVT_MsgID_RX, 7
1.86, IVT_MsgCount, 8
1.86, IVT_Result_state, 0
1.86, IVT_Wh, 0
1.86, ThrottleAReading, 2207
1.86, ThrottleBReading, 2023
1.86, BrakeReading, 1419
1.86, ThrottleAPercent, 0.0
1.86, ThrottleBPercent, 0.0
1.86, AdjustedVoltageCellMuxSelect, 36
1.86, AdjustedVoltageCell109, 3.9091
1.86, AdjustedVoltageCell110, 3.9090000000000003
1.86, AdjustedVoltageCell111, 3.8246
1.86, TempChannelMuxSelect, 36
1.86, TempChannel109, 27.42
1.86, TempChannel110, 27.409999999999997
1.86, TempChannel111, 26.939999999999998
1.86, ThrottleAReading, 2207
1.86, ThrottleBReading, 2023
1.86, BrakeReading, 1419
1.86, ThrottleAPercent, 0.0
1.86, ThrottleBPercent, 0.0
1.86, ThrottleAReading, 2207
1.86, ThrottleBReading, 2023
1.86, BrakeReading, 1420
1.86, ThrottleAPercent, 0.0
1.86, ThrottleBPercent, 0.0
1.86, ThrottlePercent, 0
1.86, BrakePercent, 7
1.86, FrontBrakePressure, 13
1.86, SteeringAngle, -102
1.86, BrakeWhileThrottle, 0
1.861, VCU_wheelSpeed_RL, 0.0
1.861, VCU_wheelSpeed_RR, 0.0
1.861, RLSpeedKPH, 0.0
1.861, RRSpeedKPH, 0.0
1.861, FLSpeedKPH, 0.0
1.861, FRSpeedKPH, 0.0
1.861, IVT_MsgID_RX, 5
1.861, IVT_MsgCount, 5
1.861, IVT_Result_state, 0
1.861, IVT_W, -1
1.861, ThrottleAReading, 2207
1.861, ThrottleBReading, 2023
1.861, BrakeReading, 1420
1.861, ThrottleAPercent, 0.0
1.861, ThrottleBPercent, 0.0
1.861, TCTorqueMax, 3.392
1.861, TCLeftSlip, -0.999
1.861, TCRightSlip, -0.999
1.861, TCTorqueAdjustment, 0.0
1.861, ThrottleAReading, 2207
1.861, ThrottleBReading, 2023
1.861, BrakeReading, 1420
1.861, ThrottleAPercent, 0.0
1.861, ThrottleBPercent, 0.0
1.861, IVT_MsgID_RX, 0
1.861, IVT_MsgCount, 5
1.861, IVT_Result_state, 0
1.861, IVT_I, -0.025
1.861, ThrottlePercent, 0
1.861, BrakePercent, 7
1.861, FrontBrakePressure, 14
1.861, SteeringAngle, -102
1.861, BrakeWhileThrottle, 0
1.861, ThrottleAReading, 2207
1.861, ThrottleBReading, 2023
1.861, BrakeReading, 1420
1.861, ThrottleAPercent, 0.0
1.861, ThrottleBPercent, 0.0
1.861, ThrottleAReading, 2207
1.861, ThrottleBReading, 2023
1.861, BrakeReading, 1420
1.861, ThrottleAPercent, 0.0
1.861, ThrottleBPercent, 0.0
1.861, IMD_R_iso_corrected, 0
1.861, IMD_R_iso_status, 252
1.861, IMD_R_Measurement_Counter, 1
1.861, IMD_Faults, 512
1.861, IMD_Device_activity, 1
1.861, ThrottleAReading, 2207
1.861, ThrottleBReading, 2023
1.861, BrakeReading, 1419
1.861, ThrottleAPercent, 0.0
1.861, ThrottleBPercent, 0.0
1.861, ThrottlePercent, 0
1.861, BrakePercent, 7
1.861, FrontBrakePressure, 16
1.861, SteeringAngle, -102
1.861, BrakeWhileThrottle, 0
1.861, IVT_MsgID_RX, 7
1.861, IVT_MsgCount, 9
1.861, IVT_Result_state, 0
1.861, IVT_Wh, 0
1.861, IVT_MsgID_RX, 5
1.861, IVT_MsgCount, 6
1.861, IVT_Result_state, 0
1.861, IVT_W, -1
1.862, ThrottleAReading, 2207
1.862, ThrottleBReading, 2024
1.862, BrakeReading, 1419
1.862, ThrottleAPercent, 0.0
1.862, ThrottleBPercent, 0.0
1.862, ThrottleAReading, 2207
1.862, ThrottleBReading, 2024
1.862, BrakeReading, 1419
1.862, ThrottleAPercent, 0.0
1.862, ThrottleBPercent, 0.0
1.862, IVT_MsgID_RX, 0
1.862, IVT_MsgCount, 6
1.862, IVT_Result_state, 0
1.862, IVT_I, -0.024
1.863, ThrottlePercent, 0
1.863, BrakePercent, 7
1.863, FrontBrakePressure, 15
1.863, SteeringAngle, -102
1.863, BrakeWhileThrottle, 0
1.863, ThrottleAReading, 2207
1.863, ThrottleBReading, 2024
1.863, BrakeReading, 1419
1.863, ThrottleAPercent, 0.0
1.863, ThrottleBPercent, 0.0
1.863, VoltageCellMuxSelect, 37
1.863, VoltageCell112, 3.821
1.863, VoltageCell113, 3.8202000000000003
1.863, VoltageCell114, 3.8207
1.863, VCU_wheelSpeed_RL, 0.0
1.863, VCU_wheelSpeed_RR, 0.0
1.91, ThrottleAReading, 2207
1.91, ThrottleBReading, 2025
1.91, BrakeReading, 1419
1.91, ThrottleAPercent, 0.0
1.91, ThrottleBPercent, 0.0
1.91, RLSpeedKPH, 0.0
1.91, RRSpeedKPH, 0.0
1.91, FLSpeedKPH, 0.0
1.91, FRSpeedKPH, 0.0
1.91, AdjustedVoltageCellMuxSelect, 37
1.91, AdjustedVoltageCell112, 3.8169000000000004
1.91, AdjustedVoltageCell113, 3.8162000000000003
1.91, AdjustedVoltageCell114, 3.8165
1.91, TCTorqueMax, 3.392
1.91, TCLeftSlip, -0.999
1.91, TCRightSlip, -0.999
1.91, TCTorqueAdjustment, 0.0
1.91, VoltageBusHV, 63.370000000000005
1.91, VoltageCellMax, 4.0168
1.91, VoltageCellMin, 3.8097000000000003
1.91, CurrentBusHV, 0.0
1.91, TempChannelMuxSelect, 37
1.91, TempChannel112, 27.060000000000002
1.91, TempChannel113, 27.11
1.91, TempChannel114, 27.060000000000002
1.91, ThrottleAReading, 2207
1.91, ThrottleBReading, 2025
1.91, BrakeReading, 1419
1.91, ThrottleAPercent, 0.0
1.91, ThrottleBPercent, 0.0
1.911, ThrottlePercent, 0
1.911, BrakePercent, 7
1.911, FrontBrakePressure, 19
1.911, SteeringAngle, -102
1.911, BrakeWhileThrottle, 0
1.911, AMS_PackVoltage, 538.98
1.911, ThrottleAReading, 2207
1.911, ThrottleBReading, 2025
1.911, BrakeReading, 1419
1.911, ThrottleAPercent, 0.0
1.911, ThrottleBPercent, 0.0
1.911, IVT_MsgID_RX, 1
1.911, IVT_MsgCount, 13
1.911, IVT_Result_state, 0
1.911, IVT_U1, 62.910000000000004
1.911, IVT_MsgID_RX, 2
1.911, IVT_MsgCount, 13
1.911, IVT_Result_state, 0
1.911, IVT_U2, 0.251
1.911, IVT_MsgID_RX, 3
1.911, IVT_MsgCount, 13
1.911, IVT_Result_state, 0
1.911, IVT_U3, 0.012
1.911, IVT_MsgID_RX, 5
1.911, IVT_MsgCount, 7
1.911, IVT_Result_state, 0
1.911, IVT_W, -1
1.911, ChannelCurrentRadiator, 0.228
1.911, ChannelCurrentAccFan, 0.214
1.911, ChannelCurrentPump1, 0.0
1.911, ChannelCurrentPump2, 0.214
1.911, ChannelCurrentAUX1, 0.0
1.911, ChannelCurrentAUX2, 0.214
1.911, ChannelCurrentAUX3, 0.0
1.911, ChannelCurrentAUX4, 0.161
1.911, ThrottleAReading, 2207
1.911, ThrottleBReading, 2025
1.911, BrakeReading, 1419
1.911, ThrottleAPercent, 0.0
1.911, ThrottleBPercent, 0.0
1.911, ChannelCurrentBrakeLight, 0.0
1.911, ChannelCurrentInverter, 0.0
1.911, ChannelCurrentBMU, 0.604
1.911, ChannelCurrentCDU, 0.46900000000000003
1.911, ChannelCurrentTCU, 0.375
1.911, ChannelCurrentWSB, 0.644
1.911, IVT_MsgID_RX, 0
1.911, IVT_MsgCount, 7
1.911, IVT_Result_state, 0
1.911, IVT_I, -0.031
1.911, IVT_MsgID_RX, 7
1.911, IVT_MsgCount, 10
1.911, IVT_Result_state, 0
1.911, IVT_Wh, 0
1.911, ThrottlePercent, 0
1.911, BrakePercent, 7
1.911, FrontBrakePressure, 14
1.911, SteeringAngle, -102
1.911, BrakeWhileThrottle, 0
1.912, ThrottleAReading, 2207
1.912, ThrottleBReading, 2025
1.912, BrakeReading, 1419
1.912, ThrottleAPercent, 0.0
1.912, ThrottleBPercent, 0.0
1.912, ThrottleAReading, 2207
1.912, ThrottleBReading, 2025
1.912, BrakeReading, 1419
1.912, ThrottleAPercent, 0.0
1.912, ThrottleBPercent, 0.0
1.912, ThrottleAReading, 2207
1.912, ThrottleBReading, 2025
1.912, BrakeReading, 1419
1.912, ThrottleAPercent, 0.0
1.912, ThrottleBPercent, 0.0
1.912, ThrottlePercent, 0
1.912, BrakePercent, 7
1.912, FrontBrakePressure, 14
1.912, SteeringAngle, -102
1.912, BrakeWhileThrottle, 0
1.912, IVT_MsgID_RX, 5
1.912, IVT_MsgCount, 8
1.912, IVT_Result_state, 0
1.912, IVT_W, -1
1.912, ThrottleAReading, 2207
1.912, ThrottleBReading, 2025
1.912, BrakeReading, 1419
1.912, ThrottleAPercent, 0.0
1.912, ThrottleBPercent, 0.0
1.912, ThrottleAReading, 2207
1.912, ThrottleBReading, 2026
1.912, BrakeReading, 1419
1.912, ThrottleAPercent, 0.0
1.912, ThrottleBPercent, 0.0
1.912, IVT_MsgID_RX, 0
1.912, IVT_MsgCount, 8
1.912, IVT_Result_state, 0
1.912, IVT_I, -0.032
1.912, VCU_wheelSpeed_RL, 0.0
1.912, VCU_wheelSpeed_RR, 0.0
1.912, ThrottlePercent, 0
1.912, BrakePercent, 7
1.912, FrontBrakePressure, 13
1.912, SteeringAngle, -102
1.912, BrakeWhileThrottle, 0
1.913, ThrottleAReading, 2208
1.913, ThrottleBReading, 2026
1.913, BrakeReading, 1419
1.913, ThrottleAPercent, 0.0
1.913, ThrottleBPercent, 0.0
1.913, RLSpeedKPH, 0.0
1.913, RRSpeedKPH, 0.0
1.913, FLSpeedKPH, 0.0
1.913, FRSpeedKPH, 0.0
1.913, TCTorqueMax, 3.392
1.913, TCLeftSlip, -0.999
1.913, TCRightSlip, -0.999
1.913, TCTorqueAdjustment, 0.0
1.913, ThrottleAReading, 2208
1.913, ThrottleBReading, 2027
1.913, BrakeReading, 1419
1.913, ThrottleAPercent, 0.0
1.913, ThrottleBPercent, 0.0
1.914, IVT_MsgID_RX, 7
1.914, IVT_MsgCount, 11
1.914, IVT_Result_state, 0
1.914, IVT_Wh, 0
1.914, ThrottleAReading, 2207
1.914, ThrottleBReading, 2027
1.914, BrakeReading, 1419
1.914, ThrottleAPercent, 0.0
1.914, ThrottleBPercent, 0.0
1.914, ThrottlePercent, 0
1.914, BrakePercent, 7
1.914, FrontBrakePressure, 16
1.914, SteeringAngle, -102
1.914, BrakeWhileThrottle, 0
1.914, IVT_MsgID_RX, 5
1.914, IVT_MsgCount, 9
1.914, IVT_Result_state, 0
1.914, IVT_W, -1
1.914, ThrottleAReading, 2207
1.914, ThrottleBReading, 2027
1.914, BrakeReading, 1419
1.914, ThrottleAPercent, 0.0
1.914, ThrottleBPercent, 0.0
1.96, IVT_MsgID_RX, 0
1.96, IVT_MsgCount, 9
1.96, IVT_Result_state, 0
1.96, IVT_I, -0.031
1.96, ThrottleAReading, 2207
1.96, ThrottleBReading, 2027
1.96, BrakeReading, 1419
1.96, ThrottleAPercent, 0.0
1.96, ThrottleBPercent, 0.0
1.96, ThrottlePercent, 0
1.96, BrakePercent, 7
1.96, FrontBrakePressure, 20
1.96, SteeringAngle, -102
1.96, BrakeWhileThrottle, 0
1.96, ThrottleAReading, 2207
1.96, ThrottleBReading, 2027
1.96, BrakeReading, 1419
1.96, ThrottleAPercent, 0.0
1.96, ThrottleBPercent, 0.0
1.96, ThrottleAReading, 2207
1.96, ThrottleBReading, 2027
1.96, BrakeReading, 1419
1.96, ThrottleAPercent, 0.0
1.96, ThrottleBPercent, 0.0
1.96, ThrottleAReading, 2207
1.96, ThrottleBReading, 2027
1.96, BrakeReading, 1420
1.96, ThrottleAPercent, 0.0
1.96, ThrottleBPercent, 0.0
1.96, ThrottlePercent, 0
1.96, BrakePercent, 7
1.96, FrontBrakePressure, 13
1.96, SteeringAngle, -102
1.96, BrakeWhileThrottle, 0
1.96, IVT_MsgID_RX, 1
1.96, IVT_MsgCount, 14
1.96, IVT_Result_state, 0
1.96, IVT_U1, 62.34
1.96, IVT_MsgID_RX, 2
1.96, IVT_MsgCount, 14
1.96, IVT_Result_state, 0
1.96, IVT_U2, 0.28
1.96, IVT_MsgID_RX, 3
1.96, IVT_MsgCount, 14
1.96, IVT_Result_state, 0
1.96, IVT_U3, 0.029
1.991, IVT_MsgID_RX, 5
1.991, IVT_MsgCount, 10
1.991, IVT_Result_state, 0
1.991, IVT_W, -1
1.991, ThrottleAReading, 2207
1.991, ThrottleBReading, 2028
1.991, BrakeReading, 1420
1.991, ThrottleAPercent, 0.0
1.991, ThrottleBPercent, 0.0
1.991, VCU_wheelSpeed_RL, 0.0
1.991, VCU_wheelSpeed_RR, 0.0
1.991, StateBatteryChargeHV, 98.80000000000001
1.991, StateBatteryHealthHV, 0.0
1.991, StateBatteryPowerHV, 112.2
1.991, TempCellMax, 28.25
1.991, TempCellMin, 24.75
1.991, StateBMS, Wait_System_Up
1.991, HighestTempThermistor, 162
1.991, BMU_checkFailed, BSPD_FAILED
1.991, BMU_InterlockInitialized, 0
1.991, VoltageCellMuxSelect, 38
1.991, VoltageCell115, 3.8214
1.991, VoltageCell116, 3.8233
1.991, VoltageCell117, 3.8262
1.991, RLSpeedKPH, 0.0
1.991, RRSpeedKPH, 0.0
1.991, FLSpeedKPH, 0.0
1.991, FRSpeedKPH, 0.0
1.991, IVT_MsgID_RX, 0
1.991, IVT_MsgCount, 10
1.991, IVT_Result_state, 0
1.991, IVT_I, -0.035
1.991, ThrottleAReading, 2207
1.991, ThrottleBReading, 2029
1.991, BrakeReading, 1420
1.991, ThrottleAPercent, 0.0
1.991, ThrottleBPercent, 0.0
1.991, IVT_MsgID_RX, 7
1.991, IVT_MsgCount, 12
1.991, IVT_Result_state, 0
1.991, IVT_Wh, 0
1.991, AdjustedVoltageCellMuxSelect, 38
1.991, AdjustedVoltageCell115, 3.8172
1.991, AdjustedVoltageCell116, 3.8190000000000004
1.991, AdjustedVoltageCell117, 3.8212
1.991, TCTorqueMax, 3.392
1.991, TCLeftSlip, -0.999
1.991, TCRightSlip, -0.999
1.991, TCTorqueAdjustment, 0.0
1.991, ThrottlePercent, 0
1.991, BrakePercent, 7
1.991, FrontBrakePressure, 13
1.991, SteeringAngle, -102
1.991, BrakeWhileThrottle, 0
1.992, TempChannelMuxSelect, 38
1.992, TempChannel115, 24.519999999999996
1.992, TempChannel116, 27.019999999999996
1.992, TempChannel117, 24.519999999999996
1.992, ThrottleAReading, 2207
1.992, ThrottleBReading, 2029
1.992, BrakeReading, 1420
1.992, ThrottleAPercent, 0.0
1.992, ThrottleBPercent, 0.0
1.993, ThrottleAReading, 2207
1.993, ThrottleBReading, 2030
1.993, BrakeReading, 1420
1.993, ThrottleAPercent, 0.0
1.993, ThrottleBPercent, 0.0
1.993, IMD_R_iso_corrected, 0
1.993, IMD_R_iso_status, 252
1.993, IMD_R_Measurement_Counter, 2
1.993, IMD_Faults, 512
1.993, IMD_Device_activity, 1
1.993, ThrottleAReading, 2207
1.993, ThrottleBReading, 2030
1.993, BrakeReading, 1419
1.993, ThrottleAPercent, 0.0
1.993, ThrottleBPercent, 0.0
1.993, ThrottlePercent, 0
1.993, BrakePercent, 7
1.993, FrontBrakePressure, 13
1.993, SteeringAngle, -102
1.993, BrakeWhileThrottle, 0
1.993, IVT_MsgID_RX, 5
1.993, IVT_MsgCount, 11
1.993, IVT_Result_state, 0
1.993, IVT_W, -1
1.993, ThrottleAReading, 2206
1.993, ThrottleBReading, 2030
1.993, BrakeReading, 1419
1.993, ThrottleAPercent, 0.0
1.993, ThrottleBPercent, 0.0
1.993, IVT_MsgID_RX, 0
1.993, IVT_MsgCount, 11
1.993, IVT_Result_state, 0
1.993, IVT_I, -0.031
1.993, ThrottleAReading, 2206
1.993, ThrottleBReading, 2030
1.993, BrakeReading, 1419
1.993, ThrottleAPercent, 0.0
1.993, ThrottleBPercent, 0.0
1.993, ThrottlePercent, 0
1.993, BrakePercent, 7
1.993, FrontBrakePressure, 12
1.993, SteeringAngle, -102
1.993, BrakeWhileThrottle, 0
1.993, ThrottleAReading, 2206
1.993, ThrottleBReading, 2030
1.993, BrakeReading, 1419
1.993, ThrottleAPercent, 0.0
1.993, ThrottleBPercent, 0.0
1.993, PDU_Heartbeat_dummydata, 0
1.993, CarStateIsLV, -1
1.993, CarStateIsEM, 0
1.993, CarStateIsHV, 0
2.01, ThrottleAReading, 2206
2.01, ThrottleBReading, 2030
2.01, BrakeReading, 1419
2.01, ThrottleAPercent, 0.0
2.01, ThrottleBPercent, 0.0
2.01, VoltageCellMuxSelect, 39
2.01, VoltageCell118, 3.9176
2.01, VoltageCell119, 3.9098
2.01, VoltageCell120, 3.9122000000000003
2.011, IVT_MsgID_RX, 7
2.011, IVT_MsgCount, 13
2.011, IVT_Result_state, 0
2.011, IVT_Wh, 0
2.011, AdjustedVoltageCellMuxSelect, 39
2.011, AdjustedVoltageCell118, 3.9131
2.011, AdjustedVoltageCell119, 3.9054
2.011, AdjustedVoltageCell120, 3.9077
2.011, ThrottleAReading, 2206
2.011, ThrottleBReading, 2031
2.011, BrakeReading, 1419
2.011, ThrottleAPercent, 0.0
2.011, ThrottleBPercent, 0.0
2.011, ThrottlePercent, 0
2.011, BrakePercent, 7
2.011, FrontBrakePressure, 17
2.011, SteeringAngle, -102
2.011, BrakeWhileThrottle, 0
2.011, VCU_wheelSpeed_RL, 0.0
2.011, VCU_wheelSpeed_RR, 0.0
2.011, TempChannelMuxSelect, 39
2.011, TempChannel118, 27.070000000000007
2.011, TempChannel119, 26.980000000000004
2.011, TempChannel120, 26.980000000000004
2.011, IVT_MsgID_RX, 5
2.011, IVT_MsgCount, 12
2.011, IVT_Result_state, 0
2.011, IVT_W, -2
2.011, RLSpeedKPH, 0.0
2.011, RRSpeedKPH, 0.0
2.011, FLSpeedKPH, 0.0
2.011, FRSpeedKPH, 0.0
2.011, VoltageBusHV, 62.34
2.011, VoltageCellMax, 4.0206
2.011, VoltageCellMin, 3.8101000000000003
2.011, CurrentBusHV, 0.0
2.011, ThrottleAReading, 2206
2.011, ThrottleBReading, 2032
2.011, BrakeReading, 1419
2.011, ThrottleAPercent, 0.0
2.011, ThrottleBPercent, 0.0
2.011, TCTorqueMax, 3.392
2.011, TCLeftSlip, -0.999
2.011, TCRightSlip, -0.999
2.011, TCTorqueAdjustment, 0.0
2.011, AMS_PackVoltage, 539.04
2.011, IVT_MsgID_RX, 0
2.011, IVT_MsgCount, 12
2.011, IVT_Result_state, 0
2.011, IVT_I, -0.033
2.011, ChannelCurrentRadiator, 0.214
2.011, ChannelCurrentAccFan, 0.214
2.011, ChannelCurrentPump1, 0.0
2.011, ChannelCurrentPump2, 0.201
2.011, ChannelCurrentAUX1, 0.0
2.011, ChannelCurrentAUX2, 0.187
2.011, ChannelCurrentAUX3, 0.0
2.011, ChannelCurrentAUX4, 0.214
2.012, ThrottleAReading, 2206
2.012, ThrottleBReading, 2033
2.012, BrakeReading, 1419
2.012, ThrottleAPercent, 0.0
2.012, ThrottleBPercent, 0.0
2.012, ChannelCurrentBrakeLight, 0.0
2.012, ChannelCurrentInverter, 0.0
2.012, ChannelCurrentBMU, 0.725
2.012, ChannelCurrentCDU, 0.483
2.012, ChannelCurrentTCU, 0.34900000000000003
2.012, ChannelCurrentWSB, 0.6980000000000001
2.012, ThrottlePercent, 0
2.012, BrakePercent, 7
2.012, FrontBrakePressure, 20
2.012, SteeringAngle, -102
2.012, BrakeWhileThrottle, 0
2.012, ThrottleAReading, 2206
2.012, ThrottleBReading, 2033
2.012, BrakeReading, 1419
2.012, ThrottleAPercent, 0.0
2.012, ThrottleBPercent, 0.0
2.012, ThrottleAReading, 2204
2.012, ThrottleBReading, 2035
2.012, BrakeReading, 1419
2.012, ThrottleAPercent, 0.0
2.012, ThrottleBPercent, 0.0
2.012, ThrottleAReading, 2202
2.012, ThrottleBReading, 2035
2.012, BrakeReading, 1419
2.012, ThrottleAPercent, 0.0
2.012, ThrottleBPercent, 0.0
2.012, ThrottlePercent, 0
2.012, BrakePercent, 7
2.012, FrontBrakePressure, 17
2.012, SteeringAngle, -102
2.012, BrakeWhileThrottle, 0
2.012, IVT_MsgID_RX, 1
2.012, IVT_MsgCount, 15
2.012, IVT_Result_state, 0
2.012, IVT_U1, 61.866
2.012, IVT_MsgID_RX, 2
2.012, IVT_MsgCount, 15
2.012, IVT_Result_state, 0
2.012, IVT_U2, 4.82
2.012, IVT_MsgID_RX, 3
2.012, IVT_MsgCount, 15
2.012, IVT_Result_state, 0
2.012, IVT_U3, 0.029
2.012, IVT_MsgID_RX, 5
2.012, IVT_MsgCount, 13
2.012, IVT_Result_state, 0
2.012, IVT_W, -1
2.012, ThrottleAReading, 2202
2.012, ThrottleBReading, 2035
2.012, BrakeReading, 1419
2.012, ThrottleAPercent, 0.0
2.012, ThrottleBPercent, 0.0
2.013, IVT_MsgID_RX, 0
2.013, IVT_MsgCount, 13
2.013, IVT_Result_state, 0
2.013, IVT_I, -0.025
2.013, IVT_MsgID_RX, 7
2.013, IVT_MsgCount, 14
2.013, IVT_Result_state, 0
2.013, IVT_Wh, 0
2.014, ThrottleAReading, 2200
2.014, ThrottleBReading, 2035
2.014, BrakeReading, 1419
2.014, ThrottleAPercent, 0.0
2.014, ThrottleBPercent, 0.0
2.014, ThrottlePercent, 0
2.014, BrakePercent, 7
2.014, FrontBrakePressure, 19
2.014, SteeringAngle, -102
2.014, BrakeWhileThrottle, 0
2.014, ThrottleAReading, 2198
2.014, ThrottleBReading, 2035
2.014, BrakeReading, 1419
2.014, ThrottleAPercent, 0.0
2.014, ThrottleBPercent, 0.0
2.014, VCU_wheelSpeed_RL, 0.0
2.014, VCU_wheelSpeed_RR, 0.0
2.014, ThrottleAReading, 2196
2.014, ThrottleBReading, 2035
2.014, BrakeReading, 1419
2.014, ThrottleAPercent, 0.0
2.014, ThrottleBPercent, 0.0
2.014, RLSpeedKPH, 0.0
2.014, RRSpeedKPH, 0.0
2.014, FLSpeedKPH, 0.0
2.014, FRSpeedKPH, 0.0
2.014, TCTorqueMax, 3.392
2.014, TCLeftSlip, -0.999
2.014, TCRightSlip, -0.999
2.014, TCTorqueAdjustment, 0.0
2.014, VCU_Heartbeat_dummydata, 0
2.014, ThrottlePercent, 0
2.014, BrakePercent, 7
2.014, FrontBrakePressure, 14
2.014, SteeringAngle, -102
2.014, BrakeWhileThrottle, 0
2.014, ThrottleAReading, 2196
2.014, ThrottleBReading, 2039
2.014, BrakeReading, 1420
2.014, ThrottleAPercent, 0.0
2.014, ThrottleBPercent, 0.0
2.014, IVT_MsgID_RX, 5
2.014, IVT_MsgCount, 14
2.014, IVT_Result_state, 0
2.014, IVT_W, -1
2.014, BMU_Heartbeat_dummydata, 0
2.014, FanPeriod, -37
2.014, BMU_checkFailed, BSPD_FAILED
2.014, BMU_InterlockInitialized, 0
2.015, BrakePressureBMU, 451.0
2.015, ThrottleAReading, 2196
2.015, ThrottleBReading, 2043
2.015, BrakeReading, 1420
2.015, ThrottleAPercent, 0.0
2.015, ThrottleBPercent, 0.0
2.06, IVT_MsgID_RX, 0
2.06, IVT_MsgCount, 14
2.06, IVT_Result_state, 0
2.06, IVT_I, -0.026000000000000002
2.06, ThrottleAReading, 2196
2.06, ThrottleBReading, 2045
2.06, BrakeReading, 1420
2.06, ThrottleAPercent, 0.0
2.06, ThrottleBPercent, 0.0
2.06, AdjustedVoltageCellMuxSelect, 40
2.06, AdjustedVoltageCell121, 3.8236000000000003
2.06, AdjustedVoltageCell122, 3.8169000000000004
2.06, AdjustedVoltageCell123, 3.8164000000000002
2.06, ThrottlePercent, 0
2.06, BrakePercent, 7
2.06, FrontBrakePressure, 14
2.06, SteeringAngle, -102
2.06, BrakeWhileThrottle, 0
2.06, TempChannelMuxSelect, 40
2.06, TempChannel121, 26.960000000000008
2.06, TempChannel122, 27.540000000000006
2.06, TempChannel123, 27.049999999999997
2.06, ThrottleAReading, 2196
2.06, ThrottleBReading, 2047
2.06, BrakeReading, 1419
2.06, ThrottleAPercent, 0.0
2.06, ThrottleBPercent, 0.0
2.06, ThrottleAReading, 2194
2.06, ThrottleBReading, 2050
2.06, BrakeReading, 1419
2.06, ThrottleAPercent, 0.0
2.06, ThrottleBPercent, 0.0
2.06, IVT_MsgID_RX, 7
2.06, IVT_MsgCount, 15
2.06, IVT_Result_state, 0
2.06, IVT_Wh, 0
2.06, ThrottleAReading, 2190
2.06, ThrottleBReading, 2050
2.06, BrakeReading, 1419
2.06, ThrottleAPercent, 0.0
2.06, ThrottleBPercent, 0.0
2.06, ThrottlePercent, 0
2.06, BrakePercent, 7
2.06, FrontBrakePressure, 12
2.06, SteeringAngle, -102
2.06, BrakeWhileThrottle, 0
2.06, IVT_MsgID_RX, 5
2.06, IVT_MsgCount, 15
2.06, IVT_Result_state, 0
2.06, IVT_W, -1
2.06, ThrottleAReading, 2190
2.06, ThrottleBReading, 2050
2.06, BrakeReading, 1419
2.06, ThrottleAPercent, 0.0
2.06, ThrottleBPercent, 0.0
2.06, IVT_MsgID_RX, 0
2.06, IVT_MsgCount, 15
2.06, IVT_Result_state, 0
2.06, IVT_I, -0.024
2.062, ThrottleAReading, 2190
2.062, ThrottleBReading, 2050
2.062, BrakeReading, 1419
2.062, ThrottleAPercent, 0.0
2.062, ThrottleBPercent, 0.0
2.062, VCU_wheelSpeed_RL, 0.0
2.062, VCU_wheelSpeed_RR, 0.0
2.062, ThrottlePercent, 0
2.062, BrakePercent, 7
2.062, FrontBrakePressure, 19
2.062, SteeringAngle, -102
2.062, BrakeWhileThrottle, 0
2.062, ThrottleAReading, 2190
2.062, ThrottleBReading, 2050
2.062, BrakeReading, 1420
2.062, ThrottleAPercent, 0.0
2.062, ThrottleBPercent, 0.0
2.062, RLSpeedKPH, 0.0
2.062, RRSpeedKPH, 0.0
2.062, FLSpeedKPH, 0.0
2.062, FRSpeedKPH, 0.0
2.062, TCTorqueMax, 3.392
2.062, TCLeftSlip, -0.999
2.062, TCRightSlip, -0.999
2.062, TCTorqueAdjustment, 0.0
2.062, ThrottleAReading, 2190
2.062, ThrottleBReading, 2050
2.062, BrakeReading, 1420
2.062, ThrottleAPercent, 0.0
2.062, ThrottleBPercent, 0.0
2.062, IMD_R_iso_corrected, 0
2.062, IMD_R_iso_status, 252
2.062, IMD_R_Measurement_Counter, 2
2.062, IMD_Faults, 512
2.062, IMD_Device_activity, 1
2.062, ThrottleAReading, 2190
2.062, ThrottleBReading, 2051
2.062, BrakeReading, 1420
2.062, ThrottleAPercent, 0.0
2.062, ThrottleBPercent, 0.0
2.062, ThrottlePercent, 0
2.062, BrakePercent, 7
2.062, FrontBrakePressure, 14
2.062, SteeringAngle, -102
2.062, BrakeWhileThrottle, 0
2.062, IVT_MsgID_RX, 1
2.062, IVT_MsgCount, 0
2.062, IVT_Result_state, 0
2.062, IVT_U1, 61.687000000000005
2.062, IVT_MsgID_RX, 2
2.062, IVT_MsgCount, 0
2.062, IVT_Result_state, 0
2.062, IVT_U2, 1.841
2.062, IVT_MsgID_RX, 3
2.062, IVT_MsgCount, 0
2.062, IVT_Result_state, 0
2.062, IVT_U3, 0.018000000000000002
2.062, IVT_MsgID_RX, 5
2.062, IVT_MsgCount, 0
2.062, IVT_Result_state, 0
2.062, IVT_W, -1
2.063, StateBatteryChargeHV, 98.80000000000001
2.063, StateBatteryHealthHV, 0.0
2.063, StateBatteryPowerHV, 112.2
2.063, TempCellMax, 28.25
2.063, TempCellMin, 24.75
2.063, StateBMS, Wait_System_Up
2.063, HighestTempThermistor, 162
2.063, ThrottleAReading, 2190
2.063, ThrottleBReading, 2051
2.063, BrakeReading, 1419
2.063, ThrottleAPercent, 0.0
2.063, ThrottleBPercent, 0.0
2.063, IVT_MsgID_RX, 0
2.063, IVT_MsgCount, 0
2.063, IVT_Result_state, 0
2.063, IVT_I, -0.025
2.063, IVT_MsgID_RX, 7
2.063, IVT_MsgCount, 0
2.063, IVT_Result_state, 0
2.063, IVT_Wh, 0
2.063, ThrottleAReading, 2190
2.063, ThrottleBReading, 2051
2.063, BrakeReading, 1419
2.063, ThrottleAPercent, 0.0
2.063, ThrottleBPercent, 0.0
2.063, ThrottlePercent, 0
2.063, BrakePercent, 7
2.063, FrontBrakePressure, 13
2.063, SteeringAngle, -102
2.063, BrakeWhileThrottle, 0
2.063, ThrottleAReading, 2190
2.063, ThrottleBReading, 2051
2.063, BrakeReading, 1419
2.063, ThrottleAPercent, 0.0
2.063, ThrottleBPercent, 0.0
2.063, VoltageCellMuxSelect, 41
2.063, VoltageCell124, 3.822
2.063, VoltageCell125, 3.8206
2.063, VoltageCell126, 3.8236000000000003
2.063, VoltageBusLV, 11.994
2.063, CurrentBusLV, 0.0
2.063, PowerBusLV, 0
2.11, AdjustedVoltageCellMuxSelect, 41
2.11, AdjustedVoltageCell124, 3.8177000000000003
2.11, AdjustedVoltageCell125, 3.8164000000000002
2.11, AdjustedVoltageCell126, 3.8192000000000004
2.11, ThrottleAReading, 2190
2.11, ThrottleBReading, 2051
2.11, BrakeReading, 1419
2.11, ThrottleAPercent, 0.0
2.11, ThrottleBPercent, 0.0
2.11, TempChannelMuxSelect, 41
2.11, TempChannel124, 27.24000000000001
2.11, TempChannel125, 27.340000000000003
2.11, TempChannel126, 27.200000000000003
2.11, IVT_MsgID_RX, 5
2.11, IVT_MsgCount, 1
2.11, IVT_Result_state, 0
2.11, IVT_W, -1
2.11, ThrottleAReading, 2190
2.11, ThrottleBReading, 2051
2.11, BrakeReading, 1419
2.11, ThrottleAPercent, 0.0
2.11, ThrottleBPercent, 0.0
2.11, ThrottlePercent, 0
2.11, BrakePercent, 7
2.11, FrontBrakePressure, 13
2.11, SteeringAngle, -102
2.11, BrakeWhileThrottle, 0
2.111, ThrottleAReading, 2190
2.111, ThrottleBReading, 2051
2.111, BrakeReading, 1419
2.111, ThrottleAPercent, 0.0
2.111, ThrottleBPercent, 0.0
2.111, VCU_wheelSpeed_RL, 0.0
2.111, VCU_wheelSpeed_RR, 0.0
2.111, IVT_MsgID_RX, 0
2.111, IVT_MsgCount, 1
2.111, IVT_Result_state, 0
2.111, IVT_I, -0.024
2.111, VoltageBusHV, 61.68
2.111, VoltageCellMax, 4.0203
2.111, VoltageCellMin, 3.8105
2.111, CurrentBusHV, 0.0
2.111, RLSpeedKPH, 0.0
2.111, RRSpeedKPH, 0.0
2.111, FLSpeedKPH, 0.0
2.111, FRSpeedKPH, 0.0
2.111, ChannelCurrentRadiator, 0.214
2.111, ChannelCurrentAccFan, 0.214
2.111, ChannelCurrentPump1, 0.0
2.111, ChannelCurrentPump2, 0.161
2.111, ChannelCurrentAUX1, 0.0
2.111, ChannelCurrentAUX2, 0.214
2.111, ChannelCurrentAUX3, 0.0
2.111, ChannelCurrentAUX4, 0.201
2.111, ThrottleAReading, 2190
2.111, ThrottleBReading, 2051
2.111, BrakeReading, 1419
2.111, ThrottleAPercent, 0.0
2.111, ThrottleBPercent, 0.0
2.111, ChannelCurrentBrakeLight, 0.0
2.111, ChannelCurrentInverter, 0.0
2.111, ChannelCurrentBMU, 0.684
2.111, ChannelCurrentCDU, 0.46900000000000003
2.111, ChannelCurrentTCU, 0.362
2.111, ChannelCurrentWSB, 0.684
2.111, TCTorqueMax, 3.392
2.111, TCLeftSlip, -0.999
2.111, TCRightSlip, -0.999
2.111, TCTorqueAdjustment, 0.0
2.111, RRSpeedKPH, 0.0
2.111, RRSpeedRPM, 0
2.111, ThrottlePercent, 0
2.111, BrakePercent, 7
2.111, FrontBrakePressure, 12
2.111, SteeringAngle, -102
2.111, BrakeWhileThrottle, 0
2.111, AMS_PackVoltage, 539.11
2.111, ThrottleAReading, 2190
2.111, ThrottleBReading, 2051
2.111, BrakeReading, 1419
2.111, ThrottleAPercent, 0.0
2.111, ThrottleBPercent, 0.0
2.112, ThrottleAReading, 2190
2.112, ThrottleBReading, 2051
2.112, BrakeReading, 1419
2.112, ThrottleAPercent, 0.0
2.112, ThrottleBPercent, 0.0
2.112, IVT_MsgID_RX, 7
2.112, IVT_MsgCount, 1
2.112, IVT_Result_state, 0
2.112, IVT_Wh, 0
2.112, IVT_MsgID_RX, 5
2.112, IVT_MsgCount, 2
2.112, IVT_Result_state, 0
2.112, IVT_W, -1
2.112, ThrottleAReading, 2190
2.112, ThrottleBReading, 2052
2.112, BrakeReading, 1419
2.112, ThrottleAPercent, 0.0
2.112, ThrottleBPercent, 0.0
2.112, ThrottlePercent, 0
2.112, BrakePercent, 7
2.112, FrontBrakePressure, 19
2.112, SteeringAngle, -102
2.112, BrakeWhileThrottle, 0
2.112, ThrottleAReading, 2190
2.112, ThrottleBReading, 2052
2.112, BrakeReading, 1419
2.112, ThrottleAPercent, 0.0
2.112, ThrottleBPercent, 0.0
2.112, IVT_MsgID_RX, 0
2.112, IVT_MsgCount, 2
2.112, IVT_Result_state, 0
2.112, IVT_I, -0.032
2.113, ThrottleAReading, 2190
2.113, ThrottleBReading, 2052
2.113, BrakeReading, 1419
2.113, ThrottleAPercent, 0.0
2.113, ThrottleBPercent, 0.0
2.113, ThrottlePercent, 0
2.113, BrakePercent, 7
2.113, FrontBrakePressure, 21
2.113, SteeringAngle, -102
2.113, BrakeWhileThrottle, 0
2.113, ThrottleAReading, 2190
2.113, ThrottleBReading, 2052
2.113, BrakeReading, 1419
2.113, ThrottleAPercent, 0.0
2.113, ThrottleBPercent, 0.0
2.113, ThrottleAReading, 2190
2.113, ThrottleBReading, 2052
2.113, BrakeReading, 1419
2.113, ThrottleAPercent, 0.0
2.113, ThrottleBPercent, 0.0
2.113, ThrottleAReading, 2190
2.113, ThrottleBReading, 2052
2.113, BrakeReading, 1419
2.113, ThrottleAPercent, 0.0
2.113, ThrottleBPercent, 0.0
2.113, ThrottlePercent, 0
2.113, BrakePercent, 7
2.113, FrontBrakePressure, 19
2.113, SteeringAngle, -102
2.113, BrakeWhileThrottle, 0
2.113, VCU_wheelSpeed_RL, 0.0
2.113, VCU_wheelSpeed_RR, 0.0
2.114, IVT_MsgID_RX, 1
2.114, IVT_MsgCount, 1
2.114, IVT_Result_state, 0
2.114, IVT_U1, 61.228
2.114, IVT_MsgID_RX, 2
2.114, IVT_MsgCount, 1
2.114, IVT_Result_state, 0
2.114, IVT_U2, 0.629
2.114, IVT_MsgID_RX, 3
2.114, IVT_MsgCount, 1
2.114, IVT_Result_state, 0
2.114, IVT_U3, -0.01
2.114, IVT_MsgID_RX, 5
2.114, IVT_MsgCount, 3
2.114, IVT_Result_state, 0
2.114, IVT_W, -1
2.114, RLSpeedKPH, 0.0
2.114, RRSpeedKPH, 0.0
2.114, FLSpeedKPH, 0.0
2.114, FRSpeedKPH, 0.0
2.114, BMU_checkFailed, BSPD_FAILED
2.114, BMU_InterlockInitialized, 0
2.114, VoltageCellMuxSelect, 42
2.114, VoltageCell127, 3.8194000000000004
2.114, VoltageCell128, 3.922
2.114, VoltageCell129, 3.9142
2.114, ThrottleAReading, 2190
2.114, ThrottleBReading, 2052
2.114, BrakeReading, 1419
2.114, ThrottleAPercent, 0.0
2.114, ThrottleBPercent, 0.0
2.114, TCTorqueMax, 3.392
2.114, TCLeftSlip, -0.999
2.114, TCRightSlip, -0.999
2.114, TCTorqueAdjustment, 0.0
2.114, IVT_MsgID_RX, 0
2.114, IVT_MsgCount, 3
2.114, IVT_Result_state, 0
2.114, IVT_I, -0.025
2.16, AdjustedVoltageCellMuxSelect, 42
2.16, AdjustedVoltageCell127, 3.8154000000000003
2.16, AdjustedVoltageCell128, 3.9175
2.16, AdjustedVoltageCell129, 3.9098
2.16, IVT_MsgID_RX, 7
2.16, IVT_MsgCount, 2
2.16, IVT_Result_state, 0
2.16, IVT_Wh, 0
2.16, ThrottleAReading, 2189
2.16, ThrottleBReading, 2052
2.16, BrakeReading, 1419
2.16, ThrottleAPercent, 0.0
2.16, ThrottleBPercent, 0.0
2.16, TempChannelMuxSelect, 42
2.16, TempChannel127, 27.230000000000004
2.16, TempChannel128, 26.58
2.16, TempChannel129, 27.070000000000007
2.16, ThrottlePercent, 0
2.16, BrakePercent, 7
2.16, FrontBrakePressure, 19
2.16, SteeringAngle, -102
2.16, BrakeWhileThrottle, 0
2.161, ThrottleAReading, 2189
2.161, ThrottleBReading, 2052
2.161, BrakeReading, 1419
2.161, ThrottleAPercent, 0.0
2.161, ThrottleBPercent, 0.0
2.161, ThrottleAReading, 2189
2.161, ThrottleBReading, 2052
2.161, BrakeReading, 1419
2.161, ThrottleAPercent, 0.0
2.161, ThrottleBPercent, 0.0
2.161, IVT_MsgID_RX, 5
2.161, IVT_MsgCount, 4
2.161, IVT_Result_state, 0
2.161, IVT_W, -1
2.161, ThrottleAReading, 2189
2.161, ThrottleBReading, 2053
2.161, BrakeReading, 1419
2.161, ThrottleAPercent, 0.0
2.161, ThrottleBPercent, 0.0
2.161, ThrottlePercent, 0
2.161, BrakePercent, 7
2.161, FrontBrakePressure, 16
2.161, SteeringAngle, -102
2.161, BrakeWhileThrottle, 0
2.161, ThrottleAReading, 2189
2.161, ThrottleBReading, 2053
2.161, BrakeReading, 1419
2.161, ThrottleAPercent, 0.0
2.161, ThrottleBPercent, 0.0
2.161, IVT_MsgID_RX, 0
2.161, IVT_MsgCount, 4
2.161, IVT_Result_state, 0
2.161, IVT_I, -0.022
2.161, ThrottleAReading, 2189
2.161, ThrottleBReading, 2053
2.161, BrakeReading, 1419
2.161, ThrottleAPercent, 0.0
2.161, ThrottleBPercent, 0.0
2.161, ThrottlePercent, 0
2.161, BrakePercent, 7
2.161, FrontBrakePressure, 13
2.161, SteeringAngle, -102
2.161, BrakeWhileThrottle, 0
2.161, ThrottleAReading, 2189
2.161, ThrottleBReading, 2053
2.161, BrakeReading, 1419
2.161, ThrottleAPercent, 0.0
2.161, ThrottleBPercent, 0.0
2.161, VCU_wheelSpeed_RL, 0.0
2.161, VCU_wheelSpeed_RR, 0.0
2.161, IVT_MsgID_RX, 7
2.161, IVT_MsgCount, 3
2.161, IVT_Result_state, 0
2.161, IVT_Wh, 0
2.161, ThrottleAReading, 2189
2.161, ThrottleBReading, 2053
2.161, BrakeReading, 1419
2.161, ThrottleAPercent, 0.0
2.161, ThrottleBPercent, 0.0
2.161, RLSpeedKPH, 0.0
2.161, RRSpeedKPH, 0.0
2.161, FLSpeedKPH, 0.0
2.161, FRSpeedKPH, 0.0
2.161, IMD_R_iso_corrected, 0
2.161, IMD_R_iso_status, 252
2.161, IMD_R_Measurement_Counter, 2
2.161, IMD_Faults, 512
2.161, IMD_Device_activity, 1
2.162, IVT_MsgID_RX, 5
2.162, IVT_MsgCount, 5
2.162, IVT_Result_state, 0
2.162, IVT_W, -1
2.162, TCTorqueMax, 3.392
2.162, TCLeftSlip, -0.999
2.162, TCRightSlip, -0.999
2.162, TCTorqueAdjustment, 0.0
2.162, ThrottleAReading, 2189
2.162, ThrottleBReading, 2053
2.162, BrakeReading, 1419
2.162, ThrottleAPercent, 0.0
2.162, ThrottleBPercent, 0.0
2.162, ThrottlePercent, 0
2.162, BrakePercent, 7
2.162, FrontBrakePressure, 14
2.162, SteeringAngle, -102
2.162, BrakeWhileThrottle, 0
2.162, ThrottleAReading, 2189
2.162, ThrottleBReading, 2053
2.162, BrakeReading, 1419
2.162, ThrottleAPercent, 0.0
2.162, ThrottleBPercent, 0.0
2.162, IVT_MsgID_RX, 0
2.162, IVT_MsgCount, 5
2.162, IVT_Result_state, 0
2.162, IVT_I, -0.029
2.162, ThrottleAReading, 2189
2.162, ThrottleBReading, 2053
2.162, BrakeReading, 1419
2.162, ThrottleAPercent, 0.0
2.162, ThrottleBPercent, 0.0
2.162, ThrottlePercent, 0
2.162, BrakePercent, 7
2.162, FrontBrakePressure, 13
2.162, SteeringAngle, -102
2.162, BrakeWhileThrottle, 0
2.162, ThrottleAReading, 2189
2.162, ThrottleBReading, 2053
2.162, BrakeReading, 1420
2.162, ThrottleAPercent, 0.0
2.162, ThrottleBPercent, 0.0
2.21, StateBatteryChargeHV, 98.80000000000001
2.21, StateBatteryHealthHV, 0.0
2.21, StateBatteryPowerHV, 112.2
2.21, TempCellMax, 28.25
2.21, TempCellMin, 24.75
2.21, StateBMS, Wait_System_Up
2.21, HighestTempThermistor, 162
2.21, ThrottleAReading, 2189
2.21, ThrottleBReading, 2053
2.21, BrakeReading, 1420
2.21, ThrottleAPercent, 0.0
2.21, ThrottleBPercent, 0.0
2.21, VoltageCellMuxSelect, 43
2.21, VoltageCell130, 3.9141000000000004
2.21, VoltageCell131, 3.8287
2.21, VoltageCell132, 3.8215000000000003
2.21, AdjustedVoltageCellMuxSelect, 43
2.21, AdjustedVoltageCell130, 3.9096
2.21, AdjustedVoltageCell131, 3.8246
2.21, AdjustedVoltageCell132, 3.8172
2.21, IVT_MsgID_RX, 1
2.21, IVT_MsgCount, 2
2.21, IVT_Result_state, 0
2.21, IVT_U1, 60.708
2.211, IVT_MsgID_RX, 2
2.211, IVT_MsgCount, 2
2.211, IVT_Result_state, 0
2.211, IVT_U2, 0.44
2.211, IVT_MsgID_RX, 3
2.211, IVT_MsgCount, 2
2.211, IVT_Result_state, 0
2.211, IVT_U3, 0.022
2.211, ThrottlePercent, 0
2.211, BrakePercent, 7
2.211, FrontBrakePressure, 16
2.211, SteeringAngle, -102
2.211, BrakeWhileThrottle, 0
2.211, ThrottleAReading, 2189
2.211, ThrottleBReading, 2053
2.211, BrakeReading, 1420
2.211, ThrottleAPercent, 0.0
2.211, ThrottleBPercent, 0.0
2.211, IVT_MsgID_RX, 5
2.211, IVT_MsgCount, 6
2.211, IVT_Result_state, 0
2.211, IVT_W, -1
2.211, IVT_MsgID_RX, 0
2.211, IVT_MsgCount, 6
2.211, IVT_Result_state, 0
2.211, IVT_I, -0.032
2.211, ThrottleAReading, 2189
2.211, ThrottleBReading, 2053
2.211, BrakeReading, 1420
2.211, ThrottleAPercent, 0.0
2.211, ThrottleBPercent, 0.0
2.211, IVT_MsgID_RX, 7
2.211, IVT_MsgCount, 4
2.211, IVT_Result_state, 0
2.211, IVT_Wh, 0
2.211, ChannelCurrentRadiator, 0.201
2.211, ChannelCurrentAccFan, 0.214
2.211, ChannelCurrentPump1, 0.0
2.211, ChannelCurrentPump2, 0.201
2.211, ChannelCurrentAUX1, 0.0
2.211, ChannelCurrentAUX2, 0.228
2.211, ChannelCurrentAUX3, 0.0
2.211, ChannelCurrentAUX4, 0.214
2.211, ThrottleAReading, 2189
2.211, ThrottleBReading, 2053
2.211, BrakeReading, 1420
2.211, ThrottleAPercent, 0.0
2.211, ThrottleBPercent, 0.0
2.211, ChannelCurrentBrakeLight, 0.0
2.211, ChannelCurrentInverter, 0.0
2.211, ChannelCurrentBMU, 0.5630000000000001
2.211, ChannelCurrentCDU, 0.456
2.211, ChannelCurrentTCU, 0.362
2.211, ChannelCurrentWSB, 0.711
2.211, VCU_wheelSpeed_RL, 0.0
2.211, VCU_wheelSpeed_RR, 0.0
2.211, ThrottlePercent, 0
2.211, BrakePercent, 7
2.211, FrontBrakePressure, 19
2.211, SteeringAngle, -102
2.211, BrakeWhileThrottle, 0
2.212, ThrottleAReading, 2189
2.212, ThrottleBReading, 2053
2.212, BrakeReading, 1419
2.212, ThrottleAPercent, 0.0
2.212, ThrottleBPercent, 0.0
2.212, VoltageBusHV, 60.7
2.212, VoltageCellMax, 4.0208
2.212, VoltageCellMin, 3.8110000000000004
2.212, CurrentBusHV, 0.0
2.212, RLSpeedKPH, 0.0
2.212, RRSpeedKPH, 0.0
2.212, FLSpeedKPH, 0.0
2.212, FRSpeedKPH, 0.0
2.212, AMS_PackVoltage, 539.17
2.212, TCTorqueMax, 3.392
2.212, TCLeftSlip, -0.999
2.212, TCRightSlip, -0.999
2.212, TCTorqueAdjustment, 0.0
2.212, ThrottleAReading, 2189
2.212, ThrottleBReading, 2053
2.212, BrakeReading, 1419
2.212, ThrottleAPercent, 0.0
2.212, ThrottleBPercent, 0.0
2.212, IVT_MsgID_RX, 5
2.212, IVT_MsgCount, 7
2.212, IVT_Result_state, 0
2.212, IVT_W, -1
2.212, ThrottleAReading, 2189
2.212, ThrottleBReading, 2053
2.212, BrakeReading, 1419
2.212, ThrottleAPercent, 0.0
2.212, ThrottleBPercent, 0.0
2.212, ThrottlePercent, 0
2.212, BrakePercent, 7
2.212, FrontBrakePressure, 18
2.212, SteeringAngle, -102
2.212, BrakeWhileThrottle, 0
2.212, IVT_MsgID_RX, 0
2.212, IVT_MsgCount, 7
2.212, IVT_Result_state, 0
2.212, IVT_I, -0.028
2.212, ThrottleAReading, 2189
2.212, ThrottleBReading, 2053
2.212, BrakeReading, 1419
2.212, ThrottleAPercent, 0.0
2.212, ThrottleBPercent, 0.0
2.212, ThrottleAReading, 2189
2.212, ThrottleBReading, 2053
2.212, BrakeReading, 1419
2.212, ThrottleAPercent, 0.0
2.212, ThrottleBPercent, 0.0
2.212, ThrottlePercent, 0
2.212, BrakePercent, 7
2.212, FrontBrakePressure, 12
2.212, SteeringAngle, -102
2.212, BrakeWhileThrottle, 0
2.213, ThrottleAReading, 2189
2.213, ThrottleBReading, 2053
2.213, BrakeReading, 1420
2.213, ThrottleAPercent, 0.0
2.213, ThrottleBPercent, 0.0
2.213, IVT_MsgID_RX, 7
2.213, IVT_MsgCount, 5
2.213, IVT_Result_state, 0
2.213, IVT_Wh, 0
2.214, ThrottleAReading, 2189
2.214, ThrottleBReading, 2053
2.214, BrakeReading, 1420
2.214, ThrottleAPercent, 0.0
2.214, ThrottleBPercent, 0.0
2.214, IVT_MsgID_RX, 5
2.214, IVT_MsgCount, 8
2.214, IVT_Result_state, 0
2.214, IVT_W, -1
2.214, RLSpeedKPH, 0.0
2.214, RLSpeedRPM, 0.0
2.214, ThrottleAReading, 2189
2.214, ThrottleBReading, 2053
2.214, BrakeReading, 1420
2.214, ThrottleAPercent, 0.0
2.214, ThrottleBPercent, 0.0
2.214, ThrottlePercent, 0
2.214, BrakePercent, 7
2.214, FrontBrakePressure, 17
2.214, SteeringAngle, -102
2.214, BrakeWhileThrottle, 0
2.214, IVT_MsgID_RX, 0
2.214, IVT_MsgCount, 8
2.214, IVT_Result_state, 0
2.214, IVT_I, -0.028
2.214, BMU_checkFailed, BSPD_FAILED
2.214, BMU_InterlockInitialized, 0
2.214, VoltageCellMuxSelect, 44
2.214, VoltageCell133, 3.822
2.214, VoltageCell134, 3.8225000000000002
2.214, VoltageCell135, 3.8225000000000002
2.214, ThrottleAReading, 2189
2.214, ThrottleBReading, 2053
2.214, BrakeReading, 1419
2.214, ThrottleAPercent, 0.0
2.214, ThrottleBPercent, 0.0
2.214, VCU_wheelSpeed_RL, 0.0
2.214, VCU_wheelSpeed_RR, 0.0
2.26, AdjustedVoltageCellMuxSelect, 44
2.26, AdjustedVoltageCell133, 3.8178
2.26, AdjustedVoltageCell134, 3.8183000000000002
2.26, AdjustedVoltageCell135, 3.8182
2.26, RLSpeedKPH, 0.0
2.26, RRSpeedKPH, 0.0
2.26, FLSpeedKPH, 0.0
2.26, FRSpeedKPH, 0.0
2.26, ThrottleAReading, 2189
2.26, ThrottleBReading, 2053
2.26, BrakeReading, 1419
2.26, ThrottleAPercent, 0.0
2.26, ThrottleBPercent, 0.0
2.26, TCTorqueMax, 3.392
2.26, TCLeftSlip, -0.999
2.26, TCRightSlip, -0.999
2.26, TCTorqueAdjustment, 0.0
2.261, TempChannelMuxSelect, 44
2.261, TempChannel133, 27.189999999999998
2.261, TempChannel134, 27.310000000000002
2.261, TempChannel135, 27.010000000000005
2.261, ThrottlePercent, 0
2.261, BrakePercent, 7
2.261, FrontBrakePressure, 13
2.261, SteeringAngle, -102
2.261, BrakeWhileThrottle, 0
2.261, ThrottleAReading, 2189
2.261, ThrottleBReading, 2053
2.261, BrakeReading, 1419
2.261, ThrottleAPercent, 0.0
2.261, ThrottleBPercent, 0.0
2.261, ThrottleAReading, 2189
2.261, ThrottleBReading, 2053
2.261, BrakeReading, 1419
2.261, ThrottleAPercent, 0.0
2.261, ThrottleBPercent, 0.0
2.261, IVT_MsgID_RX, 1
2.261, IVT_MsgCount, 3
2.261, IVT_Result_state, 0
2.261, IVT_U1, 60.46
2.261, IVT_MsgID_RX, 2
2.261, IVT_MsgCount, 3
2.261, IVT_Result_state, 0
2.261, IVT_U2, 0.457
2.261, IVT_MsgID_RX, 3
2.261, IVT_MsgCount, 3
2.261, IVT_Result_state, 0
2.261, IVT_U3, 0.027
2.261, IVT_MsgID_RX, 5
2.261, IVT_MsgCount, 9
2.261, IVT_Result_state, 0
2.261, IVT_W, -1
2.261, ThrottleAReading, 2189
2.261, ThrottleBReading, 2053
2.261, BrakeReading, 1419
2.261, ThrottleAPercent, 0.0
2.261, ThrottleBPercent, 0.0
2.261, ThrottlePercent, 0
2.261, BrakePercent, 7
2.261, FrontBrakePressure, 21
2.261, SteeringAngle, -102
2.261, BrakeWhileThrottle, 0
2.261, IVT_MsgID_RX, 0
2.261, IVT_MsgCount, 9
2.261, IVT_Result_state, 0
2.261, IVT_I, -0.029
2.261, ThrottleAReading, 2189
2.261, ThrottleBReading, 2053
2.261, BrakeReading, 1420
2.261, ThrottleAPercent, 0.0
2.261, ThrottleBPercent, 0.0
2.261, IVT_MsgID_RX, 7
2.261, IVT_MsgCount, 6
2.261, IVT_Result_state, 0
2.261, IVT_Wh, 0
2.261, ThrottleAReading, 2189
2.261, ThrottleBReading, 2053
2.261, BrakeReading, 1420
2.261, ThrottleAPercent, 0.0
2.261, ThrottleBPercent, 0.0
2.261, ThrottlePercent, 0
2.261, BrakePercent, 7
2.261, FrontBrakePressure, 18
2.261, SteeringAngle, -102
2.261, BrakeWhileThrottle, 0
2.262, ThrottleAReading, 2189
2.262, ThrottleBReading, 2053
2.262, BrakeReading, 1420
2.262, ThrottleAPercent, 0.0
2.262, ThrottleBPercent, 0.0
2.262, ThrottleAReading, 2189
2.262, ThrottleBReading, 2053
2.262, BrakeReading, 1419
2.262, ThrottleAPercent, 0.0
2.262, ThrottleBPercent, 0.0
2.262, IVT_MsgID_RX, 5
2.262, IVT_MsgCount, 10
2.262, IVT_Result_state, 0
2.262, IVT_W, -1
2.262, IMD_R_iso_corrected, 0
2.262, IMD_R_iso_status, 252
2.262, IMD_R_Measurement_Counter, 2
2.262, IMD_Faults, 512
2.262, IMD_Device_activity, 1
2.262, ThrottleAReading, 2189
2.262, ThrottleBReading, 2053
2.262, BrakeReading, 1419
2.262, ThrottleAPercent, 0.0
2.262, ThrottleBPercent, 0.0
2.262, ThrottlePercent, 0
2.262, BrakePercent, 7
2.262, FrontBrakePressure, 11
2.262, SteeringAngle, -102
2.262, BrakeWhileThrottle, 0
2.262, VCU_wheelSpeed_RL, 0.0
2.262, VCU_wheelSpeed_RR, 0.0
2.262, RLSpeedKPH, 0.0
2.262, RRSpeedKPH, 0.0
2.262, FLSpeedKPH, 0.0
2.262, FRSpeedKPH, 0.0
2.262, IVT_MsgID_RX, 0
2.262, IVT_MsgCount, 10
2.262, IVT_Result_state, 0
2.262, IVT_I, -0.025
2.262, ThrottleAReading, 2189
2.262, ThrottleBReading, 2053
2.262, BrakeReading, 1419
2.262, ThrottleAPercent, 0.0
2.262, ThrottleBPercent, 0.0
2.262, TCTorqueMax, 3.392
2.262, TCLeftSlip, -0.999
2.262, TCRightSlip, -0.999
2.262, TCTorqueAdjustment, 0.0
2.262, ThrottleAReading, 2189
2.262, ThrottleBReading, 2053
2.262, BrakeReading, 1419
2.262, ThrottleAPercent, 0.0
2.262, ThrottleBPercent, 0.0
2.262, ThrottlePercent, 0
2.262, BrakePercent, 7
2.262, FrontBrakePressure, 12
2.262, SteeringAngle, -102
2.262, BrakeWhileThrottle, 0
2.263, ThrottleAReading, 2189
2.263, ThrottleBReading, 2053
2.263, BrakeReading, 1419
2.263, ThrottleAPercent, 0.0
2.263, ThrottleBPercent, 0.0
2.264, IVT_MsgID_RX, 7
2.264, IVT_MsgCount, 7
2.264, IVT_Result_state, 0
2.264, IVT_Wh, 0
2.31, ThrottleAReading, 2189
2.31, ThrottleBReading, 2053
2.31, BrakeReading, 1420
2.31, ThrottleAPercent, 0.0
2.31, ThrottleBPercent, 0.0
2.31, IVT_MsgID_RX, 5
2.31, IVT_MsgCount, 11
2.31, IVT_Result_state, 0
2.31, IVT_W, -1
2.31, ThrottleAReading, 2189
2.31, ThrottleBReading, 2053
2.31, BrakeReading, 1420
2.31, ThrottleAPercent, 0.0
2.31, ThrottleBPercent, 0.0
2.31, ThrottlePercent, 0
2.31, BrakePercent, 7
2.31, FrontBrakePressure, 16
2.31, SteeringAngle, -102
2.31, BrakeWhileThrottle, 0
2.31, IVT_MsgID_RX, 0
2.31, IVT_MsgCount, 11
2.31, IVT_Result_state, 0
2.31, IVT_I, -0.033
2.31, ThrottleAReading, 2189
2.31, ThrottleBReading, 2053
2.31, BrakeReading, 1419
2.31, ThrottleAPercent, 0.0
2.31, ThrottleBPercent, 0.0
2.31, ChannelCurrentRadiator, 0.201
2.31, ChannelCurrentAccFan, 0.187
2.31, ChannelCurrentPump1, 0.0
2.31, ChannelCurrentPump2, 0.161
2.31, ChannelCurrentAUX1, 0.0
2.31, ChannelCurrentAUX2, 0.201
2.31, ChannelCurrentAUX3, 0.0
2.31, ChannelCurrentAUX4, 0.214
2.31, ThrottleAReading, 2189
2.31, ThrottleBReading, 2053
2.31, BrakeReading, 1419
2.31, ThrottleAPercent, 0.0
2.31, ThrottleBPercent, 0.0
2.31, ChannelCurrentBrakeLight, 0.0
2.31, ChannelCurrentInverter, 0.0
2.31, ChannelCurrentBMU, 0.684
2.31, ChannelCurrentCDU, 0.46900000000000003
2.31, ChannelCurrentTCU, 0.375
2.31, ChannelCurrentWSB, 0.684
2.31, ThrottlePercent, 0
2.31, BrakePercent, 7
2.31, FrontBrakePressure, 13
2.31, SteeringAngle, -102
2.31, BrakeWhileThrottle, 0
2.31, StateBatteryChargeHV, 98.80000000000001
2.31, StateBatteryHealthHV, 0.0
2.31, StateBatteryPowerHV, 112.2
2.31, TempCellMax, 28.25
2.31, TempCellMin, 24.75
2.31, StateBMS, Wait_System_Up
2.31, HighestTempThermistor, 162
2.31, VoltageCellMuxSelect, 45
2.31, VoltageCell136, 3.8257000000000003
2.31, VoltageCell137, 3.8201
2.31, VoltageCell138, 3.9243
2.311, ThrottleAReading, 2189
2.311, ThrottleBReading, 2053
2.311, BrakeReading, 1419
2.311, ThrottleAPercent, 0.0
2.311, ThrottleBPercent, 0.0
2.311, AdjustedVoltageCellMuxSelect, 45
2.311, AdjustedVoltageCell136, 3.8213000000000004
2.311, AdjustedVoltageCell137, 3.8158000000000003
2.311, AdjustedVoltageCell138, 3.9200000000000004
2.311, VoltageBusHV, 60.46
2.311, VoltageCellMax, 4.0205
2.311, VoltageCellMin, 3.8114000000000003
2.311, CurrentBusHV, 0.0
2.311, VCU_wheelSpeed_RL, 0.0
2.311, VCU_wheelSpeed_RR, 0.0
2.311, TempChannelMuxSelect, 45
2.311, TempChannel136, 27.89
2.311, TempChannel137, 27.230000000000004
2.311, TempChannel138, 27.5
2.311, ThrottleAReading, 2189
2.311, ThrottleBReading, 2053
2.311, BrakeReading, 1419
2.311, ThrottleAPercent, 0.0
2.311, ThrottleBPercent, 0.0
2.311, AMS_PackVoltage, 539.23
2.311, RLSpeedKPH, 0.0
2.311, RRSpeedKPH, 0.0
2.311, FLSpeedKPH, 0.0
2.311, FRSpeedKPH, 0.0
2.311, IVT_MsgID_RX, 1
2.311, IVT_MsgCount, 4
2.311, IVT_Result_state, 0
2.311, IVT_U1, 60.423
2.311, IVT_MsgID_RX, 2
2.311, IVT_MsgCount, 4
2.311, IVT_Result_state, 0
2.311, IVT_U2, 0.482
2.311, IVT_MsgID_RX, 3
2.311, IVT_MsgCount, 4
2.311, IVT_Result_state, 0
2.311, IVT_U3, 0.033
2.311, IVT_MsgID_RX, 5
2.311, IVT_MsgCount, 12
2.311, IVT_Result_state, 0
2.311, IVT_W, -2
2.311, TCTorqueMax, 3.392
2.311, TCLeftSlip, -0.999
2.311, TCRightSlip, -0.999
2.311, TCTorqueAdjustment, 0.0
2.311, ThrottleAReading, 2189
2.311, ThrottleBReading, 2053
2.311, BrakeReading, 1419
2.311, ThrottleAPercent, 0.0
2.311, ThrottleBPercent, 0.0
2.311, ThrottlePercent, 0
2.311, BrakePercent, 7
2.311, FrontBrakePressure, 21
2.311, SteeringAngle, -102
2.311, BrakeWhileThrottle, 0
2.312, IVT_MsgID_RX, 0
2.312, IVT_MsgCount, 12
2.312, IVT_Result_state, 0
2.312, IVT_I, -0.033
2.312, IVT_MsgID_RX, 7
2.312, IVT_MsgCount, 8
2.312, IVT_Result_state, 0
2.312, IVT_Wh, 0
2.313, ThrottleAReading, 2189
2.313, ThrottleBReading, 2053
2.313, BrakeReading, 1419
2.313, ThrottleAPercent, 0.0
2.313, ThrottleBPercent, 0.0
2.313, ThrottleAReading, 2189
2.313, ThrottleBReading, 2053
2.313, BrakeReading, 1419
2.313, ThrottleAPercent, 0.0
2.313, ThrottleBPercent, 0.0
2.313, ThrottlePercent, 0
2.313, BrakePercent, 7
2.313, FrontBrakePressure, 19
2.313, SteeringAngle, -102
2.313, BrakeWhileThrottle, 0
2.313, ThrottleAReading, 2189
2.313, ThrottleBReading, 2053
2.313, BrakeReading, 1419
2.313, ThrottleAPercent, 0.0
2.313, ThrottleBPercent, 0.0
2.313, IVT_MsgID_RX, 5
2.313, IVT_MsgCount, 13
2.313, IVT_Result_state, 0
2.313, IVT_W, -2
2.313, ThrottleAReading, 2189
2.313, ThrottleBReading, 2053
2.313, BrakeReading, 1419
2.313, ThrottleAPercent, 0.0
2.313, ThrottleBPercent, 0.0
2.313, ThrottleAReading, 2189
2.313, ThrottleBReading, 2053
2.313, BrakeReading, 1419
2.313, ThrottleAPercent, 0.0
2.313, ThrottleBPercent, 0.0
2.313, ThrottlePercent, 0
2.313, BrakePercent, 7
2.313, FrontBrakePressure, 20
2.313, SteeringAngle, -102
2.313, BrakeWhileThrottle, 0
2.313, IVT_MsgID_RX, 0
2.313, IVT_MsgCount, 13
2.313, IVT_Result_state, 0
2.313, IVT_I, -0.028
2.313, BMU_checkFailed, BSPD_FAILED
2.313, BMU_InterlockInitialized, 0
2.313, VoltageCellMuxSelect, 46
2.313, VoltageCell139, 3.9137000000000004
2.313, VoltageCell140, 3.9163
2.313, ThrottleAReading, 2189
2.313, ThrottleBReading, 2053
2.313, BrakeReading, 1419
2.313, ThrottleAPercent, 0.0
2.313, ThrottleBPercent, 0.0
2.36, AdjustedVoltageCellMuxSelect, 46
2.36, AdjustedVoltageCell139, 3.9093
2.36, AdjustedVoltageCell140, 3.9118000000000004
2.36, TempChannelMuxSelect, 46
2.36, TempChannel139, 27.60000000000001
2.36, TempChannel140, 27.24000000000001
2.36, TempChannel141, 27.400000000000006
2.36, ThrottleAReading, 2189
2.36, ThrottleBReading, 2053
2.36, BrakeReading, 1419
2.36, ThrottleAPercent, 0.0
2.36, ThrottleBPercent, 0.0
2.36, VCU_wheelSpeed_RL, 0.0
2.36, VCU_wheelSpeed_RR, 0.0
2.36, ThrottlePercent, 0
2.36, BrakePercent, 7
2.36, FrontBrakePressure, 21
2.36, SteeringAngle, -102
2.36, BrakeWhileThrottle, 0
2.36, ThrottleAReading, 2189
2.36, ThrottleBReading, 2053
2.36, BrakeReading, 1419
2.36, ThrottleAPercent, 0.0
2.36, ThrottleBPercent, 0.0
2.36, RLSpeedKPH, 0.0
2.36, RRSpeedKPH, 0.0
2.36, FLSpeedKPH, 0.0
2.36, FRSpeedKPH, 0.0
2.36, IVT_MsgID_RX, 7
2.36, IVT_MsgCount, 9
2.36, IVT_Result_state, 0
2.36, IVT_Wh, 0
2.36, TCTorqueMax, 3.392
2.36, TCLeftSlip, -0.999
2.36, TCRightSlip, -0.999
2.36, TCTorqueAdjustment, 0.0
2.36, IVT_MsgID_RX, 5
2.36, IVT_MsgCount, 14
2.36, IVT_Result_state, 0
2.36, IVT_W, -1
2.36, ThrottleAReading, 2189
2.36, ThrottleBReading, 2053
2.36, BrakeReading, 1419
2.36, ThrottleAPercent, 0.0
2.36, ThrottleBPercent, 0.0
2.36, ThrottleAReading, 2189
2.36, ThrottleBReading, 2053
2.36, BrakeReading, 1419
2.36, ThrottleAPercent, 0.0
2.36, ThrottleBPercent, 0.0
2.36, ThrottlePercent, 0
2.36, BrakePercent, 7
2.36, FrontBrakePressure, 20
2.36, SteeringAngle, -102
2.36, BrakeWhileThrottle, 0
2.36, IVT_MsgID_RX, 0
2.36, IVT_MsgCount, 14
2.36, IVT_Result_state, 0
2.36, IVT_I, -0.027
2.36, ThrottleAReading, 2189
2.36, ThrottleBReading, 2053
2.36, BrakeReading, 1420
2.36, ThrottleAPercent, 0.0
2.36, ThrottleBPercent, 0.0
2.361, ThrottleAReading, 2189
2.361, ThrottleBReading, 2053
2.361, BrakeReading, 1420
2.361, ThrottleAPercent, 0.0
2.361, ThrottleBPercent, 0.0
2.361, ThrottlePercent, 0
2.361, BrakePercent, 7
2.361, FrontBrakePressure, 13
2.361, SteeringAngle, -102
2.361, BrakeWhileThrottle, 0
2.361, ThrottleAReading, 2190
2.361, ThrottleBReading, 2053
2.361, BrakeReading, 1420
2.361, ThrottleAPercent, 0.0
2.361, ThrottleBPercent, 0.0
2.361, ThrottleAReading, 2190
2.361, ThrottleBReading, 2053
2.361, BrakeReading, 1419
2.361, ThrottleAPercent, 0.0
2.361, ThrottleBPercent, 0.0
2.361, IVT_MsgID_RX, 1
2.361, IVT_MsgCount, 5
2.361, IVT_Result_state, 0
2.361, IVT_U1, 59.848
2.361, IVT_MsgID_RX, 2
2.361, IVT_MsgCount, 5
2.361, IVT_Result_state, 0
2.361, IVT_U2, 0.253
2.361, IVT_MsgID_RX, 3
2.361, IVT_MsgCount, 5
2.361, IVT_Result_state, 0
2.361, IVT_U3, 0.01
2.361, IVT_MsgID_RX, 5
2.361, IVT_MsgCount, 15
2.361, IVT_Result_state, 0
2.361, IVT_W, -1
2.361, IMD_R_iso_corrected, 0
2.361, IMD_R_iso_status, 252
2.361, IMD_R_Measurement_Counter, 2
2.361, IMD_Faults, 512
2.361, IMD_Device_activity, 1
2.361, ThrottleAReading, 2190
2.361, ThrottleBReading, 2053
2.361, BrakeReading, 1419
2.361, ThrottleAPercent, 0.0
2.361, ThrottleBPercent, 0.0
2.361, ThrottlePercent, 0
2.361, BrakePercent, 7
2.361, FrontBrakePressure, 19
2.361, SteeringAngle, -102
2.361, BrakeWhileThrottle, 0
2.361, IVT_MsgID_RX, 0
2.361, IVT_MsgCount, 15
2.361, IVT_Result_state, 0
2.361, IVT_I, -0.027
2.361, IVT_MsgID_RX, 7
2.361, IVT_MsgCount, 10
2.361, IVT_Result_state, 0
2.361, IVT_Wh, 0
2.361, ThrottleAReading, 2189
2.361, ThrottleBReading, 2053
2.361, BrakeReading, 1419
2.361, ThrottleAPercent, 0.0
2.361, ThrottleBPercent, 0.0
2.361, VCU_wheelSpeed_RL, 0.0
2.361, VCU_wheelSpeed_RR, 0.0
2.393, RLSpeedKPH, 0.0
2.393, RRSpeedKPH, 0.0
2.393, FLSpeedKPH, 0.0
2.393, FRSpeedKPH, 0.0
2.393, ThrottleAReading, 2189
2.393, ThrottleBReading, 2053
2.393, BrakeReading, 1419
2.393, ThrottleAPercent, 0.0
2.393, ThrottleBPercent, 0.0
2.393, TCTorqueMax, 3.392
2.393, TCLeftSlip, -0.999
2.393, TCRightSlip, -0.999
2.393, TCTorqueAdjustment, 0.0
2.393, ThrottlePercent, 0
2.393, BrakePercent, 7
2.393, FrontBrakePressure, 22
2.393, SteeringAngle, -102
2.393, BrakeWhileThrottle, 0
2.393, ThrottleAReading, 2189
2.393, ThrottleBReading, 2052
2.393, BrakeReading, 1419
2.393, ThrottleAPercent, 0.0
2.393, ThrottleBPercent, 0.0
2.393, VoltageCellMuxSelect, 0
2.393, VoltageCell01, 3.8198000000000003
2.393, VoltageCell02, 3.8218
2.393, VoltageCell03, 3.8226
2.41, IVT_MsgID_RX, 5
2.41, IVT_MsgCount, 0
2.41, IVT_Result_state, 0
2.41, IVT_W, -1
2.41, ThrottleAReading, 2189
2.41, ThrottleBReading, 2052
2.41, BrakeReading, 1419
2.41, ThrottleAPercent, 0.0
2.41, ThrottleBPercent, 0.0
2.41, AdjustedVoltageCellMuxSelect, 0
2.41, AdjustedVoltageCell01, 3.8154000000000003
2.41, AdjustedVoltageCell02, 3.817
2.41, AdjustedVoltageCell03, 3.8178
2.41, ThrottleAReading, 2189
2.41, ThrottleBReading, 2052
2.41, BrakeReading, 1419
2.41, ThrottleAPercent, 0.0
2.41, ThrottleBPercent, 0.0
2.41, ThrottlePercent, 0
2.41, BrakePercent, 7
2.41, FrontBrakePressure, 13
2.41, SteeringAngle, -102
2.41, BrakeWhileThrottle, 0
2.41, IVT_MsgID_RX, 0
2.41, IVT_MsgCount, 0
2.41, IVT_Result_state, 0
2.41, IVT_I, -0.026000000000000002
2.41, ThrottleAReading, 2189
2.41, ThrottleBReading, 2052
2.41, BrakeReading, 1419
2.41, ThrottleAPercent, 0.0
2.41, ThrottleBPercent, 0.0
2.41, ChannelCurrentRadiator, 0.201
2.41, ChannelCurrentAccFan, 0.201
2.41, ChannelCurrentPump1, 0.0
2.41, ChannelCurrentPump2, 0.214
2.411, ChannelCurrentAUX1, 0.0
2.411, ChannelCurrentAUX2, 0.228
2.411, ChannelCurrentAUX3, 0.0
2.411, ChannelCurrentAUX4, 0.201
2.411, ThrottleAReading, 2189
2.411, ThrottleBReading, 2052
2.411, BrakeReading, 1419
2.411, ThrottleAPercent, 0.0
2.411, ThrottleBPercent, 0.0
2.411, ChannelCurrentBrakeLight, 0.0
2.411, ChannelCurrentInverter, 0.0
2.411, ChannelCurrentBMU, 0.537
2.411, ChannelCurrentCDU, 0.51
2.411, ChannelCurrentTCU, 0.34900000000000003
2.411, ChannelCurrentWSB, 0.711
2.411, ThrottlePercent, 0
2.411, BrakePercent, 7
2.411, FrontBrakePressure, 14
2.411, SteeringAngle, -102
2.411, BrakeWhileThrottle, 0
2.411, IVT_MsgID_RX, 7
2.411, IVT_MsgCount, 11
2.411, IVT_Result_state, 0
2.411, IVT_Wh, 0
2.411, ThrottleAReading, 2189
2.411, ThrottleBReading, 2052
2.411, BrakeReading, 1419
2.411, ThrottleAPercent, 0.0
2.411, ThrottleBPercent, 0.0
2.411, IVT_MsgID_RX, 5
2.411, IVT_MsgCount, 1
2.411, IVT_Result_state, 0
2.411, IVT_W, -1
2.411, ThrottleAReading, 2189
2.411, ThrottleBReading, 2051
2.411, BrakeReading, 1419
2.411, ThrottleAPercent, 0.0
2.411, ThrottleBPercent, 0.0
2.411, VoltageBusHV, 59.84
2.411, VoltageCellMax, 4.0205
2.411, VoltageCellMin, 3.8114000000000003
2.411, CurrentBusHV, 0.0
2.411, ThrottleAReading, 2189
2.411, ThrottleBReading, 2050
2.411, BrakeReading, 1419
2.411, ThrottleAPercent, 0.0
2.411, ThrottleBPercent, 0.0
2.411, AMS_PackVoltage, 539.23
2.411, ThrottlePercent, 0
2.411, BrakePercent, 7
2.411, FrontBrakePressure, 14
2.411, SteeringAngle, -102
2.411, BrakeWhileThrottle, 0
2.411, VCU_wheelSpeed_RL, 0.0
2.411, VCU_wheelSpeed_RR, 0.0
2.411, IVT_MsgID_RX, 0
2.411, IVT_MsgCount, 1
2.411, IVT_Result_state, 0
2.411, IVT_I, -0.03
2.412, RLSpeedKPH, 0.0
2.412, RRSpeedKPH, 0.0
2.412, FLSpeedKPH, 0.0
2.412, FRSpeedKPH, 0.0
2.412, ThrottleAReading, 2189
2.412, ThrottleBReading, 2049
2.412, BrakeReading, 1419
2.412, ThrottleAPercent, 0.0
2.412, ThrottleBPercent, 0.0
2.412, TCTorqueMax, 3.392
2.412, TCLeftSlip, -0.999
2.412, TCRightSlip, -0.999
2.412, TCTorqueAdjustment, 0.0
2.412, StateBatteryChargeHV, 98.80000000000001
2.412, StateBatteryHealthHV, 0.0
2.412, StateBatteryPowerHV, 112.2
2.412, TempCellMax, 28.25
2.412, TempCellMin, 24.75
2.412, StateBMS, Wait_System_Up
2.412, HighestTempThermistor, 162
2.412, ThrottleAReading, 2189
2.412, ThrottleBReading, 2049
2.412, BrakeReading, 1419
2.412, ThrottleAPercent, 0.0
2.412, ThrottleBPercent, 0.0
2.412, ThrottlePercent, 0
2.412, BrakePercent, 7
2.412, FrontBrakePressure, 20
2.412, SteeringAngle, -102
2.412, BrakeWhileThrottle, 0
2.413, ThrottleAReading, 2189
2.413, ThrottleBReading, 2048
2.413, BrakeReading, 1419
2.413, ThrottleAPercent, 0.0
2.413, ThrottleBPercent, 0.0
2.413, IVT_MsgID_RX, 1
2.413, IVT_MsgCount, 6
2.413, IVT_Result_state, 0
2.413, IVT_U1, 59.258
2.413, ThrottleAReading, 2189
2.413, ThrottleBReading, 2048
2.413, BrakeReading, 1419
2.413, ThrottleAPercent, 0.0
2.413, ThrottleBPercent, 0.0
2.413, IVT_MsgID_RX, 2
2.413, IVT_MsgCount, 6
2.413, IVT_Result_state, 0
2.413, IVT_U2, 0.422
2.413, IVT_MsgID_RX, 3
2.413, IVT_MsgCount, 6
2.413, IVT_Result_state, 0
2.413, IVT_U3, 0.022
2.413, IVT_MsgID_RX, 5
2.413, IVT_MsgCount, 2
2.413, IVT_Result_state, 0
2.413, IVT_W, -1
2.413, ThrottleAReading, 2189
2.413, ThrottleBReading, 2048
2.413, BrakeReading, 1419
2.413, ThrottleAPercent, 0.0
2.413, ThrottleBPercent, 0.0
2.413, ThrottlePercent, 0
2.413, BrakePercent, 7
2.413, FrontBrakePressure, 13
2.413, SteeringAngle, -102
2.413, BrakeWhileThrottle, 0
2.414, IVT_MsgID_RX, 0
2.414, IVT_MsgCount, 2
2.414, IVT_Result_state, 0
2.414, IVT_I, -0.028
2.414, IVT_MsgID_RX, 7
2.414, IVT_MsgCount, 12
2.414, IVT_Result_state, 0
2.414, IVT_Wh, 0
2.414, ThrottleAReading, 2189
2.414, ThrottleBReading, 2048
2.414, BrakeReading, 1419
2.414, ThrottleAPercent, 0.0
2.414, ThrottleBPercent, 0.0
2.414, BMU_checkFailed, BSPD_FAILED
2.414, BMU_InterlockInitialized, 0
2.414, VoltageCellMuxSelect, 1
2.414, VoltageCell04, 3.8224
2.414, VoltageCell05, 3.8227
2.414, VoltageCell06, 3.8231
2.46, AdjustedVoltageCellMuxSelect, 1
2.46, AdjustedVoltageCell04, 3.8181000000000003
2.46, AdjustedVoltageCell05, 3.8184
2.46, AdjustedVoltageCell06, 3.8188
2.46, ThrottleAReading, 2189
2.46, ThrottleBReading, 2048
2.46, BrakeReading, 1419
2.46, ThrottleAPercent, 0.0
2.46, ThrottleBPercent, 0.0
2.46, ThrottlePercent, 0
2.46, BrakePercent, 7
2.46, FrontBrakePressure, 19
2.46, SteeringAngle, -102
2.46, BrakeWhileThrottle, 0
2.46, TempChannelMuxSelect, 1
2.46, TempChannel04, 27.13000000000001
2.46, TempChannel05, 27.700000000000003
2.46, TempChannel06, 27.58
2.46, ThrottleAReading, 2189
2.46, ThrottleBReading, 2048
2.46, BrakeReading, 1419
2.46, ThrottleAPercent, 0.0
2.46, ThrottleBPercent, 0.0
2.46, IVT_MsgID_RX, 5
2.46, IVT_MsgCount, 3
2.46, IVT_Result_state, 0
2.46, IVT_W, -1
2.46, VCU_wheelSpeed_RL, 0.0
2.46, VCU_wheelSpeed_RR, 0.0
2.46, ThrottleAReading, 2189
2.46, ThrottleBReading, 2045
2.46, BrakeReading, 1419
2.46, ThrottleAPercent, 0.0
2.46, ThrottleBPercent, 0.0
2.46, RLSpeedKPH, 0.0
2.46, RRSpeedKPH, 0.0
2.46, FLSpeedKPH, 0.0
2.46, FRSpeedKPH, 0.0
2.46, TCTorqueMax, 3.392
2.46, TCLeftSlip, -0.999
2.46, TCRightSlip, -0.999
2.46, TCTorqueAdjustment, 0.0
2.461, IVT_MsgID_RX, 0
2.461, IVT_MsgCount, 3
2.461, IVT_Result_state, 0
2.461, IVT_I, -0.027
2.461, ThrottlePercent, 0
2.461, BrakePercent, 7
2.461, FrontBrakePressure, 20
2.461, SteeringAngle, -102
2.461, BrakeWhileThrottle, 0
2.461, ThrottleAReading, 2189
2.461, ThrottleBReading, 2042
2.461, BrakeReading, 1419
2.461, ThrottleAPercent, 0.0
2.461, ThrottleBPercent, 0.0
2.461, ThrottleAReading, 2189
2.461, ThrottleBReading, 2039
2.461, BrakeReading, 1419
2.461, ThrottleAPercent, 0.0
2.461, ThrottleBPercent, 0.0
2.461, ThrottleAReading, 2189
2.461, ThrottleBReading, 2037
2.461, BrakeReading, 1419
2.461, ThrottleAPercent, 0.0
2.461, ThrottleBPercent, 0.0
2.461, ThrottlePercent, 0
2.461, BrakePercent, 7
2.461, FrontBrakePressure, 13
2.461, SteeringAngle, -102
2.461, BrakeWhileThrottle, 0
2.461, IVT_MsgID_RX, 7
2.461, IVT_MsgCount, 13
2.461, IVT_Result_state, 0
2.461, IVT_Wh, 0
2.461, ThrottleAReading, 2189
2.461, ThrottleBReading, 2034
2.461, BrakeReading, 1419
2.461, ThrottleAPercent, 0.0
2.461, ThrottleBPercent, 0.0
2.461, IVT_MsgID_RX, 5
2.461, IVT_MsgCount, 4
2.461, IVT_Result_state, 0
2.461, IVT_W, -1
2.461, ThrottleAReading, 2189
2.461, ThrottleBReading, 2032
2.461, BrakeReading, 1419
2.461, ThrottleAPercent, 0.0
2.461, ThrottleBPercent, 0.0
2.461, IMD_R_iso_corrected, 0
2.461, IMD_R_iso_status, 252
2.461, IMD_R_Measurement_Counter, 2
2.461, IMD_Faults, 512
2.461, IMD_Device_activity, 1
2.461, IVT_MsgID_RX, 0
2.461, IVT_MsgCount, 4
2.461, IVT_Result_state, 0
2.461, IVT_I, -0.028
2.461, ThrottleAReading, 2189
2.461, ThrottleBReading, 2032
2.461, BrakeReading, 1419
2.461, ThrottleAPercent, 0.0
2.461, ThrottleBPercent, 0.0
2.461, ThrottlePercent, 0
2.461, BrakePercent, 7
2.461, FrontBrakePressure, 15
2.461, SteeringAngle, -102
2.461, BrakeWhileThrottle, 0
2.461, ThrottleAReading, 2191
2.461, ThrottleBReading, 2032
2.461, BrakeReading, 1419
2.461, ThrottleAPercent, 0.0
2.461, ThrottleBPercent, 0.0
2.462, ThrottleAReading, 2196
2.462, ThrottleBReading, 2032
2.462, BrakeReading, 1419
2.462, ThrottleAPercent, 0.0
2.462, ThrottleBPercent, 0.0
2.462, VCU_wheelSpeed_RL, 0.0
2.462, VCU_wheelSpeed_RR, 0.0
2.462, ThrottlePercent, 0
2.462, BrakePercent, 7
2.462, FrontBrakePressure, 16
2.462, SteeringAngle, -102
2.462, BrakeWhileThrottle, 0
2.463, ThrottleAReading, 2200
2.463, ThrottleBReading, 2032
2.463, BrakeReading, 1419
2.463, ThrottleAPercent, 0.0
2.463, ThrottleBPercent, 0.0
2.463, RLSpeedKPH, 0.0
2.463, RRSpeedKPH, 0.0
2.463, FLSpeedKPH, 0.0
2.463, FRSpeedKPH, 0.0
2.463, TCTorqueMax, 3.392
2.463, TCLeftSlip, -0.999
2.463, TCRightSlip, -0.999
2.463, TCTorqueAdjustment, 0.0
2.463, VoltageCellMuxSelect, 2
2.463, VoltageCell07, 3.8202000000000003
2.463, VoltageCell08, 3.9256
2.463, VoltageCell09, 3.914
2.463, IVT_MsgID_RX, 1
2.463, IVT_MsgCount, 7
2.463, IVT_Result_state, 0
2.463, IVT_U1, 59.160000000000004
2.463, IVT_MsgID_RX, 2
2.463, IVT_MsgCount, 7
2.463, IVT_Result_state, 0
2.463, IVT_U2, 0.39
2.51, IVT_MsgID_RX, 3
2.51, IVT_MsgCount, 7
2.51, IVT_Result_state, 0
2.51, IVT_U3, -0.016
2.51, IVT_MsgID_RX, 5
2.51, IVT_MsgCount, 5
2.51, IVT_Result_state, 0
2.51, IVT_W, -1
2.51, ThrottleAReading, 2202
2.51, ThrottleBReading, 2027
2.51, BrakeReading, 1419
2.51, ThrottleAPercent, 0.0
2.51, ThrottleBPercent, 0.0
2.51, AdjustedVoltageCellMuxSelect, 2
2.51, AdjustedVoltageCell07, 3.8161
2.51, AdjustedVoltageCell08, 3.9210000000000003
2.51, AdjustedVoltageCell09, 3.9096
2.51, IVT_MsgID_RX, 0
2.51, IVT_MsgCount, 5
2.51, IVT_Result_state, 0
2.51, IVT_I, -0.025
2.513, ThrottleAReading, 2202
2.513, ThrottleBReading, 2023
2.513, BrakeReading, 1419
2.513, ThrottleAPercent, 0.0
2.513, ThrottleBPercent, 0.0
2.513, ThrottlePercent, 0
2.513, BrakePercent, 7
2.513, FrontBrakePressure, 16
2.513, SteeringAngle, -102
2.513, BrakeWhileThrottle, 0
2.513, IVT_MsgID_RX, 7
2.513, IVT_MsgCount, 14
2.513, IVT_Result_state, 0
2.513, IVT_Wh, 0
2.513, TempChannelMuxSelect, 2
2.513, TempChannel07, 24.519999999999996
2.513, TempChannel08, 27.24000000000001
2.513, TempChannel09, 27.86
2.513, ThrottleAReading, 2202
2.513, ThrottleBReading, 2021
2.513, BrakeReading, 1419
2.513, ThrottleAPercent, 0.0
2.513, ThrottleBPercent, 0.0
2.513, ChannelCurrentRadiator, 0.201
2.513, ChannelCurrentAccFan, 0.214
2.513, ChannelCurrentPump1, 0.0
2.513, ChannelCurrentPump2, 0.214
2.513, ChannelCurrentAUX1, 0.0
2.513, ChannelCurrentAUX2, 0.187
2.513, ChannelCurrentAUX3, 0.0
2.513, ChannelCurrentAUX4, 0.187
2.513, ThrottleAReading, 2202
2.513, ThrottleBReading, 2019
2.513, BrakeReading, 1420
2.513, ThrottleAPercent, 0.0
2.513, ThrottleBPercent, 0.0
2.513, ChannelCurrentBrakeLight, 0.0
2.513, ChannelCurrentInverter, 0.0
2.513, ChannelCurrentBMU, 0.51
2.513, ChannelCurrentCDU, 0.46900000000000003
2.513, ChannelCurrentTCU, 0.34900000000000003
2.513, ChannelCurrentWSB, 0.6980000000000001
2.513, ThrottlePercent, 0
2.513, BrakePercent, 7
2.513, FrontBrakePressure, 14
2.513, SteeringAngle, -102
2.513, BrakeWhileThrottle, 0
2.513, ThrottleAReading, 2202
2.513, ThrottleBReading, 2017
2.513, BrakeReading, 1420
2.513, ThrottleAPercent, 0.0
2.513, ThrottleBPercent, 0.0
2.513, IVT_MsgID_RX, 5
2.513, IVT_MsgCount, 6
2.513, IVT_Result_state, 0
2.513, IVT_W, -1
2.513, ThrottleAReading, 2202
2.513, ThrottleBReading, 2016
2.513, BrakeReading, 1419
2.513, ThrottleAPercent, 0.0
2.513, ThrottleBPercent, 0.0
2.513, IVT_MsgID_RX, 0
2.513, IVT_MsgCount, 6
2.513, IVT_Result_state, 0
2.513, IVT_I, -0.026000000000000002
2.514, ThrottleAReading, 2203
2.514, ThrottleBReading, 2016
2.514, BrakeReading, 1419
2.514, ThrottleAPercent, 0.0
2.514, ThrottleBPercent, 0.0
2.514, ThrottlePercent, 0
2.514, BrakePercent, 7
2.514, FrontBrakePressure, 13
2.514, SteeringAngle, -102
2.514, BrakeWhileThrottle, 0
2.515, VoltageBusHV, 59.160000000000004
2.515, VoltageCellMax, 4.0219000000000005
2.515, VoltageCellMin, 3.8118000000000003
2.515, CurrentBusHV, 0.0
2.515, AMS_PackVoltage, 539.3
2.515, ThrottleAReading, 2206
2.515, ThrottleBReading, 2016
2.515, BrakeReading, 1419
2.515, ThrottleAPercent, 0.0
2.515, ThrottleBPercent, 0.0
2.515, VCU_wheelSpeed_RL, 0.0
2.515, VCU_wheelSpeed_RR, 0.0
2.515, RLSpeedKPH, 0.0
2.515, RRSpeedKPH, 0.0
2.515, FLSpeedKPH, 0.0
2.515, FRSpeedKPH, 0.0
2.515, ThrottleAReading, 2207
2.515, ThrottleBReading, 2016
2.515, BrakeReading, 1420
2.515, ThrottleAPercent, 0.0
2.515, ThrottleBPercent, 0.0
2.515, TCTorqueMax, 3.392
2.515, TCLeftSlip, -0.999
2.515, TCRightSlip, -0.999
2.515, TCTorqueAdjustment, 0.0
2.515, IVT_MsgID_RX, 7
2.515, IVT_MsgCount, 15
2.515, IVT_Result_state, 0
2.515, IVT_Wh, 0
2.515, ThrottlePercent, 0
2.515, BrakePercent, 7
2.515, FrontBrakePressure, 12
2.515, SteeringAngle, -102
2.515, BrakeWhileThrottle, 0
2.515, ThrottleAReading, 2207
2.515, ThrottleBReading, 2016
2.515, BrakeReading, 1420
2.515, ThrottleAPercent, 0.0
2.515, ThrottleBPercent, 0.0
2.515, IVT_MsgID_RX, 5
2.515, IVT_MsgCount, 7
2.515, IVT_Result_state, 0
2.515, IVT_W, -1
2.515, ThrottleAReading, 2207
2.515, ThrottleBReading, 2016
2.515, BrakeReading, 1419
2.515, ThrottleAPercent, 0.0
2.515, ThrottleBPercent, 0.0
2.515, IVT_MsgID_RX, 0
2.515, IVT_MsgCount, 7
2.515, IVT_Result_state, 0
2.515, IVT_I, -0.026000000000000002
2.516, ThrottleAReading, 2207
2.516, ThrottleBReading, 2016
2.516, BrakeReading, 1419
2.516, ThrottleAPercent, 0.0
2.516, ThrottleBPercent, 0.0
2.516, ThrottlePercent, 0
2.516, BrakePercent, 7
2.516, FrontBrakePressure, 19
2.516, SteeringAngle, -102
2.516, BrakeWhileThrottle, 0
2.516, StateBatteryChargeHV, 98.80000000000001
2.516, StateBatteryHealthHV, 0.0
2.516, StateBatteryPowerHV, 112.2
2.516, TempCellMax, 28.25
2.516, TempCellMin, 24.75
2.516, StateBMS, Wait_System_Up
2.516, HighestTempThermistor, 162
2.516, BMU_checkFailed, BSPD_FAILED
2.516, BMU_InterlockInitialized, 0
2.516, VoltageCellMuxSelect, 3
2.516, VoltageCell10, 3.9179000000000004
2.516, VoltageCell11, 3.8215000000000003
2.516, VoltageCell12, 3.825
2.516, ThrottleAReading, 2207
2.516, ThrottleBReading, 2016
2.516, BrakeReading, 1419
2.516, ThrottleAPercent, 0.0
2.516, ThrottleBPercent, 0.0
2.56, AdjustedVoltageCellMuxSelect, 3
2.56, AdjustedVoltageCell10, 3.9134
2.56, AdjustedVoltageCell11, 3.8171000000000004
2.56, AdjustedVoltageCell12, 3.8206
2.56, TempChannelMuxSelect, 3
2.56, TempChannel10, 27.570000000000007
2.56, TempChannel11, 27.799999999999997
2.56, TempChannel12, 27.730000000000004
2.56, ThrottleAReading, 2207
2.56, ThrottleBReading, 2016
2.56, BrakeReading, 1419
2.56, ThrottleAPercent, 0.0
2.56, ThrottleBPercent, 0.0
2.56, ThrottlePercent, 0
2.56, BrakePercent, 7
2.56, FrontBrakePressure, 15
2.56, SteeringAngle, -102
2.56, BrakeWhileThrottle, 0
2.56, ThrottleAReading, 2207
2.56, ThrottleBReading, 2016
2.56, BrakeReading, 1419
2.56, ThrottleAPercent, 0.0
2.56, ThrottleBPercent, 0.0
2.56, IVT_MsgID_RX, 1
2.56, IVT_MsgCount, 8
2.56, IVT_Result_state, 0
2.56, IVT_U1, 59.087
2.56, IVT_MsgID_RX, 2
2.56, IVT_MsgCount, 8
2.56, IVT_Result_state, 0
2.56, IVT_U2, 0.247
2.56, IVT_MsgID_RX, 3
2.56, IVT_MsgCount, 8
2.56, IVT_Result_state, 0
2.56, IVT_U3, 0.049
2.561, IVT_MsgID_RX, 5
2.561, IVT_MsgCount, 8
2.561, IVT_Result_state, 0
2.561, IVT_W, -1
2.561, ThrottleAReading, 2207
2.561, ThrottleBReading, 2015
2.561, BrakeReading, 1419
2.561, ThrottleAPercent, 0.0
2.561, ThrottleBPercent, 0.0
2.561, IVT_MsgID_RX, 0
2.561, IVT_MsgCount, 8
2.561, IVT_Result_state, 0
2.561, IVT_I, -0.029
2.561, IVT_MsgID_RX, 7
2.561, IVT_MsgCount, 0
2.561, IVT_Result_state, 0
2.561, IVT_Wh, 0
2.561, ThrottleAReading, 2207
2.561, ThrottleBReading, 2015
2.561, BrakeReading, 1419
2.561, ThrottleAPercent, 0.0
2.561, ThrottleBPercent, 0.0
2.561, ThrottlePercent, 0
2.561, BrakePercent, 7
2.561, FrontBrakePressure, 19
2.561, SteeringAngle, -102
2.561, BrakeWhileThrottle, 0
2.561, VCU_wheelSpeed_RL, 0.0
2.561, VCU_wheelSpeed_RR, 0.0
2.561, RLSpeedKPH, 0.0
2.561, RRSpeedKPH, 0.0
2.561, FLSpeedKPH, 0.0
2.561, FRSpeedKPH, 0.0
2.561, ThrottleAReading, 2207
2.561, ThrottleBReading, 2015
2.561, BrakeReading, 1419
2.561, ThrottleAPercent, 0.0
2.561, ThrottleBPercent, 0.0
2.561, TCTorqueMax, 3.392
2.561, TCLeftSlip, -0.999
2.561, TCRightSlip, -0.999
2.561, TCTorqueAdjustment, 0.0
2.561, ThrottleAReading, 2207
2.561, ThrottleBReading, 2015
2.561, BrakeReading, 1419
2.561, ThrottleAPercent, 0.0
2.561, ThrottleBPercent, 0.0
2.561, ThrottlePercent, 0
2.561, BrakePercent, 7
2.561, FrontBrakePressure, 13
2.561, SteeringAngle, -102
2.561, BrakeWhileThrottle, 0
2.561, ThrottleAReading, 2207
2.561, ThrottleBReading, 2015
2.561, BrakeReading, 1419
2.561, ThrottleAPercent, 0.0
2.561, ThrottleBPercent, 0.0
2.561, IVT_MsgID_RX, 5
2.561, IVT_MsgCount, 9
2.561, IVT_Result_state, 0
2.561, IVT_W, -1
2.561, ThrottleAReading, 2207
2.561, ThrottleBReading, 2015
2.561, BrakeReading, 1419
2.561, ThrottleAPercent, 0.0
2.561, ThrottleBPercent, 0.0
2.562, IMD_R_iso_corrected, 0
2.562, IMD_R_iso_status, 252
2.562, IMD_R_Measurement_Counter, 2
2.562, IMD_Faults, 512
2.562, IMD_Device_activity, 1
2.562, IVT_MsgID_RX, 0
2.562, IVT_MsgCount, 9
2.562, IVT_Result_state, 0
2.562, IVT_I, -0.026000000000000002
2.562, ThrottleAReading, 2207
2.562, ThrottleBReading, 2015
2.562, BrakeReading, 1419
2.562, ThrottleAPercent, 0.0
2.562, ThrottleBPercent, 0.0
2.562, ThrottlePercent, 0
2.562, BrakePercent, 7
2.562, FrontBrakePressure, 20
2.562, SteeringAngle, -102
2.562, BrakeWhileThrottle, 0
2.562, ThrottleAReading, 2207
2.562, ThrottleBReading, 2015
2.562, BrakeReading, 1419
2.562, ThrottleAPercent, 0.0
2.562, ThrottleBPercent, 0.0
2.562, ThrottleAReading, 2207
2.562, ThrottleBReading, 2015
2.562, BrakeReading, 1419
2.562, ThrottleAPercent, 0.0
2.562, ThrottleBPercent, 0.0
2.562, IVT_MsgID_RX, 7
2.562, IVT_MsgCount, 1
2.562, IVT_Result_state, 0
2.562, IVT_Wh, 0
2.562, ThrottlePercent, 0
2.562, BrakePercent, 7
2.562, FrontBrakePressure, 19
2.562, SteeringAngle, -102
2.562, BrakeWhileThrottle, 0
2.562, ThrottleAReading, 2207
2.562, ThrottleBReading, 2015
2.562, BrakeReading, 1419
2.562, ThrottleAPercent, 0.0
2.562, ThrottleBPercent, 0.0
2.562, IVT_MsgID_RX, 5
2.562, IVT_MsgCount, 10
2.562, IVT_Result_state, 0
2.562, IVT_W, -1
2.563, VoltageBusLV, 12.018
2.563, CurrentBusLV, 0.0
2.563, PowerBusLV, 0
2.563, VCU_wheelSpeed_RL, 0.0
2.563, VCU_wheelSpeed_RR, 0.0
2.61, VoltageCellMuxSelect, 4
2.61, VoltageCell13, 3.8243
2.61, VoltageCell14, 3.8244000000000002
2.61, VoltageCell15, 3.825
2.61, ThrottleAReading, 2207
2.61, ThrottleBReading, 2015
2.61, BrakeReading, 1419
2.61, ThrottleAPercent, 0.0
2.61, ThrottleBPercent, 0.0
2.611, RLSpeedKPH, 0.0
2.611, RRSpeedKPH, 0.0
2.611, FLSpeedKPH, 0.0
2.611, FRSpeedKPH, 0.0
2.611, AdjustedVoltageCellMuxSelect, 4
2.611, AdjustedVoltageCell13, 3.8200000000000003
2.611, AdjustedVoltageCell14, 3.8202000000000003
2.611, AdjustedVoltageCell15, 3.8206
2.611, IVT_MsgID_RX, 0
2.611, IVT_MsgCount, 10
2.611, IVT_Result_state, 0
2.611, IVT_I, -0.024
2.611, TCTorqueMax, 3.392
2.611, TCLeftSlip, -0.999
2.611, TCRightSlip, -0.999
2.611, TCTorqueAdjustment, 0.0
2.611, ThrottleAReading, 2207
2.611, ThrottleBReading, 2015
2.611, BrakeReading, 1419
2.611, ThrottleAPercent, 0.0
2.611, ThrottleBPercent, 0.0
2.611, ThrottlePercent, 0
2.611, BrakePercent, 7
2.611, FrontBrakePressure, 16
2.611, SteeringAngle, -102
2.611, BrakeWhileThrottle, 0
2.611, TempChannelMuxSelect, 4
2.611, TempChannel13, 28.05000000000001
2.611, TempChannel14, 27.83
2.611, TempChannel15, 27.61
2.611, ThrottleAReading, 2207
2.611, ThrottleBReading, 2015
2.611, BrakeReading, 1419
2.611, ThrottleAPercent, 0.0
2.611, ThrottleBPercent, 0.0
2.611, ChannelCurrentRadiator, 0.201
2.611, ChannelCurrentAccFan, 0.214
2.611, ChannelCurrentPump1, 0.0
2.611, ChannelCurrentPump2, 0.241
2.611, ChannelCurrentAUX1, 0.0
2.611, ChannelCurrentAUX2, 0.214
2.611, ChannelCurrentAUX3, 0.0
2.611, ChannelCurrentAUX4, 0.214
2.611, ThrottleAReading, 2207
2.611, ThrottleBReading, 2015
2.611, BrakeReading, 1419
2.611, ThrottleAPercent, 0.0
2.611, ThrottleBPercent, 0.0
2.611, ChannelCurrentBrakeLight, 0.0
2.611, ChannelCurrentInverter, 0.0
2.611, ChannelCurrentBMU, 0.523
2.611, ChannelCurrentCDU, 0.51
2.611, ChannelCurrentTCU, 0.362
2.611, ChannelCurrentWSB, 0.684
2.611, ThrottlePercent, 0
2.611, BrakePercent, 7
2.611, FrontBrakePressure, 19
2.611, SteeringAngle, -102
2.611, BrakeWhileThrottle, 0
2.611, ThrottleAReading, 2207
2.611, ThrottleBReading, 2015
2.611, BrakeReading, 1419
2.611, ThrottleAPercent, 0.0
2.611, ThrottleBPercent, 0.0
2.612, IVT_MsgID_RX, 1
2.612, IVT_MsgCount, 9
2.612, IVT_Result_state, 0
2.612, IVT_U1, 58.442
2.612, IVT_MsgID_RX, 2
2.612, IVT_MsgCount, 9
2.612, IVT_Result_state, 0
2.612, IVT_U2, 0.403
2.612, IVT_MsgID_RX, 3
2.612, IVT_MsgCount, 9
2.612, IVT_Result_state, 0
2.612, IVT_U3, 0.024
2.612, IVT_MsgID_RX, 5
2.612, IVT_MsgCount, 11
2.612, IVT_Result_state, 0
2.612, IVT_W, -1
2.612, ThrottleAReading, 2207
2.612, ThrottleBReading, 2015
2.612, BrakeReading, 1420
2.612, ThrottleAPercent, 0.0
2.612, ThrottleBPercent, 0.0
2.612, IVT_MsgID_RX, 0
2.612, IVT_MsgCount, 11
2.612, IVT_Result_state, 0
2.612, IVT_I, -0.019
2.612, IVT_MsgID_RX, 7
2.612, IVT_MsgCount, 2
2.612, IVT_Result_state, 0
2.612, IVT_Wh, 0
2.612, ThrottleAReading, 2207
2.612, ThrottleBReading, 2015
2.612, BrakeReading, 1420
2.612, ThrottleAPercent, 0.0
2.612, ThrottleBPercent, 0.0
2.612, ThrottlePercent, 0
2.612, BrakePercent, 7
2.612, FrontBrakePressure, 18
2.612, SteeringAngle, -102
2.612, BrakeWhileThrottle, 0
2.612, VoltageBusHV, 58.44
2.612, VoltageCellMax, 4.0215000000000005
2.612, VoltageCellMin, 3.8123
2.612, CurrentBusHV, 0.0
2.612, ThrottleAReading, 2207
2.612, ThrottleBReading, 2015
2.612, BrakeReading, 1420
2.612, ThrottleAPercent, 0.0
2.612, ThrottleBPercent, 0.0
2.612, AMS_PackVoltage, 539.36
2.612, ThrottleAReading, 2207
2.612, ThrottleBReading, 2015
2.612, BrakeReading, 1419
2.612, ThrottleAPercent, 0.0
2.612, ThrottleBPercent, 0.0
2.612, VCU_wheelSpeed_RL, 0.0
2.612, VCU_wheelSpeed_RR, 0.0
2.612, ThrottlePercent, 0
2.612, BrakePercent, 7
2.612, FrontBrakePressure, 16
2.612, SteeringAngle, -102
2.612, BrakeWhileThrottle, 0
2.613, IVT_MsgID_RX, 5
2.613, IVT_MsgCount, 12
2.613, IVT_Result_state, 0
2.613, IVT_W, -1
2.614, ThrottleAReading, 2207
2.614, ThrottleBReading, 2015
2.614, BrakeReading, 1419
2.614, ThrottleAPercent, 0.0
2.614, ThrottleBPercent, 0.0
2.614, RLSpeedKPH, 0.0
2.614, RRSpeedKPH, 0.0
2.614, FLSpeedKPH, 0.0
2.614, FRSpeedKPH, 0.0
2.614, TCTorqueMax, 3.392
2.614, TCLeftSlip, -0.999
2.614, TCRightSlip, -0.999
2.614, TCTorqueAdjustment, 0.0
2.614, ThrottleAReading, 2207
2.614, ThrottleBReading, 2015
2.614, BrakeReading, 1419
2.614, ThrottleAPercent, 0.0
2.614, ThrottleBPercent, 0.0
2.614, IVT_MsgID_RX, 0
2.614, IVT_MsgCount, 12
2.614, IVT_Result_state, 0
2.614, IVT_I, -0.025
2.614, ThrottleAReading, 2207
2.614, ThrottleBReading, 2015
2.614, BrakeReading, 1419
2.614, ThrottleAPercent, 0.0
2.614, ThrottleBPercent, 0.0
2.614, ThrottlePercent, 0
2.614, BrakePercent, 7
2.614, FrontBrakePressure, 13
2.614, SteeringAngle, -102
2.614, BrakeWhileThrottle, 0
2.614, ThrottleAReading, 2207
2.614, ThrottleBReading, 2015
2.614, BrakeReading, 1419
2.614, ThrottleAPercent, 0.0
2.614, ThrottleBPercent, 0.0
2.66, ThrottleAReading, 2207
2.66, ThrottleBReading, 2015
2.66, BrakeReading, 1420
2.66, ThrottleAPercent, 0.0
2.66, ThrottleBPercent, 0.0
2.66, IVT_MsgID_RX, 7
2.66, IVT_MsgCount, 3
2.66, IVT_Result_state, 0
2.66, IVT_Wh, 0
2.66, ThrottlePercent, 0
2.66, BrakePercent, 7
2.66, FrontBrakePressure, 13
2.66, SteeringAngle, -102
2.66, BrakeWhileThrottle, 0
2.66, IVT_MsgID_RX, 5
2.66, IVT_MsgCount, 13
2.66, IVT_Result_state, 0
2.66, IVT_W, -1
2.66, ThrottleAReading, 2207
2.66, ThrottleBReading, 2015
2.66, BrakeReading, 1420
2.66, ThrottleAPercent, 0.0
2.66, ThrottleBPercent, 0.0
2.693, ThrottleAReading, 2208
2.693, ThrottleBReading, 2015
2.693, BrakeReading, 1420
2.693, ThrottleAPercent, 0.0
2.693, ThrottleBPercent, 0.0
2.693, IVT_MsgID_RX, 0
2.693, IVT_MsgCount, 13
2.693, IVT_Result_state, 0
2.693, IVT_I, -0.028
2.693, StateBatteryChargeHV, 98.80000000000001
2.693, StateBatteryHealthHV, 0.0
2.693, StateBatteryPowerHV, 112.2
2.693, TempCellMax, 28.25
2.693, TempCellMin, 24.75
2.693, StateBMS, Wait_System_Up
2.693, HighestTempThermistor, 162
2.693, BMU_checkFailed, BSPD_FAILED
2.693, BMU_InterlockInitialized, 0
2.693, VoltageCellMuxSelect, 5
2.693, VoltageCell16, 3.8245
2.693, VoltageCell17, 3.8221000000000003
2.693, VoltageCell18, 3.9256
2.693, AdjustedVoltageCellMuxSelect, 5
2.693, AdjustedVoltageCell16, 3.8202000000000003
2.693, AdjustedVoltageCell17, 3.8177000000000003
2.693, AdjustedVoltageCell18, 3.9212000000000002
2.693, ThrottleAReading, 2208
2.693, ThrottleBReading, 2015
2.693, BrakeReading, 1419
2.693, ThrottleAPercent, 0.0
2.693, ThrottleBPercent, 0.0
2.693, ThrottlePercent, 0
2.693, BrakePercent, 7
2.693, FrontBrakePressure, 13
2.693, SteeringAngle, -102
2.693, BrakeWhileThrottle, 0
2.693, TempChannelMuxSelect, 5
2.693, TempChannel16, 27.810000000000002
2.693, TempChannel17, 27.450000000000003
2.693, TempChannel18, 27.439999999999998
2.693, ThrottleAReading, 2208
2.693, ThrottleBReading, 2014
2.693, BrakeReading, 1419
2.693, ThrottleAPercent, 0.0
2.693, ThrottleBPercent, 0.0
2.693, VCU_wheelSpeed_RL, 0.0
2.693, VCU_wheelSpeed_RR, 0.0
2.693, RLSpeedKPH, 0.0
2.693, RRSpeedKPH, 0.0
2.693, FLSpeedKPH, 0.0
2.693, FRSpeedKPH, 0.0
2.693, ThrottleAReading, 2208
2.693, ThrottleBReading, 2013
2.693, BrakeReading, 1420
2.693, ThrottleAPercent, 0.0
2.693, ThrottleBPercent, 0.0
2.693, TCTorqueMax, 3.392
2.693, TCLeftSlip, -0.999
2.693, TCRightSlip, -0.999
2.693, TCTorqueAdjustment, 0.0
2.693, ThrottlePercent, 0
2.693, BrakePercent, 7
2.693, FrontBrakePressure, 15
2.693, SteeringAngle, -102
2.693, BrakeWhileThrottle, 0
2.697, ThrottleAReading, 2208
2.697, ThrottleBReading, 2013
2.697, BrakeReading, 1420
2.697, ThrottleAPercent, 0.0
2.697, ThrottleBPercent, 0.0
2.697, IVT_MsgID_RX, 1
2.697, IVT_MsgCount, 10
2.697, IVT_Result_state, 0
2.697, IVT_U1, 57.947
2.697, IVT_MsgID_RX, 2
2.697, IVT_MsgCount, 10
2.697, IVT_Result_state, 0
2.697, IVT_U2, 0.214
2.697, IVT_MsgID_RX, 3
2.697, IVT_MsgCount, 10
2.697, IVT_Result_state, 0
2.697, IVT_U3, 0.012
2.697, IVT_MsgID_RX, 5
2.697, IVT_MsgCount, 14
2.697, IVT_Result_state, 0
2.697, IVT_W, -1
2.698, ThrottleAReading, 2208
2.698, ThrottleBReading, 2012
2.698, BrakeReading, 1420
2.698, ThrottleAPercent, 0.0
2.698, ThrottleBPercent, 0.0
2.698, IVT_MsgID_RX, 0
2.698, IVT_MsgCount, 14
2.698, IVT_Result_state, 0
2.698, IVT_I, -0.023
2.698, IVT_MsgID_RX, 7
2.698, IVT_MsgCount, 4
2.698, IVT_Result_state, 0
2.698, IVT_Wh, 0
2.698, IMD_R_iso_corrected, 0
2.698, IMD_R_iso_status, 252
2.698, IMD_R_Measurement_Counter, 2
2.698, IMD_Faults, 512
2.698, IMD_Device_activity, 1
2.698, ThrottleAReading, 2208
2.698, ThrottleBReading, 2012
2.698, BrakeReading, 1420
2.698, ThrottleAPercent, 0.0
2.698, ThrottleBPercent, 0.0
2.698, ThrottlePercent, 0
2.698, BrakePercent, 7
2.698, FrontBrakePressure, 13
2.698, SteeringAngle, -102
2.698, BrakeWhileThrottle, 0
2.698, ThrottleAReading, 2209
2.698, ThrottleBReading, 2012
2.698, BrakeReading, 1420
2.698, ThrottleAPercent, 0.0
2.698, ThrottleBPercent, 0.0
2.698, ThrottleAReading, 2211
2.698, ThrottleBReading, 2012
2.698, BrakeReading, 1419
2.698, ThrottleAPercent, 0.0
2.698, ThrottleBPercent, 0.0
2.698, ThrottlePercent, 0
2.698, BrakePercent, 7
2.698, FrontBrakePressure, 19
2.698, SteeringAngle, -102
2.698, BrakeWhileThrottle, 0
2.698, IVT_MsgID_RX, 5
2.698, IVT_MsgCount, 15
2.698, IVT_Result_state, 0
2.698, IVT_W, -1
2.699, ThrottleAReading, 2212
2.699, ThrottleBReading, 2012
2.699, BrakeReading, 1419
2.699, ThrottleAPercent, 0.0
2.699, ThrottleBPercent, 0.0
2.699, VoltageCellMuxSelect, 6
2.699, VoltageCell19, 3.914
2.699, VoltageCell20, 3.9175
2.699, VoltageCell21, 3.8223000000000003
2.71, ThrottleAReading, 2212
2.71, ThrottleBReading, 2011
2.71, BrakeReading, 1419
2.71, ThrottleAPercent, 0.0
2.71, ThrottleBPercent, 0.0
2.71, IVT_MsgID_RX, 0
2.71, IVT_MsgCount, 15
2.71, IVT_Result_state, 0
2.71, IVT_I, -0.025
2.71, AdjustedVoltageCellMuxSelect, 6
2.71, AdjustedVoltageCell19, 3.9097000000000004
2.71, AdjustedVoltageCell20, 3.9129
2.71, AdjustedVoltageCell21, 3.8177000000000003
2.71, ThrottleAReading, 2212
2.71, ThrottleBReading, 2010
2.71, BrakeReading, 1419
2.71, ThrottleAPercent, 0.0
2.71, ThrottleBPercent, 0.0
2.71, ThrottlePercent, 0
2.71, BrakePercent, 7
2.71, FrontBrakePressure, 19
2.71, SteeringAngle, -102
2.71, BrakeWhileThrottle, 0
2.71, VCU_wheelSpeed_RL, 0.0
2.71, VCU_wheelSpeed_RR, 0.0
2.71, RLSpeedKPH, 0.0
2.71, RRSpeedKPH, 0.0
2.71, FLSpeedKPH, 0.0
2.71, FRSpeedKPH, 0.0
2.71, ThrottleAReading, 2212
2.71, ThrottleBReading, 2009
2.71, BrakeReading, 1419
2.71, ThrottleAPercent, 0.0
2.71, ThrottleBPercent, 0.0
2.71, TCTorqueMax, 3.392
2.71, TCLeftSlip, -0.999
2.71, TCRightSlip, -0.999
2.71, TCTorqueAdjustment, 0.0
2.71, IVT_MsgID_RX, 7
2.71, IVT_MsgCount, 5
2.71, IVT_Result_state, 0
2.71, IVT_Wh, 0
2.71, ChannelCurrentRadiator, 0.201
2.71, ChannelCurrentAccFan, 0.214
2.71, ChannelCurrentPump1, 0.0
2.71, ChannelCurrentPump2, 0.214
2.71, ChannelCurrentAUX1, 0.0
2.71, ChannelCurrentAUX2, 0.214
2.71, ChannelCurrentAUX3, 0.0
2.71, ChannelCurrentAUX4, 0.201
2.711, ThrottleAReading, 2212
2.711, ThrottleBReading, 2009
2.711, BrakeReading, 1419
2.711, ThrottleAPercent, 0.0
2.711, ThrottleBPercent, 0.0
2.711, ChannelCurrentBrakeLight, 0.0
2.711, ChannelCurrentInverter, 0.0
2.711, ChannelCurrentBMU, 0.51
2.711, ChannelCurrentCDU, 0.496
2.711, ChannelCurrentTCU, 0.389
2.711, ChannelCurrentWSB, 0.738
2.711, ThrottlePercent, 0
2.711, BrakePercent, 7
2.711, FrontBrakePressure, 20
2.711, SteeringAngle, -102
2.711, BrakeWhileThrottle, 0
2.711, IVT_MsgID_RX, 5
2.711, IVT_MsgCount, 0
2.711, IVT_Result_state, 0
2.711, IVT_W, -1
2.711, ThrottleAReading, 2212
2.711, ThrottleBReading, 2009
2.711, BrakeReading, 1419
2.711, ThrottleAPercent, 0.0
2.711, ThrottleBPercent, 0.0
2.711, IVT_MsgID_RX, 0
2.711, IVT_MsgCount, 0
2.711, IVT_Result_state, 0
2.711, IVT_I, -0.021
2.711, ThrottleAReading, 2212
2.711, ThrottleBReading, 2008
2.711, BrakeReading, 1419
2.711, ThrottleAPercent, 0.0
2.711, ThrottleBPercent, 0.0
2.711, ThrottleAReading, 2213
2.711, ThrottleBReading, 2008
2.711, BrakeReading, 1419
2.711, ThrottleAPercent, 0.0
2.711, ThrottleBPercent, 0.0
2.711, ThrottlePercent, 0
2.711, BrakePercent, 7
2.711, FrontBrakePressure, 18
2.711, SteeringAngle, -102
2.711, BrakeWhileThrottle, 0
2.711, ThrottleAReading, 2213
2.711, ThrottleBReading, 2008
2.711, BrakeReading, 1419
2.711, ThrottleAPercent, 0.0
2.711, ThrottleBPercent, 0.0
2.711, VoltageBusHV, 57.94
2.711, VoltageCellMax, 4.0218
2.711, VoltageCellMin, 3.8128
2.711, CurrentBusHV, 0.0
2.711, ThrottleAReading, 2214
2.711, ThrottleBReading, 2008
2.711, BrakeReading, 1419
2.711, ThrottleAPercent, 0.0
2.711, ThrottleBPercent, 0.0
2.711, AMS_PackVoltage, 539.42
2.711, ThrottlePercent, 0
2.711, BrakePercent, 7
2.711, FrontBrakePressure, 19
2.711, SteeringAngle, -102
2.711, BrakeWhileThrottle, 0
2.712, IVT_MsgID_RX, 1
2.712, IVT_MsgCount, 11
2.712, IVT_Result_state, 0
2.712, IVT_U1, 58.001
2.712, IVT_MsgID_RX, 2
2.712, IVT_MsgCount, 11
2.712, IVT_Result_state, 0
2.712, IVT_U2, 0.315
2.712, IVT_MsgID_RX, 3
2.712, IVT_MsgCount, 11
2.712, IVT_Result_state, 0
2.712, IVT_U3, 0.031
2.713, IVT_MsgID_RX, 5
2.713, IVT_MsgCount, 1
2.713, IVT_Result_state, 0
2.713, IVT_W, -1
2.713, ThrottleAReading, 2214
2.713, ThrottleBReading, 2008
2.713, BrakeReading, 1419
2.713, ThrottleAPercent, 0.0
2.713, ThrottleBPercent, 0.0
2.713, VCU_wheelSpeed_RL, 0.0
2.713, VCU_wheelSpeed_RR, 0.0
2.713, IVT_MsgID_RX, 0
2.713, IVT_MsgCount, 1
2.713, IVT_Result_state, 0
2.713, IVT_I, -0.024
2.713, ThrottleAReading, 2214
2.713, ThrottleBReading, 2008
2.713, BrakeReading, 1419
2.713, ThrottleAPercent, 0.0
2.713, ThrottleBPercent, 0.0
2.713, IVT_MsgID_RX, 7
2.713, IVT_MsgCount, 6
2.713, IVT_Result_state, 0
2.713, IVT_Wh, 0
2.713, RLSpeedKPH, 0.0
2.713, RRSpeedKPH, 0.0
2.713, FLSpeedKPH, 0.0
2.713, FRSpeedKPH, 0.0
2.713, TCTorqueMax, 3.392
2.713, TCLeftSlip, -0.999
2.713, TCRightSlip, -0.999
2.713, TCTorqueAdjustment, 0.0
2.713, ThrottleAReading, 2214
2.713, ThrottleBReading, 2008
2.713, BrakeReading, 1419
2.713, ThrottleAPercent, 0.0
2.713, ThrottleBPercent, 0.0
2.713, ThrottlePercent, 0
2.713, BrakePercent, 7
2.713, FrontBrakePressure, 20
2.713, SteeringAngle, -102
2.713, BrakeWhileThrottle, 0
2.713, ThrottleAReading, 2214
2.713, ThrottleBReading, 2008
2.713, BrakeReading, 1419
2.713, ThrottleAPercent, 0.0
2.713, ThrottleBPercent, 0.0
2.76, BMU_checkFailed, BSPD_FAILED
2.76, BMU_InterlockInitialized, 0
2.76, VoltageCellMuxSelect, 7
2.76, VoltageCell22, 3.8239
2.76, VoltageCell23, 3.8242000000000003
2.76, VoltageCell24, 3.8246
2.76, ThrottleAReading, 2214
2.76, ThrottleBReading, 2008
2.76, BrakeReading, 1419
2.76, ThrottleAPercent, 0.0
2.76, ThrottleBPercent, 0.0
2.76, AdjustedVoltageCellMuxSelect, 7
2.76, AdjustedVoltageCell22, 3.8192000000000004
2.76, AdjustedVoltageCell23, 3.8194000000000004
2.76, AdjustedVoltageCell24, 3.8200000000000003
2.76, IVT_MsgID_RX, 5
2.76, IVT_MsgCount, 2
2.76, IVT_Result_state, 0
2.76, IVT_W, -1
2.76, ThrottlePercent, 0
2.76, BrakePercent, 7
2.76, FrontBrakePressure, 16
2.76, SteeringAngle, -102
2.76, BrakeWhileThrottle, 0
2.76, ThrottleAReading, 2214
2.76, ThrottleBReading, 2008
2.76, BrakeReading, 1419
2.76, ThrottleAPercent, 0.0
2.76, ThrottleBPercent, 0.0
2.76, IVT_MsgID_RX, 0
2.76, IVT_MsgCount, 2
2.76, IVT_Result_state, 0
2.76, IVT_I, -0.03
2.76, ThrottleAReading, 2214
2.76, ThrottleBReading, 2007
2.76, BrakeReading, 1419
2.76, ThrottleAPercent, 0.0
2.76, ThrottleBPercent, 0.0
2.76, ThrottleAReading, 2215
2.76, ThrottleBReading, 2007
2.76, BrakeReading, 1419
2.76, ThrottleAPercent, 0.0
2.76, ThrottleBPercent, 0.0
2.76, ThrottlePercent, 0
2.76, BrakePercent, 7
2.76, FrontBrakePressure, 19
2.76, SteeringAngle, -102
2.76, BrakeWhileThrottle, 0
2.76, ThrottleAReading, 2215
2.76, ThrottleBReading, 2007
2.76, BrakeReading, 1419
2.76, ThrottleAPercent, 0.0
2.76, ThrottleBPercent, 0.0
2.76, IVT_MsgID_RX, 7
2.76, IVT_MsgCount, 7
2.76, IVT_Result_state, 0
2.76, IVT_Wh, 0
2.76, ThrottleAReading, 2216
2.76, ThrottleBReading, 2007
2.76, BrakeReading, 1419
2.76, ThrottleAPercent, 0.0
2.76, ThrottleBPercent, 0.0
2.76, IVT_MsgID_RX, 5
2.76, IVT_MsgCount, 3
2.76, IVT_Result_state, 0
2.76, IVT_W, -1
2.761, VCU_wheelSpeed_RL, 0.0
2.761, VCU_wheelSpeed_RR, 0.0
2.761, ThrottlePercent, 0
2.761, BrakePercent, 7
2.761, FrontBrakePressure, 21
2.761, SteeringAngle, -102
2.761, BrakeWhileThrottle, 0
2.761, ThrottleAReading, 2217
2.761, ThrottleBReading, 2007
2.761, BrakeReading, 1419
2.761, ThrottleAPercent, 0.0
2.761, ThrottleBPercent, 0.0
2.761, RLSpeedKPH, 0.0
2.761, RRSpeedKPH, 0.0
2.761, FLSpeedKPH, 0.0
2.761, FRSpeedKPH, 0.0
2.761, StateBatteryChargeHV, 98.80000000000001
2.761, StateBatteryHealthHV, 0.0
2.761, StateBatteryPowerHV, 112.2
2.761, TempCellMax, 28.25
2.761, TempCellMin, 24.75
2.761, StateBMS, Wait_System_Up
2.761, HighestTempThermistor, 162
2.761, TCTorqueMax, 3.392
2.761, TCLeftSlip, -0.999
2.761, TCRightSlip, -0.999
2.761, TCTorqueAdjustment, 0.0
2.761, TempChannelMuxSelect, 7
2.761, TempChannel22, 27.92
2.761, TempChannel23, 27.680000000000007
2.761, TempChannel24, 27.78
2.761, IVT_MsgID_RX, 0
2.761, IVT_MsgCount, 3
2.761, IVT_Result_state, 0
2.761, IVT_I, -0.024
2.761, ThrottleAReading, 2217
2.761, ThrottleBReading, 2006
2.761, BrakeReading, 1419
2.761, ThrottleAPercent, 0.0
2.761, ThrottleBPercent, 0.0
2.761, IMD_R_iso_corrected, 0
2.761, IMD_R_iso_status, 252
2.761, IMD_R_Measurement_Counter, 2
2.761, IMD_Faults, 512
2.761, IMD_Device_activity, 1
2.761, ThrottleAReading, 2217
2.761, ThrottleBReading, 2005
2.761, BrakeReading, 1419
2.761, ThrottleAPercent, 0.0
2.761, ThrottleBPercent, 0.0
2.761, ThrottlePercent, 0
2.761, BrakePercent, 7
2.761, FrontBrakePressure, 15
2.761, SteeringAngle, -102
2.761, BrakeWhileThrottle, 0
2.761, ThrottleAReading, 2217
2.761, ThrottleBReading, 2004
2.761, BrakeReading, 1419
2.761, ThrottleAPercent, 0.0
2.761, ThrottleBPercent, 0.0
2.761, ThrottleAReading, 2217
2.761, ThrottleBReading, 2004
2.761, BrakeReading, 1419
2.761, ThrottleAPercent, 0.0
2.761, ThrottleBPercent, 0.0
2.761, ThrottlePercent, 0
2.761, BrakePercent, 7
2.761, FrontBrakePressure, 13
2.761, SteeringAngle, -102
2.761, BrakeWhileThrottle, 0
2.763, IVT_MsgID_RX, 1
2.763, IVT_MsgCount, 12
2.763, IVT_Result_state, 0
2.763, IVT_U1, 57.619
2.763, IVT_MsgID_RX, 2
2.763, IVT_MsgCount, 12
2.763, IVT_Result_state, 0
2.763, IVT_U2, 0.324
2.763, IVT_MsgID_RX, 3
2.763, IVT_MsgCount, 12
2.763, IVT_Result_state, 0
2.763, IVT_U3, 0.006
2.763, IVT_MsgID_RX, 5
2.763, IVT_MsgCount, 4
2.763, IVT_Result_state, 0
2.763, IVT_W, -1
2.763, ThrottleAReading, 2217
2.763, ThrottleBReading, 2004
2.763, BrakeReading, 1419
2.763, ThrottleAPercent, 0.0
2.763, ThrottleBPercent, 0.0
2.763, IVT_MsgID_RX, 0
2.763, IVT_MsgCount, 4
2.763, IVT_Result_state, 0
2.763, IVT_I, -0.027
2.81, IVT_MsgID_RX, 7
2.81, IVT_MsgCount, 8
2.81, IVT_Result_state, 0
2.81, IVT_Wh, 0
2.81, ThrottleAReading, 2217
2.81, ThrottleBReading, 2004
2.81, BrakeReading, 1419
2.81, ThrottleAPercent, 0.0
2.81, ThrottleBPercent, 0.0
2.81, VoltageCellMuxSelect, 8
2.81, VoltageCell25, 3.8305000000000002
2.81, VoltageCell26, 3.8259000000000003
2.81, VoltageCell27, 3.8206
2.81, AdjustedVoltageCellMuxSelect, 8
2.81, AdjustedVoltageCell25, 3.8253000000000004
2.81, AdjustedVoltageCell26, 3.8216
2.81, AdjustedVoltageCell27, 3.8162000000000003
2.81, ThrottleAReading, 2218
2.81, ThrottleBReading, 2004
2.81, BrakeReading, 1419
2.81, ThrottleAPercent, 0.0
2.81, ThrottleBPercent, 0.0
2.81, ThrottlePercent, 0
2.81, BrakePercent, 7
2.81, FrontBrakePressure, 20
2.81, SteeringAngle, -102
2.81, BrakeWhileThrottle, 0
2.81, TempChannelMuxSelect, 8
2.81, TempChannel25, 27.540000000000006
2.81, TempChannel26, 27.909999999999997
2.81, TempChannel27, 27.909999999999997
2.81, ThrottleAReading, 2218
2.81, ThrottleBReading, 2004
2.81, BrakeReading, 1419
2.81, ThrottleAPercent, 0.0
2.81, ThrottleBPercent, 0.0
2.813, VCU_wheelSpeed_RL, 0.0
2.813, VCU_wheelSpeed_RR, 0.0
2.813, RLSpeedKPH, 0.0
2.813, RRSpeedKPH, 0.0
2.813, FLSpeedKPH, 0.0
2.813, FRSpeedKPH, 0.0
2.813, ChannelCurrentRadiator, 0.187
2.813, ChannelCurrentAccFan, 0.214
2.813, ChannelCurrentPump1, 0.0
2.813, ChannelCurrentPump2, 0.161
2.813, ChannelCurrentAUX1, 0.013000000000000001
2.813, ChannelCurrentAUX2, 0.201
2.813, ChannelCurrentAUX3, 0.0
2.813, ChannelCurrentAUX4, 0.187
2.813, ThrottleAReading, 2218
2.813, ThrottleBReading, 2004
2.813, BrakeReading, 1419
2.813, ThrottleAPercent, 0.0
2.813, ThrottleBPercent, 0.0
2.813, ChannelCurrentBrakeLight, 0.0
2.813, ChannelCurrentInverter, 0.0
2.813, ChannelCurrentBMU, 0.46900000000000003
2.813, ChannelCurrentCDU, 0.46900000000000003
2.813, ChannelCurrentTCU, 0.389
2.813, ChannelCurrentWSB, 0.657
2.813, TCTorqueMax, 3.392
2.813, TCLeftSlip, -0.999
2.813, TCRightSlip, -0.999
2.813, TCTorqueAdjustment, 0.0
2.813, IVT_MsgID_RX, 5
2.813, IVT_MsgCount, 5
2.813, IVT_Result_state, 0
2.813, IVT_W, -1
2.813, ThrottlePercent, 0
2.813, BrakePercent, 7
2.813, FrontBrakePressure, 13
2.813, SteeringAngle, -102
2.813, BrakeWhileThrottle, 0
2.813, ThrottleAReading, 2218
2.813, ThrottleBReading, 2004
2.813, BrakeReading, 1419
2.813, ThrottleAPercent, 0.0
2.813, ThrottleBPercent, 0.0
2.813, IVT_MsgID_RX, 0
2.813, IVT_MsgCount, 5
2.813, IVT_Result_state, 0
2.813, IVT_I, -0.027
2.813, ThrottleAReading, 2219
2.813, ThrottleBReading, 2004
2.813, BrakeReading, 1419
2.813, ThrottleAPercent, 0.0
2.813, ThrottleBPercent, 0.0
2.814, ThrottleAReading, 2219
2.814, ThrottleBReading, 2003
2.814, BrakeReading, 1419
2.814, ThrottleAPercent, 0.0
2.814, ThrottleBPercent, 0.0
2.814, ThrottlePercent, 0
2.814, BrakePercent, 7
2.814, FrontBrakePressure, 17
2.814, SteeringAngle, -102
2.814, BrakeWhileThrottle, 0
2.815, ThrottleAReading, 2219
2.815, ThrottleBReading, 2002
2.815, BrakeReading, 1419
2.815, ThrottleAPercent, 0.0
2.815, ThrottleBPercent, 0.0
2.815, IVT_MsgID_RX, 7
2.815, IVT_MsgCount, 9
2.815, IVT_Result_state, 0
2.815, IVT_Wh, 0
2.815, ThrottleAReading, 2219
2.815, ThrottleBReading, 2002
2.815, BrakeReading, 1419
2.815, ThrottleAPercent, 0.0
2.815, ThrottleBPercent, 0.0
2.815, IVT_MsgID_RX, 5
2.815, IVT_MsgCount, 6
2.815, IVT_Result_state, 0
2.815, IVT_W, -1
2.815, ThrottlePercent, 0
2.815, BrakePercent, 7
2.815, FrontBrakePressure, 19
2.815, SteeringAngle, -102
2.815, BrakeWhileThrottle, 0
2.815, VoltageBusHV, 57.61
2.815, VoltageCellMax, 4.0225
2.815, VoltageCellMin, 3.8132
2.815, CurrentBusHV, 0.0
2.815, ThrottleAReading, 2219
2.815, ThrottleBReading, 2002
2.815, BrakeReading, 1419
2.815, ThrottleAPercent, 0.0
2.815, ThrottleBPercent, 0.0
2.815, AMS_PackVoltage, 539.49
2.815, IVT_MsgID_RX, 0
2.815, IVT_MsgCount, 6
2.815, IVT_Result_state, 0
2.815, IVT_I, -0.023
2.815, ThrottleAReading, 2219
2.815, ThrottleBReading, 2001
2.815, BrakeReading, 1419
2.815, ThrottleAPercent, 0.0
2.815, ThrottleBPercent, 0.0
2.815, ThrottleAReading, 2221
2.815, ThrottleBReading, 2001
2.815, BrakeReading, 1420
2.815, ThrottleAPercent, 0.0
2.815, ThrottleBPercent, 0.0
2.815, ThrottlePercent, 0
2.815, BrakePercent, 7
2.815, FrontBrakePressure, 13
2.815, SteeringAngle, -102
2.815, BrakeWhileThrottle, 0
2.815, VCU_wheelSpeed_RL, 0.0
2.815, VCU_wheelSpeed_RR, 0.0
2.815, RLSpeedKPH, 0.0
2.815, RRSpeedKPH, 0.0
2.815, FLSpeedKPH, 0.0
2.815, FRSpeedKPH, 0.0
2.815, BMU_checkFailed, BSPD_FAILED
2.815, BMU_InterlockInitialized, 0
2.816, VoltageCellMuxSelect, 9
2.816, VoltageCell28, 3.9450000000000003
2.816, VoltageCell29, 3.9174
2.816, VoltageCell30, 3.9166000000000003
2.816, ThrottleAReading, 2222
2.816, ThrottleBReading, 2001
2.816, BrakeReading, 1420
2.816, ThrottleAPercent, 0.0
2.816, ThrottleBPercent, 0.0
2.816, TCTorqueMax, 3.392
2.816, TCLeftSlip, -0.999
2.816, TCRightSlip, -0.999
2.816, TCTorqueAdjustment, 0.0
2.86, AdjustedVoltageCellMuxSelect, 9
2.86, AdjustedVoltageCell28, 3.9406000000000003
2.86, AdjustedVoltageCell29, 3.9129
2.86, AdjustedVoltageCell30, 3.9121
2.86, ThrottleAReading, 2222
2.86, ThrottleBReading, 2001
2.86, BrakeReading, 1420
2.86, ThrottleAPercent, 0.0
2.86, ThrottleBPercent, 0.0
2.86, TempChannelMuxSelect, 9
2.86, TempChannel28, 27.11
2.86, TempChannel29, 26.790000000000006
2.86, TempChannel30, 27.35000000000001
2.86, IVT_MsgID_RX, 1
2.86, IVT_MsgCount, 13
2.86, IVT_Result_state, 0
2.86, IVT_U1, 57.045
2.86, IVT_MsgID_RX, 2
2.86, IVT_MsgCount, 13
2.86, IVT_Result_state, 0
2.86, IVT_U2, 0.185
2.86, IVT_MsgID_RX, 3
2.86, IVT_MsgCount, 13
2.86, IVT_Result_state, 0
2.86, IVT_U3, 0.01
2.86, ThrottlePercent, 0
2.86, BrakePercent, 7
2.86, FrontBrakePressure, 22
2.86, SteeringAngle, -102
2.86, BrakeWhileThrottle, 0
2.86, IVT_MsgID_RX, 5
2.86, IVT_MsgCount, 7
2.86, IVT_Result_state, 0
2.86, IVT_W, -1
2.86, ThrottleAReading, 2222
2.86, ThrottleBReading, 2001
2.86, BrakeReading, 1420
2.86, ThrottleAPercent, 0.0
2.86, ThrottleBPercent, 0.0
2.86, IVT_MsgID_RX, 0
2.86, IVT_MsgCount, 7
2.86, IVT_Result_state, 0
2.86, IVT_I, -0.033
2.86, IVT_MsgID_RX, 7
2.86, IVT_MsgCount, 10
2.86, IVT_Result_state, 0
2.86, IVT_Wh, 0
2.861, ThrottleAReading, 2222
2.861, ThrottleBReading, 2001
2.861, BrakeReading, 1420
2.861, ThrottleAPercent, 0.0
2.861, ThrottleBPercent, 0.0
2.861, ThrottleAReading, 2222
2.861, ThrottleBReading, 2000
2.861, BrakeReading, 1418
2.861, ThrottleAPercent, 0.0
2.861, ThrottleBPercent, 0.0
2.861, ThrottlePercent, 0
2.861, BrakePercent, 6
2.861, FrontBrakePressure, 16
2.861, SteeringAngle, -102
2.861, BrakeWhileThrottle, 0
2.861, ThrottleAReading, 2222
2.861, ThrottleBReading, 2000
2.861, BrakeReading, 1418
2.861, ThrottleAPercent, 0.0
2.861, ThrottleBPercent, 0.0
2.861, IVT_MsgID_RX, 5
2.861, IVT_MsgCount, 8
2.861, IVT_Result_state, 0
2.861, IVT_W, -1
2.861, ThrottleAReading, 2222
2.861, ThrottleBReading, 2000
2.861, BrakeReading, 1418
2.861, ThrottleAPercent, 0.0
2.861, ThrottleBPercent, 0.0
2.861, ThrottlePercent, 0
2.861, BrakePercent, 7
2.861, FrontBrakePressure, 20
2.861, SteeringAngle, -102
2.861, BrakeWhileThrottle, 0
2.861, ThrottleAReading, 2222
2.861, ThrottleBReading, 2000
2.861, BrakeReading, 1419
2.861, ThrottleAPercent, 0.0
2.861, ThrottleBPercent, 0.0
2.861, IVT_MsgID_RX, 0
2.861, IVT_MsgCount, 8
2.861, IVT_Result_state, 0
2.861, IVT_I, -0.031
2.861, VCU_wheelSpeed_RL, 0.0
2.861, VCU_wheelSpeed_RR, 0.0
2.861, ThrottleAReading, 2222
2.861, ThrottleBReading, 2000
2.861, BrakeReading, 1419
2.861, ThrottleAPercent, 0.0
2.861, ThrottleBPercent, 0.0
2.861, RLSpeedKPH, 0.0
2.861, RRSpeedKPH, 0.0
2.861, FLSpeedKPH, 0.0
2.861, FRSpeedKPH, 0.0
2.861, IMD_R_iso_corrected, 0
2.861, IMD_R_iso_status, 252
2.861, IMD_R_Measurement_Counter, 2
2.861, IMD_Faults, 512
2.861, IMD_Device_activity, 1
2.861, TCTorqueMax, 3.392
2.861, TCLeftSlip, -0.999
2.861, TCRightSlip, -0.999
2.861, TCTorqueAdjustment, 0.0
2.861, ThrottleAReading, 2222
2.861, ThrottleBReading, 2000
2.861, BrakeReading, 1419
2.861, ThrottleAPercent, 0.0
2.861, ThrottleBPercent, 0.0
2.862, ThrottlePercent, 0
2.862, BrakePercent, 7
2.862, FrontBrakePressure, 21
2.862, SteeringAngle, -102
2.862, BrakeWhileThrottle, 0
2.862, ThrottleAReading, 2222
2.862, ThrottleBReading, 2000
2.862, BrakeReading, 1419
2.862, ThrottleAPercent, 0.0
2.862, ThrottleBPercent, 0.0
2.862, IVT_MsgID_RX, 7
2.862, IVT_MsgCount, 11
2.862, IVT_Result_state, 0
2.862, IVT_Wh, 0
2.862, StateBatteryChargeHV, 98.80000000000001
2.862, StateBatteryHealthHV, 0.0
2.862, StateBatteryPowerHV, 112.2
2.862, TempCellMax, 28.25
2.862, TempCellMin, 24.75
2.862, StateBMS, Wait_System_Up
2.862, HighestTempThermistor, 162
2.862, IVT_MsgID_RX, 5
2.862, IVT_MsgCount, 9
2.862, IVT_Result_state, 0
2.862, IVT_W, -1
2.862, ThrottleAReading, 2222
2.862, ThrottleBReading, 2000
2.862, BrakeReading, 1419
2.862, ThrottleAPercent, 0.0
2.862, ThrottleBPercent, 0.0
2.862, ThrottlePercent, 0
2.862, BrakePercent, 7
2.862, FrontBrakePressure, 17
2.862, SteeringAngle, -102
2.862, BrakeWhileThrottle, 0
2.863, ThrottleAReading, 2222
2.863, ThrottleBReading, 2000
2.863, BrakeReading, 1420
2.863, ThrottleAPercent, 0.0
2.863, ThrottleBPercent, 0.0
2.863, IVT_MsgID_RX, 0
2.863, IVT_MsgCount, 9
2.863, IVT_Result_state, 0
2.863, IVT_I, -0.023
2.863, VoltageCellMuxSelect, 10
2.863, VoltageCell31, 3.8264
2.863, VoltageCell32, 3.8241
2.863, VoltageCell33, 3.8241
2.91, ThrottleAReading, 2222
2.91, ThrottleBReading, 2000
2.91, BrakeReading, 1420
2.91, ThrottleAPercent, 0.0
2.91, ThrottleBPercent, 0.0
2.91, AdjustedVoltageCellMuxSelect, 10
2.91, AdjustedVoltageCell31, 3.8213000000000004
2.91, AdjustedVoltageCell32, 3.8198000000000003
2.91, AdjustedVoltageCell33, 3.8198000000000003
2.91, ThrottleAReading, 2222
2.91, ThrottleBReading, 2000
2.91, BrakeReading, 1419
2.91, ThrottleAPercent, 0.0
2.91, ThrottleBPercent, 0.0
2.91, ThrottlePercent, 0
2.91, BrakePercent, 7
2.91, FrontBrakePressure, 14
2.91, SteeringAngle, -102
2.91, BrakeWhileThrottle, 0
2.91, ThrottleAReading, 2222
2.91, ThrottleBReading, 2000
2.91, BrakeReading, 1419
2.91, ThrottleAPercent, 0.0
2.91, ThrottleBPercent, 0.0
2.911, ChannelCurrentRadiator, 0.228
2.911, ChannelCurrentAccFan, 0.214
2.911, ChannelCurrentPump1, 0.0
2.911, ChannelCurrentPump2, 0.214
2.911, ChannelCurrentAUX1, 0.0
2.911, ChannelCurrentAUX2, 0.201
2.911, ChannelCurrentAUX3, 0.0
2.911, ChannelCurrentAUX4, 0.214
2.911, ThrottleAReading, 2222
2.911, ThrottleBReading, 2000
2.911, BrakeReading, 1419
2.911, ThrottleAPercent, 0.0
2.911, ThrottleBPercent, 0.0
2.911, ChannelCurrentBrakeLight, 0.0
2.911, ChannelCurrentInverter, 0.0
2.911, ChannelCurrentBMU, 0.523
2.911, ChannelCurrentCDU, 0.483
2.911, ChannelCurrentTCU, 0.308
2.911, ChannelCurrentWSB, 0.738
2.911, IVT_MsgID_RX, 1
2.911, IVT_MsgCount, 14
2.911, IVT_Result_state, 0
2.911, IVT_U1, 56.618
2.911, IVT_MsgID_RX, 2
2.911, IVT_MsgCount, 14
2.911, IVT_Result_state, 0
2.911, IVT_U2, 0.20700000000000002
2.911, IVT_MsgID_RX, 3
2.911, IVT_MsgCount, 14
2.911, IVT_Result_state, 0
2.911, IVT_U3, 0.014
2.911, IVT_MsgID_RX, 5
2.911, IVT_MsgCount, 10
2.911, IVT_Result_state, 0
2.911, IVT_W, -1
2.911, VCU_wheelSpeed_RL, 0.0
2.911, VCU_wheelSpeed_RR, 0.0
2.911, ThrottlePercent, 0
2.911, BrakePercent, 7
2.911, FrontBrakePressure, 17
2.911, SteeringAngle, -102
2.911, BrakeWhileThrottle, 0
2.911, ThrottleAReading, 2222
2.911, ThrottleBReading, 2000
2.911, BrakeReading, 1419
2.911, ThrottleAPercent, 0.0
2.911, ThrottleBPercent, 0.0
2.911, RLSpeedKPH, 0.0
2.911, RRSpeedKPH, 0.0
2.911, FLSpeedKPH, 0.0
2.911, FRSpeedKPH, 0.0
2.911, IVT_MsgID_RX, 0
2.911, IVT_MsgCount, 10
2.911, IVT_Result_state, 0
2.911, IVT_I, -0.021
2.912, TCTorqueMax, 3.392
2.912, TCLeftSlip, -0.999
2.912, TCRightSlip, -0.999
2.912, TCTorqueAdjustment, 0.0
2.912, IVT_MsgID_RX, 7
2.912, IVT_MsgCount, 12
2.912, IVT_Result_state, 0
2.912, IVT_Wh, 0
2.912, ThrottleAReading, 2222
2.912, ThrottleBReading, 2000
2.912, BrakeReading, 1419
2.912, ThrottleAPercent, 0.0
2.912, ThrottleBPercent, 0.0
2.912, ThrottleAReading, 2222
2.912, ThrottleBReading, 2000
2.912, BrakeReading, 1419
2.912, ThrottleAPercent, 0.0
2.912, ThrottleBPercent, 0.0
2.912, ThrottlePercent, 0
2.912, BrakePercent, 7
2.912, FrontBrakePressure, 13
2.912, SteeringAngle, -102
2.912, BrakeWhileThrottle, 0
2.912, ThrottleAReading, 2222
2.912, ThrottleBReading, 2000
2.912, BrakeReading, 1419
2.912, ThrottleAPercent, 0.0
2.912, ThrottleBPercent, 0.0
2.912, IVT_MsgID_RX, 5
2.912, IVT_MsgCount, 11
2.912, IVT_Result_state, 0
2.912, IVT_W, -1
2.912, ThrottleAReading, 2222
2.912, ThrottleBReading, 2000
2.912, BrakeReading, 1419
2.912, ThrottleAPercent, 0.0
2.912, ThrottleBPercent, 0.0
2.912, ThrottlePercent, 0
2.912, BrakePercent, 7
2.912, FrontBrakePressure, 13
2.912, SteeringAngle, -102
2.912, BrakeWhileThrottle, 0
2.912, ThrottleAReading, 2223
2.912, ThrottleBReading, 2000
2.912, BrakeReading, 1420
2.912, ThrottleAPercent, 0.0
2.912, ThrottleBPercent, 0.0
2.912, IVT_MsgID_RX, 0
2.912, IVT_MsgCount, 11
2.912, IVT_Result_state, 0
2.912, IVT_I, -0.023
2.912, VoltageBusHV, 56.61
2.912, VoltageCellMax, 4.0229
2.912, VoltageCellMin, 3.8137000000000003
2.912, CurrentBusHV, 0.0
2.912, AMS_PackVoltage, 539.55
2.913, ThrottleAReading, 2223
2.913, ThrottleBReading, 2000
2.913, BrakeReading, 1420
2.913, ThrottleAPercent, 0.0
2.913, ThrottleBPercent, 0.0
2.913, ThrottleAReading, 2223
2.913, ThrottleBReading, 2000
2.913, BrakeReading, 1419
2.913, ThrottleAPercent, 0.0
2.913, ThrottleBPercent, 0.0
2.914, ThrottlePercent, 0
2.914, BrakePercent, 7
2.914, FrontBrakePressure, 15
2.914, SteeringAngle, -102
2.914, BrakeWhileThrottle, 0
2.914, BMU_checkFailed, BSPD_FAILED
2.914, BMU_InterlockInitialized, 0
2.914, IVT_MsgID_RX, 7
2.914, IVT_MsgCount, 13
2.914, IVT_Result_state, 0
2.914, IVT_Wh, 0
2.914, ThrottleAReading, 2223
2.914, ThrottleBReading, 2000
2.914, BrakeReading, 1419
2.914, ThrottleAPercent, 0.0
2.914, ThrottleBPercent, 0.0
2.914, VCU_wheelSpeed_RL, 0.0
2.914, VCU_wheelSpeed_RR, 0.0
2.96, IVT_MsgID_RX, 5
2.96, IVT_MsgCount, 12
2.96, IVT_Result_state, 0
2.96, IVT_W, -1
2.96, RLSpeedKPH, 0.0
2.96, RRSpeedKPH, 0.0
2.96, FLSpeedKPH, 0.0
2.96, FRSpeedKPH, 0.0
2.96, AdjustedVoltageCellMuxSelect, 11
2.96, AdjustedVoltageCell34, 3.8198000000000003
2.96, AdjustedVoltageCell35, 3.8195
2.96, AdjustedVoltageCell36, 3.8196000000000003
2.96, ThrottleAReading, 2223
2.96, ThrottleBReading, 2000
2.96, BrakeReading, 1419
2.96, ThrottleAPercent, 0.0
2.96, ThrottleBPercent, 0.0
2.96, TCTorqueMax, 3.392
2.96, TCLeftSlip, -0.999
2.96, TCRightSlip, -0.999
2.96, TCTorqueAdjustment, 0.0
2.96, TempChannelMuxSelect, 11
2.96, TempChannel34, 24.519999999999996
2.96, TempChannel35, 27.36
2.96, TempChannel36, 26.88000000000001
2.96, ThrottlePercent, 0
2.96, BrakePercent, 7
2.96, FrontBrakePressure, 19
2.96, SteeringAngle, -102
2.96, BrakeWhileThrottle, 0
2.96, ThrottleAReading, 2223
2.96, ThrottleBReading, 2000
2.96, BrakeReading, 1419
2.96, ThrottleAPercent, 0.0
2.96, ThrottleBPercent, 0.0
2.96, IVT_MsgID_RX, 0
2.96, IVT_MsgCount, 12
2.96, IVT_Result_state, 0
2.96, IVT_I, -0.029
2.961, ThrottleAReading, 2223
2.961, ThrottleBReading, 2000
2.961, BrakeReading, 1419
2.961, ThrottleAPercent, 0.0
2.961, ThrottleBPercent, 0.0
2.961, ThrottleAReading, 2223
2.961, ThrottleBReading, 2001
2.961, BrakeReading, 1420
2.961, ThrottleAPercent, 0.0
2.961, ThrottleBPercent, 0.0
2.961, ThrottlePercent, 0
2.961, BrakePercent, 7
2.961, FrontBrakePressure, 16
2.961, SteeringAngle, -102
2.961, BrakeWhileThrottle, 0
2.961, ThrottleAReading, 2223
2.961, ThrottleBReading, 2001
2.961, BrakeReading, 1420
2.961, ThrottleAPercent, 0.0
2.961, ThrottleBPercent, 0.0
2.961, IVT_MsgID_RX, 1
2.961, IVT_MsgCount, 15
2.961, IVT_Result_state, 0
2.961, IVT_U1, 56.641
2.961, IVT_MsgID_RX, 2
2.961, IVT_MsgCount, 15
2.961, IVT_Result_state, 0
2.961, IVT_U2, 0.203
2.961, ThrottleAReading, 2223
2.961, ThrottleBReading, 2001
2.961, BrakeReading, 1420
2.961, ThrottleAPercent, 0.0
2.961, ThrottleBPercent, 0.0
2.961, IVT_MsgID_RX, 3
2.961, IVT_MsgCount, 15
2.961, IVT_Result_state, 0
2.961, IVT_U3, 0.041
2.961, IVT_MsgID_RX, 5
2.961, IVT_MsgCount, 13
2.961, IVT_Result_state, 0
2.961, IVT_W, -1
2.961, ThrottlePercent, 0
2.961, BrakePercent, 7
2.961, FrontBrakePressure, 12
2.961, SteeringAngle, -102
2.961, BrakeWhileThrottle, 0
2.961, ThrottleAReading, 2223
2.961, ThrottleBReading, 2001
2.961, BrakeReading, 1419
2.961, ThrottleAPercent, 0.0
2.961, ThrottleBPercent, 0.0
2.961, IVT_MsgID_RX, 0
2.961, IVT_MsgCount, 13
2.961, IVT_Result_state, 0
2.961, IVT_I, -0.027
2.961, IVT_MsgID_RX, 7
2.961, IVT_MsgCount, 14
2.961, IVT_Result_state, 0
2.961, IVT_Wh, 0
2.961, ThrottleAReading, 2223
2.961, ThrottleBReading, 2002
2.961, BrakeReading, 1419
2.961, ThrottleAPercent, 0.0
2.961, ThrottleBPercent, 0.0
2.961, IMD_R_iso_corrected, 0
2.961, IMD_R_iso_status, 252
2.961, IMD_R_Measurement_Counter, 3
2.961, IMD_Faults, 512
2.961, IMD_Device_activity, 1
2.962, ThrottleAReading, 2223
2.962, ThrottleBReading, 2002
2.962, BrakeReading, 1419
2.962, ThrottleAPercent, 0.0
2.962, ThrottleBPercent, 0.0
2.962, ThrottlePercent, 0
2.962, BrakePercent, 7
2.962, FrontBrakePressure, 17
2.962, SteeringAngle, -102
2.962, BrakeWhileThrottle, 0
2.962, VCU_wheelSpeed_RL, 0.0
2.962, VCU_wheelSpeed_RR, 0.0
2.962, RLSpeedKPH, 0.0
2.962, RRSpeedKPH, 0.0
2.962, FLSpeedKPH, 0.0
2.962, FRSpeedKPH, 0.0
2.962, ThrottleAReading, 2223
2.962, ThrottleBReading, 2002
2.962, BrakeReading, 1419
2.962, ThrottleAPercent, 0.0
2.962, ThrottleBPercent, 0.0
2.962, TCTorqueMax, 3.392
2.962, TCLeftSlip, -0.999
2.962, TCRightSlip, -0.999
2.962, TCTorqueAdjustment, 0.0
2.962, IVT_MsgID_RX, 5
2.962, IVT_MsgCount, 14
2.962, IVT_Result_state, 0
2.962, IVT_W, -1
2.962, ThrottleAReading, 2223
2.962, ThrottleBReading, 2002
2.962, BrakeReading, 1419
2.962, ThrottleAPercent, 0.0
2.962, ThrottleBPercent, 0.0
2.963, ThrottlePercent, 0
2.963, BrakePercent, 7
2.963, FrontBrakePressure, 13
2.963, SteeringAngle, -102
2.963, BrakeWhileThrottle, 0
2.963, IVT_MsgID_RX, 0
2.963, IVT_MsgCount, 14
2.963, IVT_Result_state, 0
2.963, IVT_I, -0.025
2.963, ThrottleAReading, 2223
2.963, ThrottleBReading, 2002
2.963, BrakeReading, 1419
2.963, ThrottleAPercent, 0.0
2.963, ThrottleBPercent, 0.0
2.963, PDU_Heartbeat_dummydata, 0
2.963, CarStateIsLV, -1
2.963, CarStateIsEM, 0
2.963, CarStateIsHV, 0
3.01, ThrottleAReading, 2223
3.01, ThrottleBReading, 2002
3.01, BrakeReading, 1419
3.01, ThrottleAPercent, 0.0
3.01, ThrottleBPercent, 0.0
3.01, ThrottleAReading, 2223
3.01, ThrottleBReading, 2002
3.01, BrakeReading, 1419
3.01, ThrottleAPercent, 0.0
3.01, ThrottleBPercent, 0.0
3.011, ThrottlePercent, 0
3.011, BrakePercent, 7
3.011, FrontBrakePressure, 17
3.011, SteeringAngle, -102
3.011, BrakeWhileThrottle, 0
3.011, StateBatteryChargeHV, 98.80000000000001
3.011, StateBatteryHealthHV, 0.0
3.011, StateBatteryPowerHV, 112.0
3.011, TempCellMax, 28.25
3.011, TempCellMin, 24.75
3.011, StateBMS, Wait_System_Up
3.011, HighestTempThermistor, 37
3.011, VoltageCellMuxSelect, 12
3.011, VoltageCell37, 3.8225000000000002
3.011, VoltageCell38, 3.9249
3.011, VoltageCell39, 3.9148
3.011, IVT_MsgID_RX, 7
3.011, IVT_MsgCount, 15
3.011, IVT_Result_state, 0
3.011, IVT_Wh, 0
3.011, ThrottleAReading, 2223
3.011, ThrottleBReading, 2003
3.011, BrakeReading, 1419
3.011, ThrottleAPercent, 0.0
3.011, ThrottleBPercent, 0.0
3.011, AdjustedVoltageCellMuxSelect, 12
3.011, AdjustedVoltageCell37, 3.8179000000000003
3.011, AdjustedVoltageCell38, 3.9207
3.011, AdjustedVoltageCell39, 3.9103000000000003
3.011, IVT_MsgID_RX, 5
3.011, IVT_MsgCount, 15
3.011, IVT_Result_state, 0
3.011, IVT_W, -1
3.011, TempChannelMuxSelect, 12
3.011, TempChannel37, 27.39
3.011, TempChannel38, 28.170000000000016
3.011, TempChannel39, 27.790000000000006
3.011, ChannelCurrentRadiator, 0.187
3.011, ChannelCurrentAccFan, 0.214
3.011, ChannelCurrentPump1, 0.0
3.011, ChannelCurrentPump2, 0.201
3.011, ChannelCurrentAUX1, 0.0
3.011, ChannelCurrentAUX2, 0.228
3.011, ChannelCurrentAUX3, 0.0
3.011, ChannelCurrentAUX4, 0.187
3.011, ThrottleAReading, 2223
3.011, ThrottleBReading, 2004
3.011, BrakeReading, 1419
3.011, ThrottleAPercent, 0.0
3.011, ThrottleBPercent, 0.0
3.011, ChannelCurrentBrakeLight, 0.0
3.011, ChannelCurrentInverter, 0.0
3.011, ChannelCurrentBMU, 0.523
3.011, ChannelCurrentCDU, 0.523
3.011, ChannelCurrentTCU, 0.402
3.011, ChannelCurrentWSB, 0.657
3.011, ThrottlePercent, 0
3.011, BrakePercent, 7
3.011, FrontBrakePressure, 13
3.011, SteeringAngle, -102
3.011, BrakeWhileThrottle, 0
3.012, IVT_MsgID_RX, 0
3.012, IVT_MsgCount, 15
3.012, IVT_Result_state, 0
3.012, IVT_I, -0.022
3.012, ThrottleAReading, 2223
3.012, ThrottleBReading, 2004
3.012, BrakeReading, 1419
3.012, ThrottleAPercent, 0.0
3.012, ThrottleBPercent, 0.0
3.012, VCU_wheelSpeed_RL, 0.0
3.012, VCU_wheelSpeed_RR, 0.0
3.012, ThrottleAReading, 2223
3.012, ThrottleBReading, 2004
3.012, BrakeReading, 1419
3.012, ThrottleAPercent, 0.0
3.012, ThrottleBPercent, 0.0
3.012, RLSpeedKPH, 0.0
3.012, RRSpeedKPH, 0.0
3.012, FLSpeedKPH, 0.0
3.012, FRSpeedKPH, 0.0
3.012, TCTorqueMax, 3.392
3.012, TCLeftSlip, -0.999
3.012, TCRightSlip, -0.999
3.012, TCTorqueAdjustment, 0.0
3.012, ThrottleAReading, 2223
3.012, ThrottleBReading, 2004
3.012, BrakeReading, 1419
3.012, ThrottleAPercent, 0.0
3.012, ThrottleBPercent, 0.0
3.012, ThrottlePercent, 0
3.012, BrakePercent, 7
3.012, FrontBrakePressure, 16
3.012, SteeringAngle, -102
3.012, BrakeWhileThrottle, 0
3.012, ThrottleAReading, 2223
3.012, ThrottleBReading, 2004
3.012, BrakeReading, 1419
3.012, ThrottleAPercent, 0.0
3.012, ThrottleBPercent, 0.0
3.012, IVT_MsgID_RX, 1
3.012, IVT_MsgCount, 0
3.012, IVT_Result_state, 0
3.012, IVT_U1, 56.198
3.012, IVT_MsgID_RX, 2
3.012, IVT_MsgCount, 0
3.012, IVT_Result_state, 0
3.012, IVT_U2, 0.32
3.012, IVT_MsgID_RX, 3
3.012, IVT_MsgCount, 0
3.012, IVT_Result_state, 0
3.012, IVT_U3, 0.002
3.012, IVT_MsgID_RX, 5
3.012, IVT_MsgCount, 0
3.012, IVT_Result_state, 0
3.012, IVT_W, -1
3.012, ThrottleAReading, 2223
3.012, ThrottleBReading, 2004
3.012, BrakeReading, 1419
3.012, ThrottleAPercent, 0.0
3.012, ThrottleBPercent, 0.0
3.013, ThrottlePercent, 0
3.013, BrakePercent, 7
3.013, FrontBrakePressure, 14
3.013, SteeringAngle, -102
3.013, BrakeWhileThrottle, 0
3.014, IVT_MsgID_RX, 0
3.014, IVT_MsgCount, 0
3.014, IVT_Result_state, 0
3.014, IVT_I, -0.021
3.014, ThrottleAReading, 2223
3.014, ThrottleBReading, 2004
3.014, BrakeReading, 1419
3.014, ThrottleAPercent, 0.0
3.014, ThrottleBPercent, 0.0
3.014, IVT_MsgID_RX, 7
3.014, IVT_MsgCount, 0
3.014, IVT_Result_state, 0
3.014, IVT_Wh, 0
3.014, ThrottleAReading, 2223
3.014, ThrottleBReading, 2004
3.014, BrakeReading, 1419
3.014, ThrottleAPercent, 0.0
3.014, ThrottleBPercent, 0.0
3.014, VoltageBusHV, 56.19
3.014, VoltageCellMax, 4.0227
3.014, VoltageCellMin, 3.8142
3.014, CurrentBusHV, 0.0
3.014, AMS_PackVoltage, 539.62
3.014, VCU_Heartbeat_dummydata, 0
3.014, ThrottlePercent, 0
3.014, BrakePercent, 7
3.014, FrontBrakePressure, 16
3.014, SteeringAngle, -102
3.014, BrakeWhileThrottle, 0
3.014, ThrottleAReading, 2223
3.014, ThrottleBReading, 2005
3.014, BrakeReading, 1419
3.014, ThrottleAPercent, 0.0
3.014, ThrottleBPercent, 0.0
3.014, BMU_Heartbeat_dummydata, 0
3.014, DTC_CODE, 41
3.014, DTC_Severity, 4
3.014, DTC_Data, 1
3.014, FanPeriod, -38
3.014, ThrottleAReading, 2223
3.014, ThrottleBReading, 2005
3.014, BrakeReading, 1419
3.014, ThrottleAPercent, 0.0
3.014, ThrottleBPercent, 0.0
3.014, BrakePressureBMU, 453.0
3.014, VoltageCellMuxSelect, 13
3.014, VoltageCell40, 3.9169
3.014, VoltageCell41, 3.8369
3.014, VoltageCell42, 3.8504
3.06, IVT_MsgID_RX, 5
3.06, IVT_MsgCount, 1
3.06, IVT_Result_state, 0
3.06, IVT_W, -1
3.06, ThrottleAReading, 2223
3.06, ThrottleBReading, 2005
3.06, BrakeReading, 1419
3.06, ThrottleAPercent, 0.0
3.06, ThrottleBPercent, 0.0
3.06, AdjustedVoltageCellMuxSelect, 13
3.06, AdjustedVoltageCell40, 3.9124000000000003
3.06, AdjustedVoltageCell41, 3.8318000000000003
3.06, AdjustedVoltageCell42, 3.8462
3.06, VCU_wheelSpeed_RL, 0.0
3.06, VCU_wheelSpeed_RR, 0.0
3.06, ThrottlePercent, 0
3.06, BrakePercent, 7
3.06, FrontBrakePressure, 12
3.06, SteeringAngle, -102
3.06, BrakeWhileThrottle, 0
3.06, IVT_MsgID_RX, 0
3.06, IVT_MsgCount, 1
3.06, IVT_Result_state, 0
3.06, IVT_I, -0.023
3.06, ThrottleAReading, 2223
3.06, ThrottleBReading, 2005
3.06, BrakeReading, 1419
3.06, ThrottleAPercent, 0.0
3.06, ThrottleBPercent, 0.0
3.06, RLSpeedKPH, 0.0
3.06, RRSpeedKPH, 0.0
3.06, FLSpeedKPH, 0.0
3.06, FRSpeedKPH, 0.0
3.06, TCTorqueMax, 3.392
3.06, TCLeftSlip, -0.999
3.06, TCRightSlip, -0.999
3.06, TCTorqueAdjustment, 0.0
3.06, ThrottleAReading, 2223
3.06, ThrottleBReading, 2005
3.06, BrakeReading, 1419
3.06, ThrottleAPercent, 0.0
3.06, ThrottleBPercent, 0.0
3.06, ThrottleAReading, 2223
3.06, ThrottleBReading, 2005
3.06, BrakeReading, 1419
3.06, ThrottleAPercent, 0.0
3.06, ThrottleBPercent, 0.0
3.06, ThrottlePercent, 0
3.06, BrakePercent, 7
3.06, FrontBrakePressure, 12
3.06, SteeringAngle, -102
3.06, BrakeWhileThrottle, 0
3.06, IVT_MsgID_RX, 7
3.06, IVT_MsgCount, 1
3.06, IVT_Result_state, 0
3.06, IVT_Wh, 0
3.06, ThrottleAReading, 2223
3.06, ThrottleBReading, 2005
3.06, BrakeReading, 1418
3.06, ThrottleAPercent, 0.0
3.06, ThrottleBPercent, 0.0
3.061, IVT_MsgID_RX, 5
3.061, IVT_MsgCount, 2
3.061, IVT_Result_state, 0
3.061, IVT_W, -1
3.061, ThrottleAReading, 2223
3.061, ThrottleBReading, 2005
3.061, BrakeReading, 1418
3.061, ThrottleAPercent, 0.0
3.061, ThrottleBPercent, 0.0
3.061, ThrottlePercent, 0
3.061, BrakePercent, 6
3.061, FrontBrakePressure, 18
3.061, SteeringAngle, -102
3.061, BrakeWhileThrottle, 0
3.061, IVT_MsgID_RX, 0
3.061, IVT_MsgCount, 2
3.061, IVT_Result_state, 0
3.061, IVT_I, -0.027
3.061, ThrottleAReading, 2223
3.061, ThrottleBReading, 2005
3.061, BrakeReading, 1419
3.061, ThrottleAPercent, 0.0
3.061, ThrottleBPercent, 0.0
3.061, ThrottleAReading, 2223
3.061, ThrottleBReading, 2005
3.061, BrakeReading, 1419
3.061, ThrottleAPercent, 0.0
3.061, ThrottleBPercent, 0.0
3.061, IMD_R_iso_corrected, 0
3.061, IMD_R_iso_status, 252
3.061, IMD_R_Measurement_Counter, 4
3.061, IMD_Faults, 512
3.061, IMD_Device_activity, 1
3.061, ThrottleAReading, 2223
3.061, ThrottleBReading, 2005
3.061, BrakeReading, 1419
3.061, ThrottleAPercent, 0.0
3.061, ThrottleBPercent, 0.0
3.061, ThrottlePercent, 0
3.061, BrakePercent, 7
3.061, FrontBrakePressure, 19
3.061, SteeringAngle, -102
3.061, BrakeWhileThrottle, 0
3.061, ThrottleAReading, 2223
3.061, ThrottleBReading, 2005
3.061, BrakeReading, 1419
3.061, ThrottleAPercent, 0.0
3.061, ThrottleBPercent, 0.0
3.061, VCU_wheelSpeed_RL, 0.0
3.061, VCU_wheelSpeed_RR, 0.0
3.061, IVT_MsgID_RX, 1
3.061, IVT_MsgCount, 1
3.061, IVT_Result_state, 0
3.061, IVT_U1, 55.668
3.061, IVT_MsgID_RX, 2
3.061, IVT_MsgCount, 1
3.061, IVT_Result_state, 0
3.061, IVT_U2, 0.234
3.061, IVT_MsgID_RX, 3
3.061, IVT_MsgCount, 1
3.061, IVT_Result_state, 0
3.061, IVT_U3, 0.047
3.061, IVT_MsgID_RX, 5
3.061, IVT_MsgCount, 3
3.061, IVT_Result_state, 0
3.061, IVT_W, -1
3.062, RLSpeedKPH, 0.0
3.062, RRSpeedKPH, 0.0
3.062, FLSpeedKPH, 0.0
3.062, FRSpeedKPH, 0.0
3.063, ThrottleAReading, 2223
3.063, ThrottleBReading, 2005
3.063, BrakeReading, 1419
3.063, ThrottleAPercent, 0.0
3.063, ThrottleBPercent, 0.0
3.063, TCTorqueMax, 3.392
3.063, TCLeftSlip, -0.999
3.063, TCRightSlip, -0.999
3.063, TCTorqueAdjustment, 0.0
3.063, ThrottlePercent, 0
3.063, BrakePercent, 7
3.063, FrontBrakePressure, 19
3.063, SteeringAngle, -102
3.063, BrakeWhileThrottle, 0
3.063, IVT_MsgID_RX, 0
3.063, IVT_MsgCount, 3
3.063, IVT_Result_state, 0
3.063, IVT_I, -0.022
3.063, IVT_MsgID_RX, 7
3.063, IVT_MsgCount, 2
3.063, IVT_Result_state, 0
3.063, IVT_Wh, 0
3.063, ThrottleAReading, 2223
3.063, ThrottleBReading, 2005
3.063, BrakeReading, 1419
3.063, ThrottleAPercent, 0.0
3.063, ThrottleBPercent, 0.0
3.063, VoltageBusLV, 12.022
3.063, CurrentBusLV, 0.0
3.063, PowerBusLV, 0
3.11, ThrottleAReading, 2223
3.11, ThrottleBReading, 2005
3.11, BrakeReading, 1419
3.11, ThrottleAPercent, 0.0
3.11, ThrottleBPercent, 0.0
3.11, ThrottleAReading, 2223
3.11, ThrottleBReading, 2005
3.11, BrakeReading, 1419
3.11, ThrottleAPercent, 0.0
3.11, ThrottleBPercent, 0.0
3.11, ThrottlePercent, 0
3.11, BrakePercent, 7
3.11, FrontBrakePressure, 13
3.11, SteeringAngle, -102
3.11, BrakeWhileThrottle, 0
3.11, ThrottleAReading, 2223
3.11, ThrottleBReading, 2005
3.11, BrakeReading, 1419
3.11, ThrottleAPercent, 0.0
3.11, ThrottleBPercent, 0.0
3.11, IVT_MsgID_RX, 5
3.11, IVT_MsgCount, 4
3.11, IVT_Result_state, 0
3.11, IVT_W, -1
3.11, ChannelCurrentRadiator, 0.214
3.11, ChannelCurrentAccFan, 0.214
3.11, ChannelCurrentPump1, 0.0
3.11, ChannelCurrentPump2, 0.187
3.111, ChannelCurrentAUX1, 0.0
3.111, ChannelCurrentAUX2, 0.214
3.111, ChannelCurrentAUX3, 0.0
3.111, ChannelCurrentAUX4, 0.214
3.111, ThrottleAReading, 2223
3.111, ThrottleBReading, 2005
3.111, BrakeReading, 1419
3.111, ThrottleAPercent, 0.0
3.111, ThrottleBPercent, 0.0
3.111, ChannelCurrentBrakeLight, 0.0
3.111, ChannelCurrentInverter, 0.0
3.111, ChannelCurrentBMU, 0.51
3.111, ChannelCurrentCDU, 0.483
3.111, ChannelCurrentTCU, 0.34900000000000003
3.111, ChannelCurrentWSB, 0.657
3.111, RRSpeedKPH, 0.0
3.111, RRSpeedRPM, 0
3.111, IVT_MsgID_RX, 0
3.111, IVT_MsgCount, 4
3.111, IVT_Result_state, 0
3.111, IVT_I, -0.027
3.111, ThrottlePercent, 0
3.111, BrakePercent, 7
3.111, FrontBrakePressure, 13
3.111, SteeringAngle, -102
3.111, BrakeWhileThrottle, 0
3.111, ThrottleAReading, 2223
3.111, ThrottleBReading, 2005
3.111, BrakeReading, 1419
3.111, ThrottleAPercent, 0.0
3.111, ThrottleBPercent, 0.0
3.111, StateBatteryChargeHV, 98.80000000000001
3.111, StateBatteryHealthHV, 0.0
3.111, StateBatteryPowerHV, 112.0
3.111, TempCellMax, 28.25
3.111, TempCellMin, 24.75
3.111, StateBMS, Wait_System_Up
3.111, HighestTempThermistor, 37
3.111, ThrottleAReading, 2223
3.111, ThrottleBReading, 2005
3.111, BrakeReading, 1419
3.111, ThrottleAPercent, 0.0
3.111, ThrottleBPercent, 0.0
3.111, VoltageCellMuxSelect, 14
3.111, VoltageCell43, 3.8516000000000004
3.111, VoltageCell44, 3.8501000000000003
3.111, VoltageCell45, 3.8516000000000004
3.111, AdjustedVoltageCellMuxSelect, 14
3.111, AdjustedVoltageCell43, 3.8475
3.111, AdjustedVoltageCell44, 3.846
3.111, AdjustedVoltageCell45, 3.8475
3.111, ThrottleAReading, 2223
3.111, ThrottleBReading, 2005
3.111, BrakeReading, 1419
3.111, ThrottleAPercent, 0.0
3.111, ThrottleBPercent, 0.0
3.111, ThrottlePercent, 0
3.111, BrakePercent, 7
3.111, FrontBrakePressure, 19
3.111, SteeringAngle, -102
3.111, BrakeWhileThrottle, 0
3.111, VCU_wheelSpeed_RL, 0.0
3.111, VCU_wheelSpeed_RR, 0.0
3.112, IVT_MsgID_RX, 7
3.112, IVT_MsgCount, 3
3.112, IVT_Result_state, 0
3.112, IVT_Wh, 0
3.112, RLSpeedKPH, 0.0
3.112, RRSpeedKPH, 0.0
3.112, FLSpeedKPH, 0.0
3.112, FRSpeedKPH, 0.0
3.112, IVT_MsgID_RX, 5
3.112, IVT_MsgCount, 5
3.112, IVT_Result_state, 0
3.112, IVT_W, -1
3.112, ThrottleAReading, 2223
3.112, ThrottleBReading, 2005
3.112, BrakeReading, 1419
3.112, ThrottleAPercent, 0.0
3.112, ThrottleBPercent, 0.0
3.112, TCTorqueMax, 3.392
3.112, TCLeftSlip, -0.999
3.112, TCRightSlip, -0.999
3.112, TCTorqueAdjustment, 0.0
3.112, ThrottleAReading, 2223
3.112, ThrottleBReading, 2006
3.112, BrakeReading, 1419
3.112, ThrottleAPercent, 0.0
3.112, ThrottleBPercent, 0.0
3.112, IVT_MsgID_RX, 0
3.112, IVT_MsgCount, 5
3.112, IVT_Result_state, 0
3.112, IVT_I, -0.025
3.112, ThrottlePercent, 0
3.112, BrakePercent, 7
3.112, FrontBrakePressure, 13
3.112, SteeringAngle, -102
3.112, BrakeWhileThrottle, 0
3.113, ThrottleAReading, 2223
3.113, ThrottleBReading, 2006
3.113, BrakeReading, 1419
3.113, ThrottleAPercent, 0.0
3.113, ThrottleBPercent, 0.0
3.113, ThrottleAReading, 2223
3.113, ThrottleBReading, 2005
3.113, BrakeReading, 1419
3.113, ThrottleAPercent, 0.0
3.113, ThrottleBPercent, 0.0
3.113, VoltageBusHV, 55.660000000000004
3.113, VoltageCellMax, 4.024
3.113, VoltageCellMin, 3.8146
3.113, CurrentBusHV, 0.0
3.113, ThrottleAReading, 2223
3.113, ThrottleBReading, 2005
3.113, BrakeReading, 1419
3.113, ThrottleAPercent, 0.0
3.113, ThrottleBPercent, 0.0
3.113, ThrottlePercent, 0
3.113, BrakePercent, 7
3.113, FrontBrakePressure, 21
3.113, SteeringAngle, -102
3.113, BrakeWhileThrottle, 0
3.113, AMS_PackVoltage, 539.6800000000001
3.113, ThrottleAReading, 2223
3.113, ThrottleBReading, 2005
3.113, BrakeReading, 1419
3.113, ThrottleAPercent, 0.0
3.113, ThrottleBPercent, 0.0
3.114, IVT_MsgID_RX, 1
3.114, IVT_MsgCount, 2
3.114, IVT_Result_state, 0
3.114, IVT_U1, 55.272
3.114, IVT_MsgID_RX, 2
3.114, IVT_MsgCount, 2
3.114, IVT_Result_state, 0
3.114, IVT_U2, 0.272
3.16, IVT_MsgID_RX, 3
3.16, IVT_MsgCount, 2
3.16, IVT_Result_state, 0
3.16, IVT_U3, 0.018000000000000002
3.16, IVT_MsgID_RX, 5
3.16, IVT_MsgCount, 6
3.16, IVT_Result_state, 0
3.16, IVT_W, -1
3.16, BMU_checkFailed, BSPD_FAILED
3.16, BMU_InterlockInitialized, 0
3.16, VoltageCellMuxSelect, 15
3.16, VoltageCell46, 3.8531
3.16, VoltageCell47, 3.8341000000000003
3.16, VoltageCell48, 4.024
3.16, AdjustedVoltageCellMuxSelect, 15
3.16, AdjustedVoltageCell46, 3.849
3.16, AdjustedVoltageCell47, 3.8299000000000003
3.16, AdjustedVoltageCell48, 4.0194
3.16, ThrottleAReading, 2223
3.16, ThrottleBReading, 2005
3.16, BrakeReading, 1419
3.16, ThrottleAPercent, 0.0
3.16, ThrottleBPercent, 0.0
3.16, IVT_MsgID_RX, 0
3.16, IVT_MsgCount, 6
3.16, IVT_Result_state, 0
3.16, IVT_I, -0.028
3.16, TempChannelMuxSelect, 15
3.16, TempChannel46, 26.74000000000001
3.16, TempChannel47, 27.13000000000001
3.16, TempChannel48, 27.22
3.16, ThrottlePercent, 0
3.16, BrakePercent, 7
3.16, FrontBrakePressure, 13
3.16, SteeringAngle, -102
3.16, BrakeWhileThrottle, 0
3.16, IVT_MsgID_RX, 7
3.16, IVT_MsgCount, 4
3.16, IVT_Result_state, 0
3.16, IVT_Wh, 0
3.16, ThrottleAReading, 2223
3.16, ThrottleBReading, 2005
3.16, BrakeReading, 1420
3.16, ThrottleAPercent, 0.0
3.16, ThrottleBPercent, 0.0
3.16, VCU_wheelSpeed_RL, 0.0
3.16, VCU_wheelSpeed_RR, 0.0
3.161, ThrottleAReading, 2223
3.161, ThrottleBReading, 2005
3.161, BrakeReading, 1420
3.161, ThrottleAPercent, 0.0
3.161, ThrottleBPercent, 0.0
3.161, RLSpeedKPH, 0.0
3.161, RRSpeedKPH, 0.0
3.161, FLSpeedKPH, 0.0
3.161, FRSpeedKPH, 0.0
3.161, TCTorqueMax, 3.392
3.161, TCLeftSlip, -0.999
3.161, TCRightSlip, -0.999
3.161, TCTorqueAdjustment, 0.0
3.161, ThrottleAReading, 2223
3.161, ThrottleBReading, 2005
3.161, BrakeReading, 1420
3.161, ThrottleAPercent, 0.0
3.161, ThrottleBPercent, 0.0
3.161, ThrottlePercent, 0
3.161, BrakePercent, 7
3.161, FrontBrakePressure, 19
3.161, SteeringAngle, -102
3.161, BrakeWhileThrottle, 0
3.161, IVT_MsgID_RX, 5
3.161, IVT_MsgCount, 7
3.161, IVT_Result_state, 0
3.161, IVT_W, -1
3.161, ThrottleAReading, 2223
3.161, ThrottleBReading, 2005
3.161, BrakeReading, 1419
3.161, ThrottleAPercent, 0.0
3.161, ThrottleBPercent, 0.0
3.161, ThrottleAReading, 2223
3.161, ThrottleBReading, 2005
3.161, BrakeReading, 1419
3.161, ThrottleAPercent, 0.0
3.161, ThrottleBPercent, 0.0
3.161, IVT_MsgID_RX, 0
3.161, IVT_MsgCount, 7
3.161, IVT_Result_state, 0
3.161, IVT_I, -0.023
3.161, ThrottlePercent, 0
3.161, BrakePercent, 7
3.161, FrontBrakePressure, 21
3.161, SteeringAngle, -102
3.161, BrakeWhileThrottle, 0
3.161, ThrottleAReading, 2223
3.161, ThrottleBReading, 2006
3.161, BrakeReading, 1419
3.161, ThrottleAPercent, 0.0
3.161, ThrottleBPercent, 0.0
3.161, ThrottleAReading, 2223
3.161, ThrottleBReading, 2006
3.161, BrakeReading, 1419
3.161, ThrottleAPercent, 0.0
3.161, ThrottleBPercent, 0.0
3.161, IMD_R_iso_corrected, 0
3.161, IMD_R_iso_status, 252
3.161, IMD_R_Measurement_Counter, 4
3.161, IMD_Faults, 512
3.161, IMD_Device_activity, 1
3.161, IVT_MsgID_RX, 7
3.161, IVT_MsgCount, 5
3.161, IVT_Result_state, 0
3.161, IVT_Wh, 0
3.161, ThrottlePercent, 0
3.161, BrakePercent, 7
3.161, FrontBrakePressure, 19
3.161, SteeringAngle, -102
3.161, BrakeWhileThrottle, 0
3.165, ThrottleAReading, 2223
3.165, ThrottleBReading, 2006
3.165, BrakeReading, 1419
3.165, ThrottleAPercent, 0.0
3.165, ThrottleBPercent, 0.0
3.165, IVT_MsgID_RX, 5
3.165, IVT_MsgCount, 8
3.165, IVT_Result_state, 0
3.165, IVT_W, -1
3.165, ThrottleAReading, 2223
3.165, ThrottleBReading, 2005
3.165, BrakeReading, 1419
3.165, ThrottleAPercent, 0.0
3.165, ThrottleBPercent, 0.0
3.165, ThrottleAReading, 2223
3.165, ThrottleBReading, 2005
3.165, BrakeReading, 1419
3.165, ThrottleAPercent, 0.0
3.165, ThrottleBPercent, 0.0
3.165, IVT_MsgID_RX, 0
3.165, IVT_MsgCount, 8
3.165, IVT_Result_state, 0
3.165, IVT_I, -0.03
3.165, VCU_wheelSpeed_RL, 0.0
3.165, VCU_wheelSpeed_RR, 0.0
3.165, ThrottlePercent, 0
3.165, BrakePercent, 7
3.165, FrontBrakePressure, 22
3.165, SteeringAngle, -102
3.165, BrakeWhileThrottle, 0
3.165, ThrottleAReading, 2223
3.165, ThrottleBReading, 2005
3.165, BrakeReading, 1420
3.165, ThrottleAPercent, 0.0
3.165, ThrottleBPercent, 0.0
3.165, RLSpeedKPH, 0.0
3.165, RRSpeedKPH, 0.0
3.165, FLSpeedKPH, 0.0
3.165, FRSpeedKPH, 0.0
3.165, TCTorqueMax, 3.392
3.165, TCLeftSlip, -0.999
3.165, TCRightSlip, -0.999
3.165, TCTorqueAdjustment, 0.0
3.21, VoltageCellMuxSelect, 16
3.21, VoltageCell49, 3.9909000000000003
3.21, VoltageCell50, 3.9895
3.21, VoltageCell51, 3.8341000000000003
3.21, ThrottleAReading, 2223
3.21, ThrottleBReading, 2005
3.21, BrakeReading, 1420
3.21, ThrottleAPercent, 0.0
3.21, ThrottleBPercent, 0.0
3.21, AdjustedVoltageCellMuxSelect, 16
3.21, AdjustedVoltageCell49, 3.9862
3.21, AdjustedVoltageCell50, 3.9847
3.21, AdjustedVoltageCell51, 3.8287
3.21, ThrottleAReading, 2223
3.21, ThrottleBReading, 2005
3.21, BrakeReading, 1420
3.21, ThrottleAPercent, 0.0
3.21, ThrottleBPercent, 0.0
3.21, ThrottlePercent, 0
3.21, BrakePercent, 7
3.21, FrontBrakePressure, 13
3.21, SteeringAngle, -102
3.21, BrakeWhileThrottle, 0
3.211, TempChannelMuxSelect, 16
3.211, TempChannel49, 27.400000000000006
3.211, TempChannel50, 27.230000000000004
3.211, TempChannel51, 27.409999999999997
3.211, IVT_MsgID_RX, 1
3.211, IVT_MsgCount, 3
3.211, IVT_Result_state, 0
3.211, IVT_U1, 55.166000000000004
3.211, ThrottleAReading, 2223
3.211, ThrottleBReading, 2005
3.211, BrakeReading, 1419
3.211, ThrottleAPercent, 0.0
3.211, ThrottleBPercent, 0.0
3.211, IVT_MsgID_RX, 2
3.211, IVT_MsgCount, 3
3.211, IVT_Result_state, 0
3.211, IVT_U2, 0.309
3.211, IVT_MsgID_RX, 3
3.211, IVT_MsgCount, 3
3.211, IVT_Result_state, 0
3.211, IVT_U3, 0.045
3.211, IVT_MsgID_RX, 5
3.211, IVT_MsgCount, 9
3.211, IVT_Result_state, 0
3.211, IVT_W, -1
3.211, ChannelCurrentRadiator, 0.187
3.211, ChannelCurrentAccFan, 0.201
3.211, ChannelCurrentPump1, 0.0
3.211, ChannelCurrentPump2, 0.187
3.211, ChannelCurrentAUX1, 0.0
3.211, ChannelCurrentAUX2, 0.214
3.211, ChannelCurrentAUX3, 0.0
3.211, ChannelCurrentAUX4, 0.201
3.211, ThrottleAReading, 2223
3.211, ThrottleBReading, 2005
3.211, BrakeReading, 1419
3.211, ThrottleAPercent, 0.0
3.211, ThrottleBPercent, 0.0
3.211, ChannelCurrentBrakeLight, 0.0
3.211, ChannelCurrentInverter, 0.0
3.211, ChannelCurrentBMU, 0.5630000000000001
3.211, ChannelCurrentCDU, 0.496
3.211, ChannelCurrentTCU, 0.362
3.211, ChannelCurrentWSB, 0.684
3.211, IVT_MsgID_RX, 0
3.211, IVT_MsgCount, 9
3.211, IVT_Result_state, 0
3.211, IVT_I, -0.022
3.211, IVT_MsgID_RX, 7
3.211, IVT_MsgCount, 6
3.211, IVT_Result_state, 0
3.211, IVT_Wh, 0
3.211, ThrottlePercent, 0
3.211, BrakePercent, 7
3.211, FrontBrakePressure, 21
3.211, SteeringAngle, -102
3.211, BrakeWhileThrottle, 0
3.212, ThrottleAReading, 2223
3.212, ThrottleBReading, 2005
3.212, BrakeReading, 1419
3.212, ThrottleAPercent, 0.0
3.212, ThrottleBPercent, 0.0
3.212, ThrottleAReading, 2223
3.212, ThrottleBReading, 2005
3.212, BrakeReading, 1419
3.212, ThrottleAPercent, 0.0
3.212, ThrottleBPercent, 0.0
3.212, ThrottleAReading, 2223
3.212, ThrottleBReading, 2005
3.212, BrakeReading, 1419
3.212, ThrottleAPercent, 0.0
3.212, ThrottleBPercent, 0.0
3.212, ThrottlePercent, 0
3.212, BrakePercent, 7
3.212, FrontBrakePressure, 20
3.212, SteeringAngle, -102
3.212, BrakeWhileThrottle, 0
3.212, IVT_MsgID_RX, 5
3.212, IVT_MsgCount, 10
3.212, IVT_Result_state, 0
3.212, IVT_W, -1
3.212, ThrottleAReading, 2223
3.212, ThrottleBReading, 2005
3.212, BrakeReading, 1419
3.212, ThrottleAPercent, 0.0
3.212, ThrottleBPercent, 0.0
3.212, VCU_wheelSpeed_RL, 0.0
3.212, VCU_wheelSpeed_RR, 0.0
3.212, RLSpeedKPH, 0.0
3.212, RRSpeedKPH, 0.0
3.212, FLSpeedKPH, 0.0
3.212, FRSpeedKPH, 0.0
3.212, ThrottleAReading, 2223
3.212, ThrottleBReading, 2005
3.212, BrakeReading, 1419
3.212, ThrottleAPercent, 0.0
3.212, ThrottleBPercent, 0.0
3.212, IVT_MsgID_RX, 0
3.212, IVT_MsgCount, 10
3.212, IVT_Result_state, 0
3.212, IVT_I, -0.028
3.212, TCTorqueMax, 3.392
3.212, TCLeftSlip, -0.999
3.212, TCRightSlip, -0.999
3.212, TCTorqueAdjustment, 0.0
3.212, StateBatteryChargeHV, 98.80000000000001
3.212, StateBatteryHealthHV, 0.0
3.212, StateBatteryPowerHV, 112.0
3.212, TempCellMax, 28.25
3.212, TempCellMin, 24.5
3.212, StateBMS, Wait_System_Up
3.212, HighestTempThermistor, 37
3.212, ThrottlePercent, 0
3.212, BrakePercent, 7
3.212, FrontBrakePressure, 15
3.212, SteeringAngle, -102
3.212, BrakeWhileThrottle, 0
3.212, ThrottleAReading, 2223
3.212, ThrottleBReading, 2005
3.212, BrakeReading, 1419
3.212, ThrottleAPercent, 0.0
3.212, ThrottleBPercent, 0.0
3.213, ThrottleAReading, 2223
3.213, ThrottleBReading, 2005
3.213, BrakeReading, 1419
3.213, ThrottleAPercent, 0.0
3.213, ThrottleBPercent, 0.0
3.213, IVT_MsgID_RX, 7
3.213, IVT_MsgCount, 7
3.213, IVT_Result_state, 0
3.213, IVT_Wh, 0
3.214, RLSpeedKPH, 0.0
3.214, RLSpeedRPM, 0.0
3.214, ThrottleAReading, 2223
3.214, ThrottleBReading, 2005
3.214, BrakeReading, 1419
3.214, ThrottleAPercent, 0.0
3.214, ThrottleBPercent, 0.0
3.214, ThrottlePercent, 0
3.214, BrakePercent, 7
3.214, FrontBrakePressure, 16
3.214, SteeringAngle, -102
3.214, BrakeWhileThrottle, 0
3.214, IVT_MsgID_RX, 5
3.214, IVT_MsgCount, 11
3.214, IVT_Result_state, 0
3.214, IVT_W, -1
3.214, VoltageBusHV, 55.160000000000004
3.214, VoltageCellMax, 4.0237
3.214, VoltageCellMin, 3.8151
3.214, CurrentBusHV, 0.0
3.214, BMU_checkFailed, BSPD_FAILED
3.214, BMU_InterlockInitialized, 0
3.214, VoltageCellMuxSelect, 17
3.214, VoltageCell52, 3.8434000000000004
3.214, VoltageCell53, 3.8434000000000004
3.214, VoltageCell54, 3.8435
3.214, ThrottleAReading, 2223
3.214, ThrottleBReading, 2005
3.214, BrakeReading, 1419
3.214, ThrottleAPercent, 0.0
3.214, ThrottleBPercent, 0.0
3.26, AMS_PackVoltage, 539.74
3.26, AdjustedVoltageCellMuxSelect, 17
3.26, AdjustedVoltageCell52, 3.8392000000000004
3.26, AdjustedVoltageCell53, 3.8393
3.26, AdjustedVoltageCell54, 3.8394000000000004
3.26, IVT_MsgID_RX, 0
3.26, IVT_MsgCount, 11
3.26, IVT_Result_state, 0
3.26, IVT_I, -0.025
3.26, ThrottleAReading, 2223
3.26, ThrottleBReading, 2005
3.26, BrakeReading, 1419
3.26, ThrottleAPercent, 0.0
3.26, ThrottleBPercent, 0.0
3.26, TempChannelMuxSelect, 17
3.26, TempChannel52, 27.299999999999997
3.26, TempChannel53, 24.519999999999996
3.26, TempChannel54, 27.230000000000004
3.261, ThrottlePercent, 0
3.261, BrakePercent, 7
3.261, FrontBrakePressure, 22
3.261, SteeringAngle, -102
3.261, BrakeWhileThrottle, 0
3.261, ThrottleAReading, 2223
3.261, ThrottleBReading, 2005
3.261, BrakeReading, 1419
3.261, ThrottleAPercent, 0.0
3.261, ThrottleBPercent, 0.0
3.261, ThrottleAReading, 2223
3.261, ThrottleBReading, 2005
3.261, BrakeReading, 1420
3.261, ThrottleAPercent, 0.0
3.261, ThrottleBPercent, 0.0
3.261, ThrottleAReading, 2223
3.261, ThrottleBReading, 2005
3.261, BrakeReading, 1420
3.261, ThrottleAPercent, 0.0
3.261, ThrottleBPercent, 0.0
3.261, ThrottlePercent, 0
3.261, BrakePercent, 7
3.261, FrontBrakePressure, 13
3.261, SteeringAngle, -102
3.261, BrakeWhileThrottle, 0
3.261, VCU_wheelSpeed_RL, 0.0
3.261, VCU_wheelSpeed_RR, 0.0
3.261, RLSpeedKPH, 0.0
3.261, RRSpeedKPH, 0.0
3.261, FLSpeedKPH, 0.0
3.261, FRSpeedKPH, 0.0
3.261, IVT_MsgID_RX, 1
3.261, IVT_MsgCount, 4
3.261, IVT_Result_state, 0
3.261, IVT_U1, 54.938
3.261, IVT_MsgID_RX, 2
3.261, IVT_MsgCount, 4
3.261, IVT_Result_state, 0
3.261, IVT_U2, 0.359
3.261, IVT_MsgID_RX, 3
3.261, IVT_MsgCount, 4
3.261, IVT_Result_state, 0
3.261, IVT_U3, 0.014
3.261, IVT_MsgID_RX, 5
3.261, IVT_MsgCount, 12
3.261, IVT_Result_state, 0
3.261, IVT_W, -1
3.261, ThrottleAReading, 2222
3.261, ThrottleBReading, 2005
3.261, BrakeReading, 1419
3.261, ThrottleAPercent, 0.0
3.261, ThrottleBPercent, 0.0
3.261, TCTorqueMax, 3.392
3.261, TCLeftSlip, -0.999
3.261, TCRightSlip, -0.999
3.261, TCTorqueAdjustment, 0.0
3.261, IVT_MsgID_RX, 0
3.261, IVT_MsgCount, 12
3.261, IVT_Result_state, 0
3.261, IVT_I, -0.028
3.261, ThrottleAReading, 2222
3.261, ThrottleBReading, 2005
3.261, BrakeReading, 1419
3.261, ThrottleAPercent, 0.0
3.261, ThrottleBPercent, 0.0
3.263, IVT_MsgID_RX, 7
3.263, IVT_MsgCount, 8
3.263, IVT_Result_state, 0
3.263, IVT_Wh, 0
3.263, ThrottlePercent, 0
3.263, BrakePercent, 7
3.263, FrontBrakePressure, 13
3.263, SteeringAngle, -102
3.263, BrakeWhileThrottle, 0
3.263, ThrottleAReading, 2222
3.263, ThrottleBReading, 2005
3.263, BrakeReading, 1419
3.263, ThrottleAPercent, 0.0
3.263, ThrottleBPercent, 0.0
3.263, ThrottleAReading, 2222
3.263, ThrottleBReading, 2005
3.263, BrakeReading, 1419
3.263, ThrottleAPercent, 0.0
3.263, ThrottleBPercent, 0.0
3.263, IMD_R_iso_corrected, 64255
3.263, IMD_R_iso_status, 252
3.263, IMD_R_Measurement_Counter, 5
3.263, IMD_Faults, 512
3.263, IMD_Device_activity, 1
3.263, ThrottleAReading, 2222
3.263, ThrottleBReading, 2005
3.263, BrakeReading, 1419
3.263, ThrottleAPercent, 0.0
3.263, ThrottleBPercent, 0.0
3.263, ThrottlePercent, 0
3.263, BrakePercent, 7
3.263, FrontBrakePressure, 17
3.263, SteeringAngle, -102
3.263, BrakeWhileThrottle, 0
3.263, IVT_MsgID_RX, 5
3.263, IVT_MsgCount, 13
3.263, IVT_Result_state, 0
3.263, IVT_W, -1
3.263, ThrottleAReading, 2222
3.263, ThrottleBReading, 2005
3.263, BrakeReading, 1419
3.263, ThrottleAPercent, 0.0
3.263, ThrottleBPercent, 0.0
3.263, IVT_MsgID_RX, 0
3.263, IVT_MsgCount, 13
3.263, IVT_Result_state, 0
3.263, IVT_I, -0.03
3.263, ThrottleAReading, 2223
3.263, ThrottleBReading, 2005
3.263, BrakeReading, 1419
3.263, ThrottleAPercent, 0.0
3.263, ThrottleBPercent, 0.0
3.263, ThrottlePercent, 0
3.263, BrakePercent, 7
3.263, FrontBrakePressure, 18
3.263, SteeringAngle, -102
3.263, BrakeWhileThrottle, 0
3.263, ThrottleAReading, 2223
3.263, ThrottleBReading, 2005
3.263, BrakeReading, 1419
3.263, ThrottleAPercent, 0.0
3.263, ThrottleBPercent, 0.0
3.263, VoltageCellMuxSelect, 18
3.263, VoltageCell55, 3.8439
3.263, VoltageCell56, 3.8445
3.263, VoltageCell57, 3.8345000000000002
3.263, VCU_wheelSpeed_RL, 0.0
3.263, VCU_wheelSpeed_RR, 0.0
3.31, ThrottleAReading, 2223
3.31, ThrottleBReading, 2005
3.31, BrakeReading, 1419
3.31, ThrottleAPercent, 0.0
3.31, ThrottleBPercent, 0.0
3.31, RLSpeedKPH, 0.0
3.31, RRSpeedKPH, 0.0
3.31, FLSpeedKPH, 0.0
3.31, FRSpeedKPH, 0.0
3.31, IVT_MsgID_RX, 7
3.31, IVT_MsgCount, 9
3.31, IVT_Result_state, 0
3.31, IVT_Wh, 0
3.31, AdjustedVoltageCellMuxSelect, 18
3.31, AdjustedVoltageCell55, 3.8398000000000003
3.31, AdjustedVoltageCell56, 3.8404000000000003
3.31, AdjustedVoltageCell57, 3.8297000000000003
3.31, TCTorqueMax, 3.392
3.31, TCLeftSlip, -0.999
3.31, TCRightSlip, -0.999
3.31, TCTorqueAdjustment, 0.0
3.31, ThrottleAReading, 2223
3.31, ThrottleBReading, 2005
3.31, BrakeReading, 1419
3.31, ThrottleAPercent, 0.0
3.31, ThrottleBPercent, 0.0
3.31, ThrottlePercent, 0
3.31, BrakePercent, 7
3.31, FrontBrakePressure, 20
3.31, SteeringAngle, -102
3.31, BrakeWhileThrottle, 0
3.31, IVT_MsgID_RX, 5
3.31, IVT_MsgCount, 14
3.31, IVT_Result_state, 0
3.31, IVT_W, -1
3.31, ThrottleAReading, 2223
3.31, ThrottleBReading, 2005
3.31, BrakeReading, 1419
3.31, ThrottleAPercent, 0.0
3.31, ThrottleBPercent, 0.0
3.31, IVT_MsgID_RX, 0
3.31, IVT_MsgCount, 14
3.31, IVT_Result_state, 0
3.31, IVT_I, -0.025
3.31, ChannelCurrentRadiator, 0.187
3.31, ChannelCurrentAccFan, 0.214
3.31, ChannelCurrentPump1, 0.0
3.31, ChannelCurrentPump2, 0.214
3.31, ChannelCurrentAUX1, 0.0
3.31, ChannelCurrentAUX2, 0.214
3.31, ChannelCurrentAUX3, 0.0
3.31, ChannelCurrentAUX4, 0.214
3.31, ThrottleAReading, 2222
3.31, ThrottleBReading, 2005
3.31, BrakeReading, 1419
3.31, ThrottleAPercent, 0.0
3.31, ThrottleBPercent, 0.0
3.31, ChannelCurrentBrakeLight, 0.0
3.31, ChannelCurrentInverter, 0.0
3.342, ChannelCurrentBMU, 0.523
3.342, ChannelCurrentCDU, 0.46900000000000003
3.342, ChannelCurrentTCU, 0.362
3.342, ChannelCurrentWSB, 0.6980000000000001
3.342, ThrottlePercent, 0
3.342, BrakePercent, 7
3.342, FrontBrakePressure, 19
3.342, SteeringAngle, -102
3.342, BrakeWhileThrottle, 0
3.342, ThrottleAReading, 2222
3.342, ThrottleBReading, 2005
3.342, BrakeReading, 1419
3.342, ThrottleAPercent, 0.0
3.342, ThrottleBPercent, 0.0
3.342, ThrottleAReading, 2222
3.342, ThrottleBReading, 2005
3.342, BrakeReading, 1420
3.342, ThrottleAPercent, 0.0
3.342, ThrottleBPercent, 0.0
3.342, ThrottleAReading, 2222
3.342, ThrottleBReading, 2005
3.342, BrakeReading, 1420
3.342, ThrottleAPercent, 0.0
3.342, ThrottleBPercent, 0.0
3.342, ThrottlePercent, 0
3.342, BrakePercent, 7
3.342, FrontBrakePressure, 17
3.342, SteeringAngle, -102
3.342, BrakeWhileThrottle, 0
3.342, IVT_MsgID_RX, 1
3.342, IVT_MsgCount, 5
3.342, IVT_Result_state, 0
3.342, IVT_U1, 54.763
3.342, IVT_MsgID_RX, 2
3.342, IVT_MsgCount, 5
3.342, IVT_Result_state, 0
3.342, IVT_U2, 0.343
3.342, IVT_MsgID_RX, 3
3.342, IVT_MsgCount, 5
3.342, IVT_Result_state, 0
3.342, IVT_U3, 0.051000000000000004
3.342, IVT_MsgID_RX, 5
3.342, IVT_MsgCount, 15
3.342, IVT_Result_state, 0
3.342, IVT_W, -1
3.342, ThrottleAReading, 2223
3.342, ThrottleBReading, 2005
3.342, BrakeReading, 1419
3.342, ThrottleAPercent, 0.0
3.342, ThrottleBPercent, 0.0
3.342, IVT_MsgID_RX, 0
3.342, IVT_MsgCount, 15
3.342, IVT_Result_state, 0
3.342, IVT_I, -0.033
3.343, IVT_MsgID_RX, 7
3.343, IVT_MsgCount, 10
3.343, IVT_Result_state, 0
3.343, IVT_Wh, 0
3.343, ThrottleAReading, 2223
3.343, ThrottleBReading, 2005
3.343, BrakeReading, 1419
3.343, ThrottleAPercent, 0.0
3.343, ThrottleBPercent, 0.0
3.343, VCU_wheelSpeed_RL, 0.0
3.343, VCU_wheelSpeed_RR, 0.0
3.344, ThrottlePercent, 0
3.344, BrakePercent, 7
3.344, FrontBrakePressure, 21
3.344, SteeringAngle, -102
3.344, BrakeWhileThrottle, 0
3.344, ThrottleAReading, 2223
3.344, ThrottleBReading, 2005
3.344, BrakeReading, 1419
3.344, ThrottleAPercent, 0.0
3.344, ThrottleBPercent, 0.0
3.344, RLSpeedKPH, 0.0
3.344, RRSpeedKPH, 0.0
3.344, FLSpeedKPH, 0.0
3.344, FRSpeedKPH, 0.0
3.344, TCTorqueMax, 3.392
3.344, TCLeftSlip, -0.999
3.344, TCRightSlip, -0.999
3.344, TCTorqueAdjustment, 0.0
3.344, ThrottleAReading, 2223
3.344, ThrottleBReading, 2005
3.344, BrakeReading, 1419
3.344, ThrottleAPercent, 0.0
3.344, ThrottleBPercent, 0.0
3.344, ThrottleAReading, 2222
3.344, ThrottleBReading, 2005
3.344, BrakeReading, 1419
3.344, ThrottleAPercent, 0.0
3.344, ThrottleBPercent, 0.0
3.344, ThrottlePercent, 0
3.344, BrakePercent, 7
3.344, FrontBrakePressure, 13
3.344, SteeringAngle, -102
3.344, BrakeWhileThrottle, 0
3.344, IVT_MsgID_RX, 5
3.344, IVT_MsgCount, 0
3.344, IVT_Result_state, 0
3.344, IVT_W, -1
3.344, ThrottleAReading, 2222
3.344, ThrottleBReading, 2005
3.344, BrakeReading, 1419
3.344, ThrottleAPercent, 0.0
3.344, ThrottleBPercent, 0.0
3.344, StateBatteryChargeHV, 98.80000000000001
3.344, StateBatteryHealthHV, 0.0
3.344, StateBatteryPowerHV, 112.0
3.344, TempCellMax, 28.25
3.344, TempCellMin, 24.5
3.344, StateBMS, Wait_System_Up
3.344, HighestTempThermistor, 37
3.36, BMU_checkFailed, BSPD_FAILED
3.36, BMU_InterlockInitialized, 0
3.36, VoltageCellMuxSelect, 19
3.36, VoltageCell58, 4.0183
3.36, VoltageCell59, 3.9843
3.36, VoltageCell60, 3.9907000000000004
3.36, IVT_MsgID_RX, 0
3.36, IVT_MsgCount, 0
3.36, IVT_Result_state, 0
3.36, IVT_I, -0.021
3.36, VoltageBusHV, 54.76
3.36, VoltageCellMax, 4.0241
3.36, VoltageCellMin, 3.8155
3.36, CurrentBusHV, 0.0
3.36, AdjustedVoltageCellMuxSelect, 19
3.36, AdjustedVoltageCell58, 4.0143
3.36, AdjustedVoltageCell59, 3.9796
3.36, AdjustedVoltageCell60, 3.986
3.361, ThrottleAReading, 2222
3.361, ThrottleBReading, 2005
3.361, BrakeReading, 1419
3.361, ThrottleAPercent, 0.0
3.361, ThrottleBPercent, 0.0
3.361, AMS_PackVoltage, 539.8
3.361, TempChannelMuxSelect, 19
3.361, TempChannel58, 27.269999999999996
3.361, TempChannel59, 27.03
3.361, TempChannel60, 27.33
3.361, ThrottlePercent, 0
3.361, BrakePercent, 7
3.361, FrontBrakePressure, 20
3.361, SteeringAngle, -102
3.361, BrakeWhileThrottle, 0
3.361, ThrottleAReading, 2222
3.361, ThrottleBReading, 2005
3.361, BrakeReading, 1419
3.361, ThrottleAPercent, 0.0
3.361, ThrottleBPercent, 0.0
3.361, ThrottleAReading, 2222
3.361, ThrottleBReading, 2005
3.361, BrakeReading, 1419
3.361, ThrottleAPercent, 0.0
3.361, ThrottleBPercent, 0.0
3.361, IVT_MsgID_RX, 7
3.361, IVT_MsgCount, 11
3.361, IVT_Result_state, 0
3.361, IVT_Wh, 0
3.361, ThrottleAReading, 2223
3.361, ThrottleBReading, 2005
3.361, BrakeReading, 1419
3.361, ThrottleAPercent, 0.0
3.361, ThrottleBPercent, 0.0
3.361, ThrottlePercent, 0
3.361, BrakePercent, 7
3.361, FrontBrakePressure, 13
3.361, SteeringAngle, -102
3.361, BrakeWhileThrottle, 0
3.361, IVT_MsgID_RX, 5
3.361, IVT_MsgCount, 1
3.361, IVT_Result_state, 0
3.361, IVT_W, -1
3.361, ThrottleAReading, 2223
3.361, ThrottleBReading, 2005
3.361, BrakeReading, 1419
3.361, ThrottleAPercent, 0.0
3.361, ThrottleBPercent, 0.0
3.361, VCU_wheelSpeed_RL, 0.0
3.361, VCU_wheelSpeed_RR, 0.0
3.361, IVT_MsgID_RX, 0
3.361, IVT_MsgCount, 1
3.361, IVT_Result_state, 0
3.361, IVT_I, -0.026000000000000002
3.361, RLSpeedKPH, 0.0
3.361, RRSpeedKPH, 0.0
3.361, FLSpeedKPH, 0.0
3.361, FRSpeedKPH, 0.0
3.362, ThrottleAReading, 2223
3.362, ThrottleBReading, 2005
3.362, BrakeReading, 1419
3.362, ThrottleAPercent, 0.0
3.362, ThrottleBPercent, 0.0
3.362, TCTorqueMax, 3.392
3.362, TCLeftSlip, -0.999
3.362, TCRightSlip, -0.999
3.362, TCTorqueAdjustment, 0.0
3.362, ThrottlePercent, 0
3.362, BrakePercent, 7
3.362, FrontBrakePressure, 13
3.362, SteeringAngle, -102
3.362, BrakeWhileThrottle, 0
3.362, ThrottleAReading, 2223
3.362, ThrottleBReading, 2005
3.362, BrakeReading, 1419
3.362, ThrottleAPercent, 0.0
3.362, ThrottleBPercent, 0.0
3.362, ThrottleAReading, 2223
3.362, ThrottleBReading, 2005
3.362, BrakeReading, 1419
3.362, ThrottleAPercent, 0.0
3.362, ThrottleBPercent, 0.0
3.362, IMD_R_iso_corrected, 64255
3.362, IMD_R_iso_status, 252
3.362, IMD_R_Measurement_Counter, 5
3.362, IMD_Faults, 512
3.362, IMD_Device_activity, 1
3.362, ThrottleAReading, 2223
3.362, ThrottleBReading, 2005
3.362, BrakeReading, 1419
3.362, ThrottleAPercent, 0.0
3.362, ThrottleBPercent, 0.0
3.362, ThrottlePercent, 0
3.362, BrakePercent, 7
3.362, FrontBrakePressure, 21
3.362, SteeringAngle, -102
3.362, BrakeWhileThrottle, 0
3.362, IVT_MsgID_RX, 1
3.362, IVT_MsgCount, 6
3.362, IVT_Result_state, 0
3.362, IVT_U1, 54.779
3.362, IVT_MsgID_RX, 2
3.362, IVT_MsgCount, 6
3.362, IVT_Result_state, 0
3.362, IVT_U2, 0.195
3.362, IVT_MsgID_RX, 3
3.362, IVT_MsgCount, 6
3.362, IVT_Result_state, 0
3.362, IVT_U3, 0.018000000000000002
3.362, IVT_MsgID_RX, 5
3.362, IVT_MsgCount, 2
3.362, IVT_Result_state, 0
3.362, IVT_W, -1
3.363, ThrottleAReading, 2223
3.363, ThrottleBReading, 2005
3.363, BrakeReading, 1420
3.363, ThrottleAPercent, 0.0
3.363, ThrottleBPercent, 0.0
3.363, IVT_MsgID_RX, 0
3.363, IVT_MsgCount, 2
3.363, IVT_Result_state, 0
3.363, IVT_I, -0.026000000000000002
3.363, IVT_MsgID_RX, 7
3.363, IVT_MsgCount, 12
3.363, IVT_Result_state, 0
3.363, IVT_Wh, 0
3.364, ThrottleAReading, 2223
3.364, ThrottleBReading, 2005
3.364, BrakeReading, 1420
3.364, ThrottleAPercent, 0.0
3.364, ThrottleBPercent, 0.0
3.364, ThrottlePercent, 0
3.364, BrakePercent, 7
3.364, FrontBrakePressure, 16
3.364, SteeringAngle, -102
3.364, BrakeWhileThrottle, 0
3.364, ThrottleAReading, 2223
3.364, ThrottleBReading, 2005
3.364, BrakeReading, 1420
3.364, ThrottleAPercent, 0.0
3.364, ThrottleBPercent, 0.0
3.364, VoltageCellMuxSelect, 20
3.364, VoltageCell61, 3.8199
3.364, VoltageCell62, 3.8243
3.364, VoltageCell63, 3.8246
3.41, AdjustedVoltageCellMuxSelect, 20
3.41, AdjustedVoltageCell61, 3.8155
3.41, AdjustedVoltageCell62, 3.8200000000000003
3.41, AdjustedVoltageCell63, 3.8205
3.41, ThrottleAReading, 2223
3.41, ThrottleBReading, 2005
3.41, BrakeReading, 1419
3.41, ThrottleAPercent, 0.0
3.41, ThrottleBPercent, 0.0
3.41, TempChannelMuxSelect, 20
3.41, TempChannel61, 24.519999999999996
3.41, TempChannel62, 26.97
3.41, TempChannel63, 27.159999999999997
3.41, IVT_MsgID_RX, 5
3.41, IVT_MsgCount, 3
3.41, IVT_Result_state, 0
3.41, IVT_W, -1
3.41, ThrottleAReading, 2223
3.41, ThrottleBReading, 2005
3.41, BrakeReading, 1419
3.41, ThrottleAPercent, 0.0
3.41, ThrottleBPercent, 0.0
3.41, ThrottlePercent, 0
3.41, BrakePercent, 7
3.41, FrontBrakePressure, 20
3.41, SteeringAngle, -102
3.41, BrakeWhileThrottle, 0
3.41, VCU_wheelSpeed_RL, 0.0
3.41, VCU_wheelSpeed_RR, 0.0
3.41, RLSpeedKPH, 0.0
3.41, RRSpeedKPH, 0.0
3.41, FLSpeedKPH, 0.0
3.41, FRSpeedKPH, 0.0
3.41, ThrottleAReading, 2223
3.41, ThrottleBReading, 2005
3.41, BrakeReading, 1419
3.41, ThrottleAPercent, 0.0
3.41, ThrottleBPercent, 0.0
3.41, TCTorqueMax, 3.392
3.41, TCLeftSlip, -0.999
3.41, TCRightSlip, -0.999
3.41, TCTorqueAdjustment, 0.0
3.411, IVT_MsgID_RX, 0
3.411, IVT_MsgCount, 3
3.411, IVT_Result_state, 0
3.411, IVT_I, -0.025
3.411, ChannelCurrentRadiator, 0.201
3.411, ChannelCurrentAccFan, 0.228
3.411, ChannelCurrentPump1, 0.0
3.411, ChannelCurrentPump2, 0.201
3.411, ChannelCurrentAUX1, 0.0
3.411, ChannelCurrentAUX2, 0.17400000000000002
3.411, ChannelCurrentAUX3, 0.0
3.411, ChannelCurrentAUX4, 0.201
3.411, ThrottleAReading, 2223
3.411, ThrottleBReading, 2005
3.411, BrakeReading, 1419
3.411, ThrottleAPercent, 0.0
3.411, ThrottleBPercent, 0.0
3.411, ChannelCurrentBrakeLight, 0.0
3.411, ChannelCurrentInverter, 0.0
3.411, ChannelCurrentBMU, 0.51
3.411, ChannelCurrentCDU, 0.46900000000000003
3.411, ChannelCurrentTCU, 0.335
3.411, ChannelCurrentWSB, 0.631
3.411, ThrottlePercent, 0
3.411, BrakePercent, 7
3.411, FrontBrakePressure, 22
3.411, SteeringAngle, -102
3.411, BrakeWhileThrottle, 0
3.411, ThrottleAReading, 2223
3.411, ThrottleBReading, 2005
3.411, BrakeReading, 1419
3.411, ThrottleAPercent, 0.0
3.411, ThrottleBPercent, 0.0
3.411, ThrottleAReading, 2223
3.411, ThrottleBReading, 2005
3.411, BrakeReading, 1418
3.411, ThrottleAPercent, 0.0
3.411, ThrottleBPercent, 0.0
3.411, IVT_MsgID_RX, 7
3.411, IVT_MsgCount, 13
3.411, IVT_Result_state, 0
3.411, IVT_Wh, 0
3.411, IVT_MsgID_RX, 5
3.411, IVT_MsgCount, 4
3.411, IVT_Result_state, 0
3.411, IVT_W, -1
3.411, ThrottleAReading, 2223
3.411, ThrottleBReading, 2005
3.411, BrakeReading, 1418
3.411, ThrottleAPercent, 0.0
3.411, ThrottleBPercent, 0.0
3.411, ThrottlePercent, 0
3.411, BrakePercent, 6
3.411, FrontBrakePressure, 13
3.411, SteeringAngle, -102
3.411, BrakeWhileThrottle, 0
3.411, ThrottleAReading, 2223
3.411, ThrottleBReading, 2005
3.411, BrakeReading, 1420
3.411, ThrottleAPercent, 0.0
3.411, ThrottleBPercent, 0.0
3.411, IVT_MsgID_RX, 0
3.411, IVT_MsgCount, 4
3.411, IVT_Result_state, 0
3.411, IVT_I, -0.026000000000000002
3.412, ThrottleAReading, 2223
3.412, ThrottleBReading, 2005
3.412, BrakeReading, 1420
3.412, ThrottleAPercent, 0.0
3.412, ThrottleBPercent, 0.0
3.412, ThrottlePercent, 0
3.412, BrakePercent, 7
3.412, FrontBrakePressure, 21
3.412, SteeringAngle, -102
3.412, BrakeWhileThrottle, 0
3.412, ThrottleAReading, 2223
3.412, ThrottleBReading, 2005
3.412, BrakeReading, 1420
3.412, ThrottleAPercent, 0.0
3.412, ThrottleBPercent, 0.0
3.412, VCU_wheelSpeed_RL, 0.0
3.412, VCU_wheelSpeed_RR, 0.0
3.412, ThrottleAReading, 2223
3.412, ThrottleBReading, 2005
3.412, BrakeReading, 1419
3.412, ThrottleAPercent, 0.0
3.412, ThrottleBPercent, 0.0
3.413, RLSpeedKPH, 0.0
3.413, RRSpeedKPH, 0.0
3.413, FLSpeedKPH, 0.0
3.413, FRSpeedKPH, 0.0
3.413, TCTorqueMax, 3.392
3.413, TCLeftSlip, -0.999
3.413, TCRightSlip, -0.999
3.413, TCTorqueAdjustment, 0.0
3.413, ThrottleAReading, 2223
3.413, ThrottleBReading, 2005
3.413, BrakeReading, 1419
3.413, ThrottleAPercent, 0.0
3.413, ThrottleBPercent, 0.0
3.413, ThrottlePercent, 0
3.413, BrakePercent, 7
3.413, FrontBrakePressure, 17
3.413, SteeringAngle, -102
3.413, BrakeWhileThrottle, 0
3.413, IVT_MsgID_RX, 1
3.413, IVT_MsgCount, 7
3.413, IVT_Result_state, 0
3.413, IVT_U1, 54.582
3.413, IVT_MsgID_RX, 2
3.413, IVT_MsgCount, 7
3.413, IVT_Result_state, 0
3.413, IVT_U2, 0.305
3.413, IVT_MsgID_RX, 3
3.413, IVT_MsgCount, 7
3.413, IVT_Result_state, 0
3.413, IVT_U3, 0.043000000000000003
3.413, IVT_MsgID_RX, 5
3.413, IVT_MsgCount, 5
3.413, IVT_Result_state, 0
3.413, IVT_W, -1
3.413, ThrottleAReading, 2223
3.413, ThrottleBReading, 2005
3.413, BrakeReading, 1419
3.413, ThrottleAPercent, 0.0
3.413, ThrottleBPercent, 0.0
3.413, IVT_MsgID_RX, 0
3.413, IVT_MsgCount, 5
3.413, IVT_Result_state, 0
3.413, IVT_I, -0.024
3.46, IVT_MsgID_RX, 7
3.46, IVT_MsgCount, 14
3.46, IVT_Result_state, 0
3.46, IVT_Wh, 0
3.46, ThrottleAReading, 2223
3.46, ThrottleBReading, 2005
3.46, BrakeReading, 1419
3.46, ThrottleAPercent, 0.0
3.46, ThrottleBPercent, 0.0
3.46, ThrottlePercent, 0
3.46, BrakePercent, 7
3.46, FrontBrakePressure, 19
3.46, SteeringAngle, -102
3.46, BrakeWhileThrottle, 0
3.46, VoltageBusHV, 54.58
3.46, VoltageCellMax, 4.0241
3.46, VoltageCellMin, 3.8155
3.46, CurrentBusHV, 0.0
3.46, ThrottleAReading, 2223
3.46, ThrottleBReading, 2005
3.46, BrakeReading, 1419
3.46, ThrottleAPercent, 0.0
3.46, ThrottleBPercent, 0.0
3.46, AMS_PackVoltage, 539.8
3.46, ThrottleAReading, 2223
3.46, ThrottleBReading, 2005
3.46, BrakeReading, 1419
3.46, ThrottleAPercent, 0.0
3.46, ThrottleBPercent, 0.0
3.46, IVT_MsgID_RX, 5
3.46, IVT_MsgCount, 6
3.46, IVT_Result_state, 0
3.46, IVT_W, -1
3.46, ThrottleAReading, 2223
3.46, ThrottleBReading, 2005
3.46, BrakeReading, 1419
3.46, ThrottleAPercent, 0.0
3.46, ThrottleBPercent, 0.0
3.46, ThrottlePercent, 0
3.46, BrakePercent, 7
3.46, FrontBrakePressure, 17
3.46, SteeringAngle, -102
3.46, BrakeWhileThrottle, 0
3.46, StateBatteryChargeHV, 98.80000000000001
3.46, StateBatteryHealthHV, 0.0
3.46, StateBatteryPowerHV, 111.60000000000001
3.46, TempCellMax, 28.25
3.46, TempCellMin, 24.5
3.46, StateBMS, Wait_System_Up
3.46, HighestTempThermistor, 162
3.46, BMU_checkFailed, BSPD_FAILED
3.46, BMU_InterlockInitialized, 0
3.46, VoltageCellMuxSelect, 21
3.46, VoltageCell64, 3.8243
3.46, VoltageCell65, 3.8245
3.46, VoltageCell66, 3.8255000000000003
3.46, AdjustedVoltageCellMuxSelect, 21
3.46, AdjustedVoltageCell64, 3.8201
3.46, AdjustedVoltageCell65, 3.8202000000000003
3.46, AdjustedVoltageCell66, 3.8213000000000004
3.461, ThrottleAReading, 2223
3.461, ThrottleBReading, 2005
3.461, BrakeReading, 1419
3.461, ThrottleAPercent, 0.0
3.461, ThrottleBPercent, 0.0
3.461, IVT_MsgID_RX, 0
3.461, IVT_MsgCount, 6
3.461, IVT_Result_state, 0
3.461, IVT_I, -0.025
3.461, TempChannelMuxSelect, 21
3.461, TempChannel64, 27.540000000000006
3.461, TempChannel65, 27.24000000000001
3.461, TempChannel66, 27.510000000000005
3.461, ThrottleAReading, 2223
3.461, ThrottleBReading, 2005
3.461, BrakeReading, 1419
3.461, ThrottleAPercent, 0.0
3.461, ThrottleBPercent, 0.0
3.461, VCU_wheelSpeed_RL, 0.0
3.461, VCU_wheelSpeed_RR, 0.0
3.461, ThrottlePercent, 0
3.461, BrakePercent, 7
3.461, FrontBrakePressure, 14
3.461, SteeringAngle, -102
3.461, BrakeWhileThrottle, 0
3.461, ThrottleAReading, 2223
3.461, ThrottleBReading, 2005
3.461, BrakeReading, 1419
3.461, ThrottleAPercent, 0.0
3.461, ThrottleBPercent, 0.0
3.461, RLSpeedKPH, 0.0
3.461, RRSpeedKPH, 0.0
3.461, FLSpeedKPH, 0.0
3.461, FRSpeedKPH, 0.0
3.461, TCTorqueMax, 3.392
3.461, TCLeftSlip, -0.999
3.461, TCRightSlip, -0.999
3.461, TCTorqueAdjustment, 0.0
3.461, IVT_MsgID_RX, 7
3.461, IVT_MsgCount, 15
3.461, IVT_Result_state, 0
3.461, IVT_Wh, 0
3.461, ThrottleAReading, 2223
3.461, ThrottleBReading, 2005
3.461, BrakeReading, 1419
3.461, ThrottleAPercent, 0.0
3.461, ThrottleBPercent, 0.0
3.461, IMD_R_iso_corrected, 64255
3.461, IMD_R_iso_status, 252
3.461, IMD_R_Measurement_Counter, 6
3.461, IMD_Faults, 512
3.461, IMD_Device_activity, 1
3.461, IVT_MsgID_RX, 5
3.461, IVT_MsgCount, 7
3.461, IVT_Result_state, 0
3.461, IVT_W, -1
3.461, ThrottleAReading, 2223
3.461, ThrottleBReading, 2005
3.461, BrakeReading, 1419
3.461, ThrottleAPercent, 0.0
3.461, ThrottleBPercent, 0.0
3.461, ThrottlePercent, 0
3.461, BrakePercent, 7
3.461, FrontBrakePressure, 13
3.461, SteeringAngle, -102
3.461, BrakeWhileThrottle, 0
3.492, ThrottleAReading, 2223
3.492, ThrottleBReading, 2005
3.492, BrakeReading, 1419
3.492, ThrottleAPercent, 0.0
3.492, ThrottleBPercent, 0.0
3.492, IVT_MsgID_RX, 0
3.492, IVT_MsgCount, 7
3.492, IVT_Result_state, 0
3.492, IVT_I, -0.025
3.492, ThrottleAReading, 2223
3.492, ThrottleBReading, 2005
3.492, BrakeReading, 1419
3.492, ThrottleAPercent, 0.0
3.492, ThrottleBPercent, 0.0
3.492, ThrottlePercent, 0
3.492, BrakePercent, 7
3.492, FrontBrakePressure, 13
3.492, SteeringAngle, -102
3.492, BrakeWhileThrottle, 0
3.493, ThrottleAReading, 2223
3.493, ThrottleBReading, 2005
3.493, BrakeReading, 1419
3.493, ThrottleAPercent, 0.0
3.493, ThrottleBPercent, 0.0
3.493, VoltageCellMuxSelect, 22
3.493, VoltageCell67, 3.8230000000000004
3.493, VoltageCell68, 3.9290000000000003
3.493, VoltageCell69, 3.9176
3.51, AdjustedVoltageCellMuxSelect, 22
3.51, AdjustedVoltageCell67, 3.8183000000000002
3.51, AdjustedVoltageCell68, 3.9251
3.51, AdjustedVoltageCell69, 3.9132000000000002
3.51, ThrottleAReading, 2223
3.51, ThrottleBReading, 2005
3.51, BrakeReading, 1419
3.51, ThrottleAPercent, 0.0
3.51, ThrottleBPercent, 0.0
3.51, TempChannelMuxSelect, 22
3.51, TempChannel67, 27.49000000000001
3.51, TempChannel68, 27.28
3.51, TempChannel69, 27.290000000000006
3.51, IVT_MsgID_RX, 1
3.51, IVT_MsgCount, 8
3.51, IVT_Result_state, 0
3.51, IVT_U1, 54.730000000000004
3.51, IVT_MsgID_RX, 2
3.51, IVT_MsgCount, 8
3.51, IVT_Result_state, 0
3.51, IVT_U2, 0.35100000000000003
3.51, IVT_MsgID_RX, 3
3.51, IVT_MsgCount, 8
3.51, IVT_Result_state, 0
3.51, IVT_U3, 0.016
3.51, IVT_MsgID_RX, 5
3.51, IVT_MsgCount, 8
3.51, IVT_Result_state, 0
3.51, IVT_W, -1
3.51, ThrottlePercent, 0
3.51, BrakePercent, 7
3.51, FrontBrakePressure, 20
3.51, SteeringAngle, -102
3.51, BrakeWhileThrottle, 0
3.51, ThrottleAReading, 2223
3.51, ThrottleBReading, 2005
3.51, BrakeReading, 1419
3.51, ThrottleAPercent, 0.0
3.51, ThrottleBPercent, 0.0
3.513, IVT_MsgID_RX, 0
3.513, IVT_MsgCount, 8
3.513, IVT_Result_state, 0
3.513, IVT_I, -0.025
3.513, ThrottleAReading, 2223
3.513, ThrottleBReading, 2005
3.513, BrakeReading, 1419
3.513, ThrottleAPercent, 0.0
3.513, ThrottleBPercent, 0.0
3.513, IVT_MsgID_RX, 7
3.513, IVT_MsgCount, 0
3.513, IVT_Result_state, 0
3.513, IVT_Wh, 0
3.513, VCU_wheelSpeed_RL, 0.0
3.513, VCU_wheelSpeed_RR, 0.0
3.513, RLSpeedKPH, 0.0
3.513, RRSpeedKPH, 0.0
3.513, FLSpeedKPH, 0.0
3.513, FRSpeedKPH, 0.0
3.513, ChannelCurrentRadiator, 0.214
3.513, ChannelCurrentAccFan, 0.214
3.513, ChannelCurrentPump1, 0.0
3.513, ChannelCurrentPump2, 0.201
3.513, ChannelCurrentAUX1, 0.0
3.513, ChannelCurrentAUX2, 0.187
3.513, ChannelCurrentAUX3, 0.0
3.513, ChannelCurrentAUX4, 0.187
3.513, ThrottleAReading, 2223
3.513, ThrottleBReading, 2005
3.513, BrakeReading, 1419
3.513, ThrottleAPercent, 0.0
3.513, ThrottleBPercent, 0.0
3.513, ChannelCurrentBrakeLight, 0.0
3.513, ChannelCurrentInverter, 0.0
3.513, ChannelCurrentBMU, 0.537
3.513, ChannelCurrentCDU, 0.456
3.513, ChannelCurrentTCU, 0.375
3.513, ChannelCurrentWSB, 0.644
3.513, TCTorqueMax, 3.392
3.513, TCLeftSlip, -0.999
3.513, TCRightSlip, -0.999
3.513, TCTorqueAdjustment, 0.0
3.513, ThrottlePercent, 0
3.513, BrakePercent, 7
3.513, FrontBrakePressure, 18
3.513, SteeringAngle, -102
3.513, BrakeWhileThrottle, 0
3.514, ThrottleAReading, 2222
3.514, ThrottleBReading, 2005
3.514, BrakeReading, 1419
3.514, ThrottleAPercent, 0.0
3.514, ThrottleBPercent, 0.0
3.514, ThrottleAReading, 2222
3.514, ThrottleBReading, 2005
3.514, BrakeReading, 1420
3.514, ThrottleAPercent, 0.0
3.514, ThrottleBPercent, 0.0
3.515, IVT_MsgID_RX, 5
3.515, IVT_MsgCount, 9
3.515, IVT_Result_state, 0
3.515, IVT_W, -1
3.515, ThrottleAReading, 2223
3.515, ThrottleBReading, 2005
3.515, BrakeReading, 1420
3.515, ThrottleAPercent, 0.0
3.515, ThrottleBPercent, 0.0
3.515, ThrottlePercent, 0
3.515, BrakePercent, 7
3.515, FrontBrakePressure, 19
3.515, SteeringAngle, -102
3.515, BrakeWhileThrottle, 0
3.515, IVT_MsgID_RX, 0
3.515, IVT_MsgCount, 9
3.515, IVT_Result_state, 0
3.515, IVT_I, -0.023
3.515, ThrottleAReading, 2223
3.515, ThrottleBReading, 2005
3.515, BrakeReading, 1420
3.515, ThrottleAPercent, 0.0
3.515, ThrottleBPercent, 0.0
3.515, ThrottleAReading, 2223
3.515, ThrottleBReading, 2005
3.515, BrakeReading, 1420
3.515, ThrottleAPercent, 0.0
3.515, ThrottleBPercent, 0.0
3.515, ThrottlePercent, 0
3.515, BrakePercent, 7
3.515, FrontBrakePressure, 13
3.515, SteeringAngle, -102
3.515, BrakeWhileThrottle, 0
3.515, ThrottleAReading, 2223
3.515, ThrottleBReading, 2005
3.515, BrakeReading, 1420
3.515, ThrottleAPercent, 0.0
3.515, ThrottleBPercent, 0.0
3.515, IVT_MsgID_RX, 7
3.515, IVT_MsgCount, 1
3.515, IVT_Result_state, 0
3.515, IVT_Wh, 0
3.515, ThrottleAReading, 2223
3.515, ThrottleBReading, 2005
3.515, BrakeReading, 1419
3.515, ThrottleAPercent, 0.0
3.515, ThrottleBPercent, 0.0
3.515, IVT_MsgID_RX, 5
3.515, IVT_MsgCount, 10
3.515, IVT_Result_state, 0
3.515, IVT_W, -1
3.515, ThrottleAReading, 2223
3.515, ThrottleBReading, 2005
3.515, BrakeReading, 1419
3.515, ThrottleAPercent, 0.0
3.515, ThrottleBPercent, 0.0
3.515, ThrottlePercent, 0
3.515, BrakePercent, 7
3.515, FrontBrakePressure, 21
3.515, SteeringAngle, -102
3.515, BrakeWhileThrottle, 0
3.515, VCU_wheelSpeed_RL, 0.0
3.515, VCU_wheelSpeed_RR, 0.0
3.515, RLSpeedKPH, 0.0
3.515, RRSpeedKPH, 0.0
3.515, FLSpeedKPH, 0.0
3.515, FRSpeedKPH, 0.0
3.516, IVT_MsgID_RX, 0
3.516, IVT_MsgCount, 10
3.516, IVT_Result_state, 0
3.516, IVT_I, -0.026000000000000002
3.516, BMU_checkFailed, BSPD_FAILED
3.516, BMU_InterlockInitialized, 0
3.516, VoltageCellMuxSelect, 23
3.516, VoltageCell70, 3.9192
3.516, VoltageCell71, 3.8213000000000004
3.516, VoltageCell72, 3.8246
3.516, ThrottleAReading, 2223
3.516, ThrottleBReading, 2005
3.516, BrakeReading, 1419
3.516, ThrottleAPercent, 0.0
3.516, ThrottleBPercent, 0.0
3.516, TCTorqueMax, 3.392
3.516, TCLeftSlip, -0.999
3.516, TCRightSlip, -0.999
3.516, TCTorqueAdjustment, 0.0
3.56, AdjustedVoltageCellMuxSelect, 23
3.56, AdjustedVoltageCell70, 3.9148
3.56, AdjustedVoltageCell71, 3.8174
3.56, AdjustedVoltageCell72, 3.8201
3.56, ThrottleAReading, 2223
3.56, ThrottleBReading, 2005
3.56, BrakeReading, 1419
3.56, ThrottleAPercent, 0.0
3.56, ThrottleBPercent, 0.0
3.56, TempChannelMuxSelect, 23
3.56, TempChannel70, 27.799999999999997
3.56, TempChannel71, 27.120000000000005
3.56, TempChannel72, 27.33
3.56, ThrottlePercent, 0
3.56, BrakePercent, 7
3.56, FrontBrakePressure, 13
3.56, SteeringAngle, -102
3.56, BrakeWhileThrottle, 0
3.56, ThrottleAReading, 2223
3.56, ThrottleBReading, 2005
3.56, BrakeReading, 1419
3.56, ThrottleAPercent, 0.0
3.56, ThrottleBPercent, 0.0
3.56, VoltageBusHV, 54.730000000000004
3.56, VoltageCellMax, 4.0236
3.56, VoltageCellMin, 3.8160000000000003
3.56, CurrentBusHV, 0.0
3.56, AMS_PackVoltage, 539.87
3.56, ThrottleAReading, 2223
3.56, ThrottleBReading, 2005
3.56, BrakeReading, 1420
3.56, ThrottleAPercent, 0.0
3.56, ThrottleBPercent, 0.0
3.56, IVT_MsgID_RX, 1
3.56, IVT_MsgCount, 9
3.56, IVT_Result_state, 0
3.56, IVT_U1, 54.193
3.56, IVT_MsgID_RX, 2
3.56, IVT_MsgCount, 9
3.56, IVT_Result_state, 0
3.56, IVT_U2, 0.164
3.561, IVT_MsgID_RX, 3
3.561, IVT_MsgCount, 9
3.561, IVT_Result_state, 0
3.561, IVT_U3, 0.054
3.561, IVT_MsgID_RX, 5
3.561, IVT_MsgCount, 11
3.561, IVT_Result_state, 0
3.561, IVT_W, -1
3.561, ThrottleAReading, 2223
3.561, ThrottleBReading, 2005
3.561, BrakeReading, 1420
3.561, ThrottleAPercent, 0.0
3.561, ThrottleBPercent, 0.0
3.561, ThrottlePercent, 0
3.561, BrakePercent, 7
3.561, FrontBrakePressure, 11
3.561, SteeringAngle, -102
3.561, BrakeWhileThrottle, 0
3.561, IVT_MsgID_RX, 0
3.561, IVT_MsgCount, 11
3.561, IVT_Result_state, 0
3.561, IVT_I, -0.026000000000000002
3.561, IVT_MsgID_RX, 7
3.561, IVT_MsgCount, 2
3.561, IVT_Result_state, 0
3.561, IVT_Wh, 0
3.561, ThrottleAReading, 2223
3.561, ThrottleBReading, 2005
3.561, BrakeReading, 1420
3.561, ThrottleAPercent, 0.0
3.561, ThrottleBPercent, 0.0
3.561, ThrottleAReading, 2223
3.561, ThrottleBReading, 2005
3.561, BrakeReading, 1419
3.561, ThrottleAPercent, 0.0
3.561, ThrottleBPercent, 0.0
3.561, ThrottlePercent, 0
3.561, BrakePercent, 7
3.561, FrontBrakePressure, 19
3.561, SteeringAngle, -102
3.561, BrakeWhileThrottle, 0
3.561, ThrottleAReading, 2223
3.561, ThrottleBReading, 2005
3.561, BrakeReading, 1419
3.561, ThrottleAPercent, 0.0
3.561, ThrottleBPercent, 0.0
3.561, StateBatteryChargeHV, 98.80000000000001
3.561, StateBatteryHealthHV, 0.0
3.561, StateBatteryPowerHV, 111.60000000000001
3.561, TempCellMax, 28.25
3.561, TempCellMin, 24.5
3.561, StateBMS, Wait_System_Up
3.561, HighestTempThermistor, 162
3.561, VCU_wheelSpeed_RL, 0.0
3.561, VCU_wheelSpeed_RR, 0.0
3.561, ThrottleAReading, 2223
3.561, ThrottleBReading, 2005
3.561, BrakeReading, 1419
3.561, ThrottleAPercent, 0.0
3.561, ThrottleBPercent, 0.0
3.561, IVT_MsgID_RX, 5
3.561, IVT_MsgCount, 12
3.561, IVT_Result_state, 0
3.561, IVT_W, -1
3.562, RLSpeedKPH, 0.0
3.562, RRSpeedKPH, 0.0
3.562, FLSpeedKPH, 0.0
3.562, FRSpeedKPH, 0.0
3.562, IMD_R_iso_corrected, 64255
3.562, IMD_R_iso_status, 252
3.562, IMD_R_Measurement_Counter, 6
3.562, IMD_Faults, 512
3.562, IMD_Device_activity, 1
3.562, TCTorqueMax, 3.392
3.562, TCLeftSlip, -0.999
3.562, TCRightSlip, -0.999
3.562, TCTorqueAdjustment, 0.0
3.562, ThrottleAReading, 2223
3.562, ThrottleBReading, 2005
3.562, BrakeReading, 1419
3.562, ThrottleAPercent, 0.0
3.562, ThrottleBPercent, 0.0
3.562, ThrottlePercent, 0
3.562, BrakePercent, 7
3.562, FrontBrakePressure, 16
3.562, SteeringAngle, -102
3.562, BrakeWhileThrottle, 0
3.562, IVT_MsgID_RX, 0
3.562, IVT_MsgCount, 12
3.562, IVT_Result_state, 0
3.562, IVT_I, -0.023
3.562, ThrottleAReading, 2223
3.562, ThrottleBReading, 2005
3.562, BrakeReading, 1419
3.562, ThrottleAPercent, 0.0
3.562, ThrottleBPercent, 0.0
3.562, ThrottleAReading, 2223
3.562, ThrottleBReading, 2005
3.562, BrakeReading, 1419
3.562, ThrottleAPercent, 0.0
3.562, ThrottleBPercent, 0.0
3.562, ThrottlePercent, 0
3.562, BrakePercent, 7
3.562, FrontBrakePressure, 16
3.562, SteeringAngle, -102
3.562, BrakeWhileThrottle, 0
3.563, ThrottleAReading, 2223
3.563, ThrottleBReading, 2005
3.563, BrakeReading, 1419
3.563, ThrottleAPercent, 0.0
3.563, ThrottleBPercent, 0.0
3.563, VoltageCellMuxSelect, 24
3.563, VoltageCell73, 3.8243
3.563, VoltageCell74, 3.8247
3.563, VoltageCell75, 3.8241
3.563, IVT_MsgID_RX, 7
3.563, IVT_MsgCount, 3
3.563, IVT_Result_state, 0
3.563, IVT_Wh, 0
3.563, VoltageBusLV, 12.014000000000001
3.563, CurrentBusLV, 0.0
3.563, PowerBusLV, 0
3.61, ThrottleAReading, 2223
3.61, ThrottleBReading, 2005
3.61, BrakeReading, 1419
3.61, ThrottleAPercent, 0.0
3.61, ThrottleBPercent, 0.0
3.61, IVT_MsgID_RX, 5
3.61, IVT_MsgCount, 13
3.61, IVT_Result_state, 0
3.61, IVT_W, -1
3.611, AdjustedVoltageCellMuxSelect, 24
3.611, AdjustedVoltageCell73, 3.8202000000000003
3.611, AdjustedVoltageCell74, 3.8206
3.611, AdjustedVoltageCell75, 3.8200000000000003
3.611, ThrottleAReading, 2223
3.611, ThrottleBReading, 2005
3.611, BrakeReading, 1419
3.611, ThrottleAPercent, 0.0
3.611, ThrottleBPercent, 0.0
3.611, ThrottlePercent, 0
3.611, BrakePercent, 7
3.611, FrontBrakePressure, 19
3.611, SteeringAngle, -102
3.611, BrakeWhileThrottle, 0
3.611, IVT_MsgID_RX, 0
3.611, IVT_MsgCount, 13
3.611, IVT_Result_state, 0
3.611, IVT_I, -0.028
3.611, ThrottleAReading, 2223
3.611, ThrottleBReading, 2005
3.611, BrakeReading, 1419
3.611, ThrottleAPercent, 0.0
3.611, ThrottleBPercent, 0.0
3.611, ChannelCurrentRadiator, 0.214
3.611, ChannelCurrentAccFan, 0.228
3.611, ChannelCurrentPump1, 0.0
3.611, ChannelCurrentPump2, 0.214
3.611, ChannelCurrentAUX1, 0.0
3.611, ChannelCurrentAUX2, 0.201
3.611, ChannelCurrentAUX3, 0.0
3.611, ChannelCurrentAUX4, 0.161
3.611, ThrottleAReading, 2223
3.611, ThrottleBReading, 2005
3.611, BrakeReading, 1419
3.611, ThrottleAPercent, 0.0
3.611, ThrottleBPercent, 0.0
3.611, ChannelCurrentBrakeLight, 0.0
3.611, ChannelCurrentInverter, 0.0
3.611, ChannelCurrentBMU, 0.523
3.611, ChannelCurrentCDU, 0.456
3.611, ChannelCurrentTCU, 0.34900000000000003
3.611, ChannelCurrentWSB, 0.684
3.611, VCU_wheelSpeed_RL, 0.0
3.611, VCU_wheelSpeed_RR, 0.0
3.611, ThrottlePercent, 0
3.611, BrakePercent, 7
3.611, FrontBrakePressure, 16
3.611, SteeringAngle, -102
3.611, BrakeWhileThrottle, 0
3.611, ThrottleAReading, 2223
3.611, ThrottleBReading, 2005
3.611, BrakeReading, 1419
3.611, ThrottleAPercent, 0.0
3.611, ThrottleBPercent, 0.0
3.611, RLSpeedKPH, 0.0
3.611, RRSpeedKPH, 0.0
3.611, FLSpeedKPH, 0.0
3.611, FRSpeedKPH, 0.0
3.612, TCTorqueMax, 3.392
3.612, TCLeftSlip, -0.999
3.612, TCRightSlip, -0.999
3.612, TCTorqueAdjustment, 0.0
3.612, ThrottleAReading, 2223
3.612, ThrottleBReading, 2005
3.612, BrakeReading, 1419
3.612, ThrottleAPercent, 0.0
3.612, ThrottleBPercent, 0.0
3.612, IVT_MsgID_RX, 1
3.612, IVT_MsgCount, 10
3.612, IVT_Result_state, 0
3.612, IVT_U1, 54.528
3.612, IVT_MsgID_RX, 2
3.612, IVT_MsgCount, 10
3.612, IVT_Result_state, 0
3.612, IVT_U2, 0.355
3.612, IVT_MsgID_RX, 3
3.612, IVT_MsgCount, 10
3.612, IVT_Result_state, 0
3.612, IVT_U3, -0.01
3.612, IVT_MsgID_RX, 5
3.612, IVT_MsgCount, 14
3.612, IVT_Result_state, 0
3.612, IVT_W, -1
3.612, ThrottleAReading, 2223
3.612, ThrottleBReading, 2005
3.612, BrakeReading, 1419
3.612, ThrottleAPercent, 0.0
3.612, ThrottleBPercent, 0.0
3.612, ThrottlePercent, 0
3.612, BrakePercent, 7
3.612, FrontBrakePressure, 14
3.612, SteeringAngle, -102
3.612, BrakeWhileThrottle, 0
3.612, IVT_MsgID_RX, 0
3.612, IVT_MsgCount, 14
3.612, IVT_Result_state, 0
3.612, IVT_I, -0.026000000000000002
3.612, IVT_MsgID_RX, 7
3.612, IVT_MsgCount, 4
3.612, IVT_Result_state, 0
3.612, IVT_Wh, 0
3.612, ThrottleAReading, 2223
3.612, ThrottleBReading, 2005
3.612, BrakeReading, 1419
3.612, ThrottleAPercent, 0.0
3.612, ThrottleBPercent, 0.0
3.612, ThrottleAReading, 2223
3.612, ThrottleBReading, 2005
3.612, BrakeReading, 1419
3.612, ThrottleAPercent, 0.0
3.612, ThrottleBPercent, 0.0
3.612, ThrottlePercent, 0
3.612, BrakePercent, 7
3.612, FrontBrakePressure, 21
3.612, SteeringAngle, -102
3.612, BrakeWhileThrottle, 0
3.612, ThrottleAReading, 2223
3.612, ThrottleBReading, 2005
3.612, BrakeReading, 1419
3.612, ThrottleAPercent, 0.0
3.612, ThrottleBPercent, 0.0
3.612, ThrottleAReading, 2223
3.612, ThrottleBReading, 2005
3.612, BrakeReading, 1419
3.612, ThrottleAPercent, 0.0
3.612, ThrottleBPercent, 0.0
3.613, IVT_MsgID_RX, 5
3.613, IVT_MsgCount, 15
3.613, IVT_Result_state, 0
3.613, IVT_W, -1
3.613, ThrottleAReading, 2223
3.613, ThrottleBReading, 2005
3.613, BrakeReading, 1419
3.613, ThrottleAPercent, 0.0
3.613, ThrottleBPercent, 0.0
3.614, ThrottlePercent, 0
3.614, BrakePercent, 7
3.614, FrontBrakePressure, 13
3.614, SteeringAngle, -102
3.614, BrakeWhileThrottle, 0
3.614, IVT_MsgID_RX, 0
3.614, IVT_MsgCount, 15
3.614, IVT_Result_state, 0
3.614, IVT_I, -0.027
3.614, BMU_checkFailed, BSPD_FAILED
3.614, BMU_InterlockInitialized, 0
3.614, VoltageCellMuxSelect, 25
3.614, VoltageCell76, 3.8236000000000003
3.614, VoltageCell77, 3.8206
3.614, VoltageCell78, 3.9272
3.614, ThrottleAReading, 2223
3.614, ThrottleBReading, 2005
3.614, BrakeReading, 1419
3.614, ThrottleAPercent, 0.0
3.614, ThrottleBPercent, 0.0
3.614, VCU_wheelSpeed_RL, 0.0
3.614, VCU_wheelSpeed_RR, 0.0
3.66, RLSpeedKPH, 0.0
3.66, RRSpeedKPH, 0.0
3.66, FLSpeedKPH, 0.0
3.66, FRSpeedKPH, 0.0
3.66, ThrottleAReading, 2223
3.66, ThrottleBReading, 2005
3.66, BrakeReading, 1420
3.66, ThrottleAPercent, 0.0
3.66, ThrottleBPercent, 0.0
3.66, AdjustedVoltageCellMuxSelect, 25
3.66, AdjustedVoltageCell76, 3.8194000000000004
3.66, AdjustedVoltageCell77, 3.8169000000000004
3.66, AdjustedVoltageCell78, 3.9225000000000003
3.66, TCTorqueMax, 3.392
3.66, TCLeftSlip, -0.999
3.66, TCRightSlip, -0.999
3.66, TCTorqueAdjustment, 0.0
3.66, ThrottlePercent, 0
3.66, BrakePercent, 7
3.66, FrontBrakePressure, 14
3.66, SteeringAngle, -102
3.66, BrakeWhileThrottle, 0
3.66, TempChannelMuxSelect, 25
3.66, TempChannel76, 27.28
3.66, TempChannel77, 27.200000000000003
3.66, TempChannel78, 27.400000000000006
3.66, ThrottleAReading, 2223
3.66, ThrottleBReading, 2005
3.66, BrakeReading, 1420
3.66, ThrottleAPercent, 0.0
3.66, ThrottleBPercent, 0.0
3.661, IVT_MsgID_RX, 7
3.661, IVT_MsgCount, 5
3.661, IVT_Result_state, 0
3.661, IVT_Wh, 0
3.661, VoltageBusHV, 54.52
3.661, VoltageCellMax, 4.0274
3.661, VoltageCellMin, 3.8164000000000002
3.661, CurrentBusHV, 0.0
3.661, IVT_MsgID_RX, 5
3.661, IVT_MsgCount, 0
3.661, IVT_Result_state, 0
3.661, IVT_W, -1
3.661, ThrottleAReading, 2223
3.661, ThrottleBReading, 2005
3.661, BrakeReading, 1420
3.661, ThrottleAPercent, 0.0
3.661, ThrottleBPercent, 0.0
3.661, AMS_PackVoltage, 539.92
3.661, ThrottleAReading, 2223
3.661, ThrottleBReading, 2005
3.661, BrakeReading, 1419
3.661, ThrottleAPercent, 0.0
3.661, ThrottleBPercent, 0.0
3.661, ThrottlePercent, 0
3.661, BrakePercent, 7
3.661, FrontBrakePressure, 17
3.661, SteeringAngle, -102
3.661, BrakeWhileThrottle, 0
3.661, IVT_MsgID_RX, 0
3.661, IVT_MsgCount, 0
3.661, IVT_Result_state, 0
3.661, IVT_I, -0.023
3.661, ThrottleAReading, 2223
3.661, ThrottleBReading, 2005
3.661, BrakeReading, 1419
3.661, ThrottleAPercent, 0.0
3.661, ThrottleBPercent, 0.0
3.661, ThrottleAReading, 2223
3.661, ThrottleBReading, 2005
3.661, BrakeReading, 1420
3.661, ThrottleAPercent, 0.0
3.661, ThrottleBPercent, 0.0
3.661, ThrottlePercent, 0
3.661, BrakePercent, 7
3.661, FrontBrakePressure, 19
3.661, SteeringAngle, -102
3.661, BrakeWhileThrottle, 0
3.661, ThrottleAReading, 2223
3.661, ThrottleBReading, 2005
3.661, BrakeReading, 1420
3.661, ThrottleAPercent, 0.0
3.661, ThrottleBPercent, 0.0
3.661, ThrottleAReading, 2223
3.661, ThrottleBReading, 2005
3.661, BrakeReading, 1420
3.661, ThrottleAPercent, 0.0
3.661, ThrottleBPercent, 0.0
3.661, IVT_MsgID_RX, 1
3.661, IVT_MsgCount, 11
3.661, IVT_Result_state, 0
3.661, IVT_U1, 54.139
3.662, IVT_MsgID_RX, 2
3.662, IVT_MsgCount, 11
3.662, IVT_Result_state, 0
3.662, IVT_U2, 0.23600000000000002
3.662, IVT_MsgID_RX, 3
3.662, IVT_MsgCount, 11
3.662, IVT_Result_state, 0
3.662, IVT_U3, 0.01
3.662, IVT_MsgID_RX, 5
3.662, IVT_MsgCount, 1
3.662, IVT_Result_state, 0
3.662, IVT_W, -1
3.662, IMD_R_iso_corrected, 64255
3.662, IMD_R_iso_status, 252
3.662, IMD_R_Measurement_Counter, 7
3.662, IMD_Faults, 0
3.662, IMD_Device_activity, 1
3.662, ThrottleAReading, 2223
3.662, ThrottleBReading, 2005
3.662, BrakeReading, 1419
3.662, ThrottleAPercent, 0.0
3.662, ThrottleBPercent, 0.0
3.662, ThrottlePercent, 0
3.662, BrakePercent, 7
3.662, FrontBrakePressure, 13
3.662, SteeringAngle, -102
3.662, BrakeWhileThrottle, 0
3.662, VCU_wheelSpeed_RL, 0.0
3.662, VCU_wheelSpeed_RR, 0.0
3.662, IVT_MsgID_RX, 0
3.662, IVT_MsgCount, 1
3.662, IVT_Result_state, 0
3.662, IVT_I, -0.022
3.662, RLSpeedKPH, 0.0
3.662, RRSpeedKPH, 0.0
3.662, FLSpeedKPH, 0.0
3.662, FRSpeedKPH, 0.0
3.662, IVT_MsgID_RX, 7
3.662, IVT_MsgCount, 6
3.662, IVT_Result_state, 0
3.662, IVT_Wh, 0
3.662, ThrottleAReading, 2223
3.662, ThrottleBReading, 2005
3.662, BrakeReading, 1419
3.662, ThrottleAPercent, 0.0
3.662, ThrottleBPercent, 0.0
3.663, TCTorqueMax, 3.392
3.663, TCLeftSlip, -0.999
3.663, TCRightSlip, -0.999
3.663, TCTorqueAdjustment, 0.0
3.663, ThrottleAReading, 2223
3.663, ThrottleBReading, 2005
3.663, BrakeReading, 1419
3.663, ThrottleAPercent, 0.0
3.663, ThrottleBPercent, 0.0
3.663, StateBatteryChargeHV, 98.80000000000001
3.663, StateBatteryHealthHV, 0.0
3.663, StateBatteryPowerHV, 111.60000000000001
3.663, TempCellMax, 28.25
3.663, TempCellMin, 24.5
3.663, StateBMS, Wait_System_Up
3.663, HighestTempThermistor, 162
3.663, ThrottlePercent, 0
3.663, BrakePercent, 7
3.663, FrontBrakePressure, 19
3.663, SteeringAngle, -102
3.663, BrakeWhileThrottle, 0
3.664, ThrottleAReading, 2223
3.664, ThrottleBReading, 2005
3.664, BrakeReading, 1419
3.664, ThrottleAPercent, 0.0
3.664, ThrottleBPercent, 0.0
3.664, VoltageCellMuxSelect, 26
3.664, VoltageCell79, 3.9147000000000003
3.664, VoltageCell80, 3.9188
3.664, VoltageCell81, 3.8252
3.664, IVT_MsgID_RX, 5
3.664, IVT_MsgCount, 2
3.664, IVT_Result_state, 0
3.664, IVT_W, -1
3.71, AdjustedVoltageCellMuxSelect, 26
3.71, AdjustedVoltageCell79, 3.9105000000000003
3.71, AdjustedVoltageCell80, 3.9145000000000003
3.71, AdjustedVoltageCell81, 3.8215000000000003
3.71, ThrottleAReading, 2223
3.71, ThrottleBReading, 2005
3.71, BrakeReading, 1419
3.71, ThrottleAPercent, 0.0
3.71, ThrottleBPercent, 0.0
3.71, ThrottleAReading, 2223
3.71, ThrottleBReading, 2005
3.71, BrakeReading, 1419
3.71, ThrottleAPercent, 0.0
3.71, ThrottleBPercent, 0.0
3.71, ThrottlePercent, 0
3.71, BrakePercent, 7
3.71, FrontBrakePressure, 16
3.71, SteeringAngle, -102
3.71, BrakeWhileThrottle, 0
3.71, TempChannelMuxSelect, 26
3.71, TempChannel79, 27.409999999999997
3.71, TempChannel80, 27.260000000000005
3.71, TempChannel81, 27.370000000000005
3.71, IVT_MsgID_RX, 0
3.71, IVT_MsgCount, 2
3.71, IVT_Result_state, 0
3.71, IVT_I, -0.021
3.71, ThrottleAReading, 2222
3.71, ThrottleBReading, 2005
3.71, BrakeReading, 1419
3.71, ThrottleAPercent, 0.0
3.71, ThrottleBPercent, 0.0
3.71, ChannelCurrentRadiator, 0.214
3.71, ChannelCurrentAccFan, 0.228
3.71, ChannelCurrentPump1, 0.0
3.71, ChannelCurrentPump2, 0.214
3.71, ChannelCurrentAUX1, 0.0
3.71, ChannelCurrentAUX2, 0.214
3.71, ChannelCurrentAUX3, 0.0
3.71, ChannelCurrentAUX4, 0.201
3.71, ThrottleAReading, 2222
3.71, ThrottleBReading, 2005
3.71, BrakeReading, 1419
3.71, ThrottleAPercent, 0.0
3.71, ThrottleBPercent, 0.0
3.71, ChannelCurrentBrakeLight, 0.0
3.71, ChannelCurrentInverter, 0.0
3.71, ChannelCurrentBMU, 0.483
3.71, ChannelCurrentCDU, 0.456
3.71, ChannelCurrentTCU, 0.362
3.71, ChannelCurrentWSB, 0.671
3.711, ThrottlePercent, 0
3.711, BrakePercent, 7
3.711, FrontBrakePressure, 21
3.711, SteeringAngle, -102
3.711, BrakeWhileThrottle, 0
3.711, IVT_MsgID_RX, 7
3.711, IVT_MsgCount, 7
3.711, IVT_Result_state, 0
3.711, IVT_Wh, 0
3.711, ThrottleAReading, 2222
3.711, ThrottleBReading, 2005
3.711, BrakeReading, 1419
3.711, ThrottleAPercent, 0.0
3.711, ThrottleBPercent, 0.0
3.711, IVT_MsgID_RX, 5
3.711, IVT_MsgCount, 3
3.711, IVT_Result_state, 0
3.711, IVT_W, -1
3.711, VCU_wheelSpeed_RL, 0.0
3.711, VCU_wheelSpeed_RR, 0.0
3.711, ThrottleAReading, 2222
3.711, ThrottleBReading, 2005
3.711, BrakeReading, 1419
3.711, ThrottleAPercent, 0.0
3.711, ThrottleBPercent, 0.0
3.711, RLSpeedKPH, 0.0
3.711, RRSpeedKPH, 0.0
3.711, FLSpeedKPH, 0.0
3.711, FRSpeedKPH, 0.0
3.711, TCTorqueMax, 3.392
3.711, TCLeftSlip, -0.999
3.711, TCRightSlip, -0.999
3.711, TCTorqueAdjustment, 0.0
3.711, ThrottleAReading, 2223
3.711, ThrottleBReading, 2005
3.711, BrakeReading, 1420
3.711, ThrottleAPercent, 0.0
3.711, ThrottleBPercent, 0.0
3.711, ThrottlePercent, 0
3.711, BrakePercent, 7
3.711, FrontBrakePressure, 21
3.711, SteeringAngle, -102
3.711, BrakeWhileThrottle, 0
3.711, IVT_MsgID_RX, 0
3.711, IVT_MsgCount, 3
3.711, IVT_Result_state, 0
3.711, IVT_I, -0.024
3.711, ThrottleAReading, 2223
3.711, ThrottleBReading, 2005
3.711, BrakeReading, 1420
3.711, ThrottleAPercent, 0.0
3.711, ThrottleBPercent, 0.0
3.711, ThrottleAReading, 2223
3.711, ThrottleBReading, 2005
3.711, BrakeReading, 1419
3.711, ThrottleAPercent, 0.0
3.711, ThrottleBPercent, 0.0
3.711, ThrottlePercent, 0
3.711, BrakePercent, 7
3.711, FrontBrakePressure, 19
3.711, SteeringAngle, -102
3.711, BrakeWhileThrottle, 0
3.712, ThrottleAReading, 2223
3.712, ThrottleBReading, 2005
3.712, BrakeReading, 1419
3.712, ThrottleAPercent, 0.0
3.712, ThrottleBPercent, 0.0
3.712, IVT_MsgID_RX, 1
3.712, IVT_MsgCount, 12
3.712, IVT_Result_state, 0
3.712, IVT_U1, 53.467
3.712, IVT_MsgID_RX, 2
3.712, IVT_MsgCount, 12
3.712, IVT_Result_state, 0
3.712, IVT_U2, 0.322
3.712, ThrottleAReading, 2223
3.712, ThrottleBReading, 2005
3.712, BrakeReading, 1419
3.712, ThrottleAPercent, 0.0
3.712, ThrottleBPercent, 0.0
3.713, IVT_MsgID_RX, 3
3.713, IVT_MsgCount, 12
3.713, IVT_Result_state, 0
3.713, IVT_U3, 0.054
3.713, IVT_MsgID_RX, 5
3.713, IVT_MsgCount, 4
3.713, IVT_Result_state, 0
3.713, IVT_W, -1
3.713, ThrottleAReading, 2223
3.713, ThrottleBReading, 2005
3.713, BrakeReading, 1420
3.713, ThrottleAPercent, 0.0
3.713, ThrottleBPercent, 0.0
3.713, ThrottlePercent, 0
3.713, BrakePercent, 7
3.713, FrontBrakePressure, 13
3.713, SteeringAngle, -102
3.713, BrakeWhileThrottle, 0
3.713, IVT_MsgID_RX, 0
3.713, IVT_MsgCount, 4
3.713, IVT_Result_state, 0
3.713, IVT_I, -0.027
3.713, IVT_MsgID_RX, 7
3.713, IVT_MsgCount, 8
3.713, IVT_Result_state, 0
3.713, IVT_Wh, 0
3.713, BMU_checkFailed, BSPD_FAILED
3.713, BMU_InterlockInitialized, 0
3.713, VoltageCellMuxSelect, 27
3.713, VoltageCell82, 3.8274000000000004
3.713, VoltageCell83, 3.8279
3.713, VoltageCell84, 3.8276000000000003
3.713, ThrottleAReading, 2223
3.713, ThrottleBReading, 2005
3.713, BrakeReading, 1420
3.713, ThrottleAPercent, 0.0
3.713, ThrottleBPercent, 0.0
3.76, ThrottleAReading, 2223
3.76, ThrottleBReading, 2005
3.76, BrakeReading, 1419
3.76, ThrottleAPercent, 0.0
3.76, ThrottleBPercent, 0.0
3.76, AdjustedVoltageCellMuxSelect, 27
3.76, AdjustedVoltageCell82, 3.8234000000000004
3.76, AdjustedVoltageCell83, 3.8239
3.76, AdjustedVoltageCell84, 3.8235
3.791, VCU_wheelSpeed_RL, 0.0
3.791, VCU_wheelSpeed_RR, 0.0
3.791, ThrottlePercent, 0
3.791, BrakePercent, 7
3.791, FrontBrakePressure, 21
3.791, SteeringAngle, -102
3.791, BrakeWhileThrottle, 0
3.791, TempChannelMuxSelect, 27
3.791, TempChannel82, 26.89
3.791, TempChannel83, 27.040000000000006
3.791, TempChannel84, 26.72
3.791, ThrottleAReading, 2223
3.791, ThrottleBReading, 2005
3.791, BrakeReading, 1419
3.791, ThrottleAPercent, 0.0
3.791, ThrottleBPercent, 0.0
3.791, RLSpeedKPH, 0.0
3.791, RRSpeedKPH, 0.0
3.791, FLSpeedKPH, 0.0
3.791, FRSpeedKPH, 0.0
3.791, TCTorqueMax, 3.392
3.791, TCLeftSlip, -0.999
3.791, TCRightSlip, -0.999
3.791, TCTorqueAdjustment, 0.0
3.791, IVT_MsgID_RX, 5
3.791, IVT_MsgCount, 5
3.791, IVT_Result_state, 0
3.791, IVT_W, -1
3.791, ThrottleAReading, 2223
3.791, ThrottleBReading, 2005
3.791, BrakeReading, 1419
3.791, ThrottleAPercent, 0.0
3.791, ThrottleBPercent, 0.0
3.791, VoltageBusHV, 53.46
3.791, VoltageCellMax, 4.027
3.791, VoltageCellMin, 3.8168
3.791, CurrentBusHV, 0.0
3.791, IVT_MsgID_RX, 0
3.791, IVT_MsgCount, 5
3.791, IVT_Result_state, 0
3.791, IVT_I, -0.027
3.791, ThrottleAReading, 2223
3.791, ThrottleBReading, 2005
3.791, BrakeReading, 1419
3.791, ThrottleAPercent, 0.0
3.791, ThrottleBPercent, 0.0
3.791, ThrottlePercent, 0
3.791, BrakePercent, 7
3.791, FrontBrakePressure, 16
3.791, SteeringAngle, -102
3.791, BrakeWhileThrottle, 0
3.791, AMS_PackVoltage, 539.98
3.791, ThrottleAReading, 2223
3.791, ThrottleBReading, 2005
3.791, BrakeReading, 1419
3.791, ThrottleAPercent, 0.0
3.791, ThrottleBPercent, 0.0
3.792, ThrottleAReading, 2223
3.792, ThrottleBReading, 2005
3.792, BrakeReading, 1419
3.792, ThrottleAPercent, 0.0
3.792, ThrottleBPercent, 0.0
3.792, ThrottlePercent, 0
3.792, BrakePercent, 7
3.792, FrontBrakePressure, 19
3.792, SteeringAngle, -102
3.792, BrakeWhileThrottle, 0
3.792, IVT_MsgID_RX, 7
3.792, IVT_MsgCount, 9
3.792, IVT_Result_state, 0
3.792, IVT_Wh, 0
3.792, ThrottleAReading, 2223
3.792, ThrottleBReading, 2005
3.792, BrakeReading, 1419
3.792, ThrottleAPercent, 0.0
3.792, ThrottleBPercent, 0.0
3.792, IVT_MsgID_RX, 5
3.792, IVT_MsgCount, 6
3.792, IVT_Result_state, 0
3.792, IVT_W, -1
3.792, ThrottleAReading, 2223
3.792, ThrottleBReading, 2005
3.792, BrakeReading, 1419
3.792, ThrottleAPercent, 0.0
3.792, ThrottleBPercent, 0.0
3.792, IMD_R_iso_corrected, 64255
3.792, IMD_R_iso_status, 252
3.792, IMD_R_Measurement_Counter, 7
3.792, IMD_Faults, 0
3.792, IMD_Device_activity, 1
3.792, IVT_MsgID_RX, 0
3.792, IVT_MsgCount, 6
3.792, IVT_Result_state, 0
3.792, IVT_I, -0.025
3.792, ThrottleAReading, 2223
3.792, ThrottleBReading, 2005
3.792, BrakeReading, 1420
3.792, ThrottleAPercent, 0.0
3.792, ThrottleBPercent, 0.0
3.792, ThrottlePercent, 0
3.792, BrakePercent, 7
3.792, FrontBrakePressure, 19
3.792, SteeringAngle, -102
3.792, BrakeWhileThrottle, 0
3.792, ThrottleAReading, 2223
3.792, ThrottleBReading, 2005
3.792, BrakeReading, 1420
3.792, ThrottleAPercent, 0.0
3.792, ThrottleBPercent, 0.0
3.792, VCU_wheelSpeed_RL, 0.0
3.792, VCU_wheelSpeed_RR, 0.0
3.792, RLSpeedKPH, 0.0
3.792, RRSpeedKPH, 0.0
3.792, FLSpeedKPH, 0.0
3.792, FRSpeedKPH, 0.0
3.793, ThrottleAReading, 2223
3.793, ThrottleBReading, 2005
3.793, BrakeReading, 1419
3.793, ThrottleAPercent, 0.0
3.793, ThrottleBPercent, 0.0
3.793, TCTorqueMax, 3.392
3.793, TCLeftSlip, -0.999
3.793, TCRightSlip, -0.999
3.793, TCTorqueAdjustment, 0.0
3.794, ThrottlePercent, 0
3.794, BrakePercent, 7
3.794, FrontBrakePressure, 12
3.794, SteeringAngle, -102
3.794, BrakeWhileThrottle, 0
3.794, ThrottleAReading, 2223
3.794, ThrottleBReading, 2005
3.794, BrakeReading, 1419
3.794, ThrottleAPercent, 0.0
3.794, ThrottleBPercent, 0.0
3.794, IVT_MsgID_RX, 1
3.794, IVT_MsgCount, 13
3.794, IVT_Result_state, 0
3.794, IVT_U1, 53.579
3.794, IVT_MsgID_RX, 2
3.794, IVT_MsgCount, 13
3.794, IVT_Result_state, 0
3.794, IVT_U2, 0.315
3.81, IVT_MsgID_RX, 3
3.81, IVT_MsgCount, 13
3.81, IVT_Result_state, 0
3.81, IVT_U3, 0.027
3.81, IVT_MsgID_RX, 5
3.81, IVT_MsgCount, 7
3.81, IVT_Result_state, 0
3.81, IVT_W, -1
3.81, ThrottleAReading, 2223
3.81, ThrottleBReading, 2005
3.81, BrakeReading, 1419
3.81, ThrottleAPercent, 0.0
3.81, ThrottleBPercent, 0.0
3.81, IVT_MsgID_RX, 0
3.81, IVT_MsgCount, 7
3.81, IVT_Result_state, 0
3.81, IVT_I, -0.025
3.81, ThrottleAReading, 2223
3.81, ThrottleBReading, 2005
3.81, BrakeReading, 1419
3.81, ThrottleAPercent, 0.0
3.81, ThrottleBPercent, 0.0
3.81, ThrottlePercent, 0
3.81, BrakePercent, 7
3.81, FrontBrakePressure, 14
3.81, SteeringAngle, -102
3.81, BrakeWhileThrottle, 0
3.81, IVT_MsgID_RX, 7
3.81, IVT_MsgCount, 10
3.81, IVT_Result_state, 0
3.81, IVT_Wh, 0
3.81, ThrottleAReading, 2223
3.81, ThrottleBReading, 2005
3.81, BrakeReading, 1419
3.81, ThrottleAPercent, 0.0
3.81, ThrottleBPercent, 0.0
3.81, StateBatteryChargeHV, 98.80000000000001
3.81, StateBatteryHealthHV, 0.0
3.81, StateBatteryPowerHV, 111.60000000000001
3.81, TempCellMax, 28.25
3.81, TempCellMin, 24.5
3.81, StateBMS, Wait_System_Up
3.81, HighestTempThermistor, 162
3.81, VoltageCellMuxSelect, 28
3.81, VoltageCell85, 3.8283
3.81, VoltageCell86, 3.8293000000000004
3.81, VoltageCell87, 3.8259000000000003
3.81, ChannelCurrentRadiator, 0.214
3.81, ChannelCurrentAccFan, 0.187
3.81, ChannelCurrentPump1, 0.0
3.81, ChannelCurrentPump2, 0.201
3.811, ChannelCurrentAUX1, 0.0
3.811, ChannelCurrentAUX2, 0.214
3.811, ChannelCurrentAUX3, 0.0
3.811, ChannelCurrentAUX4, 0.17400000000000002
3.811, ThrottleAReading, 2223
3.811, ThrottleBReading, 2005
3.811, BrakeReading, 1419
3.811, ThrottleAPercent, 0.0
3.811, ThrottleBPercent, 0.0
3.811, ChannelCurrentBrakeLight, 0.0
3.811, ChannelCurrentInverter, 0.0
3.811, ChannelCurrentBMU, 0.55
3.811, ChannelCurrentCDU, 0.41600000000000004
3.811, ChannelCurrentTCU, 0.34900000000000003
3.811, ChannelCurrentWSB, 0.711
3.811, TempChannelMuxSelect, 28
3.811, TempChannel85, 26.85000000000001
3.811, TempChannel86, 26.85000000000001
3.811, TempChannel87, 27.08
3.811, ThrottlePercent, 0
3.811, BrakePercent, 7
3.811, FrontBrakePressure, 19
3.811, SteeringAngle, -102
3.811, BrakeWhileThrottle, 0
3.811, ThrottleAReading, 2223
3.811, ThrottleBReading, 2005
3.811, BrakeReading, 1419
3.811, ThrottleAPercent, 0.0
3.811, ThrottleBPercent, 0.0
3.811, IVT_MsgID_RX, 5
3.811, IVT_MsgCount, 8
3.811, IVT_Result_state, 0
3.811, IVT_W, -1
3.811, ThrottleAReading, 2223
3.811, ThrottleBReading, 2005
3.811, BrakeReading, 1419
3.811, ThrottleAPercent, 0.0
3.811, ThrottleBPercent, 0.0
3.811, IVT_MsgID_RX, 0
3.811, IVT_MsgCount, 8
3.811, IVT_Result_state, 0
3.811, IVT_I, -0.024
3.811, ThrottleAReading, 2223
3.811, ThrottleBReading, 2005
3.811, BrakeReading, 1419
3.811, ThrottleAPercent, 0.0
3.811, ThrottleBPercent, 0.0
3.811, ThrottlePercent, 0
3.811, BrakePercent, 7
3.811, FrontBrakePressure, 15
3.811, SteeringAngle, -102
3.811, BrakeWhileThrottle, 0
3.811, VCU_wheelSpeed_RL, 0.0
3.811, VCU_wheelSpeed_RR, 0.0
3.811, RLSpeedKPH, 0.0
3.811, RRSpeedKPH, 0.0
3.811, FLSpeedKPH, 0.0
3.811, FRSpeedKPH, 0.0
3.812, ThrottleAReading, 2223
3.812, ThrottleBReading, 2005
3.812, BrakeReading, 1419
3.812, ThrottleAPercent, 0.0
3.812, ThrottleBPercent, 0.0
3.812, TCTorqueMax, 3.392
3.812, TCLeftSlip, -0.999
3.812, TCRightSlip, -0.999
3.812, TCTorqueAdjustment, 0.0
3.812, ThrottleAReading, 2223
3.812, ThrottleBReading, 2005
3.812, BrakeReading, 1419
3.812, ThrottleAPercent, 0.0
3.812, ThrottleBPercent, 0.0
3.813, IVT_MsgID_RX, 7
3.813, IVT_MsgCount, 11
3.813, IVT_Result_state, 0
3.813, IVT_Wh, 0
3.813, ThrottlePercent, 0
3.813, BrakePercent, 7
3.813, FrontBrakePressure, 21
3.813, SteeringAngle, -102
3.813, BrakeWhileThrottle, 0
3.813, ThrottleAReading, 2223
3.813, ThrottleBReading, 2005
3.813, BrakeReading, 1419
3.813, ThrottleAPercent, 0.0
3.813, ThrottleBPercent, 0.0
3.813, IVT_MsgID_RX, 5
3.813, IVT_MsgCount, 9
3.813, IVT_Result_state, 0
3.813, IVT_W, -1
3.813, ThrottleAReading, 2222
3.813, ThrottleBReading, 2005
3.813, BrakeReading, 1419
3.813, ThrottleAPercent, 0.0
3.813, ThrottleBPercent, 0.0
3.813, IVT_MsgID_RX, 0
3.813, IVT_MsgCount, 9
3.813, IVT_Result_state, 0
3.813, IVT_I, -0.022
3.813, ThrottleAReading, 2223
3.813, ThrottleBReading, 2005
3.813, BrakeReading, 1419
3.813, ThrottleAPercent, 0.0
3.813, ThrottleBPercent, 0.0
3.813, ThrottlePercent, 0
3.813, BrakePercent, 7
3.813, FrontBrakePressure, 21
3.813, SteeringAngle, -102
3.813, BrakeWhileThrottle, 0
3.813, ThrottleAReading, 2223
3.813, ThrottleBReading, 2005
3.813, BrakeReading, 1419
3.813, ThrottleAPercent, 0.0
3.813, ThrottleBPercent, 0.0
3.86, BMU_checkFailed, BSPD_FAILED
3.86, BMU_InterlockInitialized, 0
3.86, VoltageCellMuxSelect, 29
3.86, VoltageCell88, 3.9302
3.86, VoltageCell89, 3.9186
3.86, VoltageCell90, 3.9226
3.86, AdjustedVoltageCellMuxSelect, 29
3.86, AdjustedVoltageCell88, 3.9257
3.86, AdjustedVoltageCell89, 3.9145000000000003
3.86, AdjustedVoltageCell90, 3.9184
3.861, ThrottleAReading, 2223
3.861, ThrottleBReading, 2005
3.861, BrakeReading, 1419
3.861, ThrottleAPercent, 0.0
3.861, ThrottleBPercent, 0.0
3.861, ThrottlePercent, 0
3.861, BrakePercent, 7
3.861, FrontBrakePressure, 20
3.861, SteeringAngle, -102
3.861, BrakeWhileThrottle, 0
3.861, TempChannelMuxSelect, 29
3.861, TempChannel88, 24.519999999999996
3.861, TempChannel89, 26.510000000000005
3.861, TempChannel90, 27.060000000000002
3.861, ThrottleAReading, 2223
3.861, ThrottleBReading, 2005
3.861, BrakeReading, 1419
3.861, ThrottleAPercent, 0.0
3.861, ThrottleBPercent, 0.0
3.861, IVT_MsgID_RX, 1
3.861, IVT_MsgCount, 14
3.861, IVT_Result_state, 0
3.861, IVT_U1, 53.613
3.861, IVT_MsgID_RX, 2
3.861, IVT_MsgCount, 14
3.861, IVT_Result_state, 0
3.861, IVT_U2, 0.151
3.861, IVT_MsgID_RX, 3
3.861, IVT_MsgCount, 14
3.861, IVT_Result_state, 0
3.861, IVT_U3, 0.07200000000000001
3.861, IVT_MsgID_RX, 5
3.861, IVT_MsgCount, 10
3.861, IVT_Result_state, 0
3.861, IVT_W, -1
3.861, VCU_wheelSpeed_RL, 0.0
3.861, VCU_wheelSpeed_RR, 0.0
3.861, ThrottleAReading, 2223
3.861, ThrottleBReading, 2004
3.861, BrakeReading, 1419
3.861, ThrottleAPercent, 0.0
3.861, ThrottleBPercent, 0.0
3.861, RLSpeedKPH, 0.0
3.861, RRSpeedKPH, 0.0
3.861, FLSpeedKPH, 0.0
3.861, FRSpeedKPH, 0.0
3.861, IVT_MsgID_RX, 0
3.861, IVT_MsgCount, 10
3.861, IVT_Result_state, 0
3.861, IVT_I, -0.022
3.861, TCTorqueMax, 3.392
3.861, TCLeftSlip, -0.999
3.861, TCRightSlip, -0.999
3.861, TCTorqueAdjustment, 0.0
3.861, IVT_MsgID_RX, 7
3.861, IVT_MsgCount, 12
3.861, IVT_Result_state, 0
3.861, IVT_Wh, 0
3.861, ThrottleAReading, 2223
3.861, ThrottleBReading, 2004
3.861, BrakeReading, 1419
3.861, ThrottleAPercent, 0.0
3.861, ThrottleBPercent, 0.0
3.862, ThrottlePercent, 0
3.862, BrakePercent, 7
3.862, FrontBrakePressure, 13
3.862, SteeringAngle, -102
3.862, BrakeWhileThrottle, 0
3.862, VoltageBusHV, 53.61
3.862, VoltageCellMax, 4.0274
3.862, VoltageCellMin, 3.8172
3.862, CurrentBusHV, 0.0
3.862, ThrottleAReading, 2223
3.862, ThrottleBReading, 2004
3.862, BrakeReading, 1419
3.862, ThrottleAPercent, 0.0
3.862, ThrottleBPercent, 0.0
3.862, AMS_PackVoltage, 540.04
3.862, ThrottleAReading, 2223
3.862, ThrottleBReading, 2004
3.862, BrakeReading, 1419
3.862, ThrottleAPercent, 0.0
3.862, ThrottleBPercent, 0.0
3.862, ThrottlePercent, 0
3.862, BrakePercent, 7
3.862, FrontBrakePressure, 20
3.862, SteeringAngle, -102
3.862, BrakeWhileThrottle, 0
3.862, ThrottleAReading, 2223
3.862, ThrottleBReading, 2004
3.862, BrakeReading, 1420
3.862, ThrottleAPercent, 0.0
3.862, ThrottleBPercent, 0.0
3.862, IVT_MsgID_RX, 5
3.862, IVT_MsgCount, 11
3.862, IVT_Result_state, 0
3.862, IVT_W, -1
3.862, ThrottleAReading, 2223
3.862, ThrottleBReading, 2004
3.862, BrakeReading, 1420
3.862, ThrottleAPercent, 0.0
3.862, ThrottleBPercent, 0.0
3.862, IMD_R_iso_corrected, 64255
3.862, IMD_R_iso_status, 252
3.862, IMD_R_Measurement_Counter, 8
3.862, IMD_Faults, 0
3.862, IMD_Device_activity, 1
3.863, IVT_MsgID_RX, 0
3.863, IVT_MsgCount, 11
3.863, IVT_Result_state, 0
3.863, IVT_I, -0.025
3.863, ThrottleAReading, 2223
3.863, ThrottleBReading, 2004
3.863, BrakeReading, 1419
3.863, ThrottleAPercent, 0.0
3.863, ThrottleBPercent, 0.0
3.863, ThrottlePercent, 0
3.863, BrakePercent, 7
3.863, FrontBrakePressure, 16
3.863, SteeringAngle, -102
3.863, BrakeWhileThrottle, 0
3.863, ThrottleAReading, 2223
3.863, ThrottleBReading, 2004
3.863, BrakeReading, 1419
3.863, ThrottleAPercent, 0.0
3.863, ThrottleBPercent, 0.0
3.867, ThrottleAReading, 2223
3.867, ThrottleBReading, 2005
3.867, BrakeReading, 1419
3.867, ThrottleAPercent, 0.0
3.867, ThrottleBPercent, 0.0
3.867, IVT_MsgID_RX, 7
3.867, IVT_MsgCount, 13
3.867, IVT_Result_state, 0
3.867, IVT_Wh, 0
3.867, VCU_wheelSpeed_RL, 0.0
3.867, VCU_wheelSpeed_RR, 0.0
3.867, ThrottlePercent, 0
3.867, BrakePercent, 7
3.867, FrontBrakePressure, 13
3.867, SteeringAngle, -102
3.867, BrakeWhileThrottle, 0
3.867, ThrottleAReading, 2223
3.867, ThrottleBReading, 2005
3.867, BrakeReading, 1419
3.867, ThrottleAPercent, 0.0
3.867, ThrottleBPercent, 0.0
3.867, RLSpeedKPH, 0.0
3.867, RRSpeedKPH, 0.0
3.867, FLSpeedKPH, 0.0
3.867, FRSpeedKPH, 0.0
3.867, IVT_MsgID_RX, 5
3.867, IVT_MsgCount, 12
3.867, IVT_Result_state, 0
3.867, IVT_W, -1
3.867, TCTorqueMax, 3.392
3.867, TCLeftSlip, -0.999
3.867, TCRightSlip, -0.999
3.867, TCTorqueAdjustment, 0.0
3.91, ThrottleAReading, 2223
3.91, ThrottleBReading, 2004
3.91, BrakeReading, 1419
3.91, ThrottleAPercent, 0.0
3.91, ThrottleBPercent, 0.0
3.91, IVT_MsgID_RX, 0
3.91, IVT_MsgCount, 12
3.91, IVT_Result_state, 0
3.91, IVT_I, -0.022
3.91, ThrottleAReading, 2223
3.91, ThrottleBReading, 2004
3.91, BrakeReading, 1419
3.91, ThrottleAPercent, 0.0
3.91, ThrottleBPercent, 0.0
3.91, ThrottlePercent, 0
3.91, BrakePercent, 7
3.91, FrontBrakePressure, 20
3.91, SteeringAngle, -102
3.91, BrakeWhileThrottle, 0
3.91, ThrottleAReading, 2222
3.91, ThrottleBReading, 2004
3.91, BrakeReading, 1419
3.91, ThrottleAPercent, 0.0
3.91, ThrottleBPercent, 0.0
3.91, ChannelCurrentRadiator, 0.214
3.91, ChannelCurrentAccFan, 0.214
3.91, ChannelCurrentPump1, 0.0
3.91, ChannelCurrentPump2, 0.228
3.91, ThrottleAReading, 2222
3.91, ThrottleBReading, 2004
3.91, BrakeReading, 1419
3.91, ThrottleAPercent, 0.0
3.91, ThrottleBPercent, 0.0
3.911, ChannelCurrentAUX1, 0.0
3.911, ChannelCurrentAUX2, 0.241
3.911, ChannelCurrentAUX3, 0.0
3.911, ChannelCurrentAUX4, 0.214
3.911, ChannelCurrentBrakeLight, 0.0
3.911, ChannelCurrentInverter, 0.0
3.911, ChannelCurrentBMU, 0.523
3.911, ChannelCurrentCDU, 0.46900000000000003
3.911, ChannelCurrentTCU, 0.389
3.911, ChannelCurrentWSB, 0.6980000000000001
3.911, ThrottlePercent, 0
3.911, BrakePercent, 7
3.911, FrontBrakePressure, 14
3.911, SteeringAngle, -102
3.911, BrakeWhileThrottle, 0
3.911, ThrottleAReading, 2222
3.911, ThrottleBReading, 2004
3.911, BrakeReading, 1419
3.911, ThrottleAPercent, 0.0
3.911, ThrottleBPercent, 0.0
3.911, IVT_MsgID_RX, 1
3.911, IVT_MsgCount, 15
3.911, IVT_Result_state, 0
3.911, IVT_U1, 53.103
3.911, IVT_MsgID_RX, 2
3.911, IVT_MsgCount, 15
3.911, IVT_Result_state, 0
3.911, IVT_U2, 0.241
3.911, IVT_MsgID_RX, 3
3.911, IVT_MsgCount, 15
3.911, IVT_Result_state, 0
3.911, IVT_U3, 0.029
3.911, IVT_MsgID_RX, 5
3.911, IVT_MsgCount, 13
3.911, IVT_Result_state, 0
3.911, IVT_W, -1
3.911, ThrottleAReading, 2222
3.911, ThrottleBReading, 2004
3.911, BrakeReading, 1419
3.911, ThrottleAPercent, 0.0
3.911, ThrottleBPercent, 0.0
3.911, IVT_MsgID_RX, 0
3.911, IVT_MsgCount, 13
3.911, IVT_Result_state, 0
3.911, IVT_I, -0.021
3.911, StateBatteryChargeHV, 98.80000000000001
3.911, StateBatteryHealthHV, 0.0
3.911, StateBatteryPowerHV, 111.60000000000001
3.911, TempCellMax, 28.25
3.911, TempCellMin, 24.5
3.911, StateBMS, Wait_System_Up
3.911, HighestTempThermistor, 162
3.911, IVT_MsgID_RX, 7
3.911, IVT_MsgCount, 14
3.911, IVT_Result_state, 0
3.911, IVT_Wh, 0
3.911, VoltageCellMuxSelect, 30
3.911, VoltageCell91, 3.8259000000000003
3.911, VoltageCell92, 3.8287
3.911, VoltageCell93, 3.8292
3.912, ThrottleAReading, 2222
3.912, ThrottleBReading, 2005
3.912, BrakeReading, 1419
3.912, ThrottleAPercent, 0.0
3.912, ThrottleBPercent, 0.0
3.912, ThrottlePercent, 0
3.912, BrakePercent, 7
3.912, FrontBrakePressure, 13
3.912, SteeringAngle, -102
3.912, BrakeWhileThrottle, 0
3.912, AdjustedVoltageCellMuxSelect, 30
3.912, AdjustedVoltageCell91, 3.8218
3.912, AdjustedVoltageCell92, 3.8247
3.912, AdjustedVoltageCell93, 3.8252
3.912, TempChannelMuxSelect, 30
3.912, TempChannel91, 27.11
3.912, TempChannel92, 27.22
3.912, TempChannel93, 26.78
3.912, ThrottleAReading, 2222
3.912, ThrottleBReading, 2005
3.912, BrakeReading, 1419
3.912, ThrottleAPercent, 0.0
3.912, ThrottleBPercent, 0.0
3.912, VCU_wheelSpeed_RL, 0.0
3.912, VCU_wheelSpeed_RR, 0.0
3.912, RLSpeedKPH, 0.0
3.912, RRSpeedKPH, 0.0
3.912, FLSpeedKPH, 0.0
3.912, FRSpeedKPH, 0.0
3.912, ThrottleAReading, 2222
3.912, ThrottleBReading, 2005
3.912, BrakeReading, 1419
3.912, ThrottleAPercent, 0.0
3.912, ThrottleBPercent, 0.0
3.912, TCTorqueMax, 3.392
3.912, TCLeftSlip, -0.999
3.912, TCRightSlip, -0.999
3.912, TCTorqueAdjustment, 0.0
3.912, ThrottlePercent, 0
3.912, BrakePercent, 7
3.912, FrontBrakePressure, 17
3.912, SteeringAngle, -102
3.912, BrakeWhileThrottle, 0
3.913, IVT_MsgID_RX, 5
3.913, IVT_MsgCount, 14
3.913, IVT_Result_state, 0
3.913, IVT_W, -1
3.913, ThrottleAReading, 2222
3.913, ThrottleBReading, 2005
3.913, BrakeReading, 1419
3.913, ThrottleAPercent, 0.0
3.913, ThrottleBPercent, 0.0
3.913, ThrottleAReading, 2223
3.913, ThrottleBReading, 2005
3.913, BrakeReading, 1419
3.913, ThrottleAPercent, 0.0
3.913, ThrottleBPercent, 0.0
3.913, IVT_MsgID_RX, 0
3.913, IVT_MsgCount, 14
3.913, IVT_Result_state, 0
3.913, IVT_I, -0.023
3.913, ThrottleAReading, 2223
3.913, ThrottleBReading, 2005
3.913, BrakeReading, 1419
3.913, ThrottleAPercent, 0.0
3.913, ThrottleBPercent, 0.0
3.914, ThrottlePercent, 0
3.914, BrakePercent, 7
3.914, FrontBrakePressure, 14
3.914, SteeringAngle, -102
3.914, BrakeWhileThrottle, 0
3.914, BMU_checkFailed, BSPD_FAILED
3.914, BMU_InterlockInitialized, 0
3.914, VoltageCellMuxSelect, 31
3.914, VoltageCell94, 3.829
3.914, VoltageCell95, 3.8289
3.914, VoltageCell96, 3.829
3.914, ThrottleAReading, 2223
3.914, ThrottleBReading, 2005
3.914, BrakeReading, 1419
3.914, ThrottleAPercent, 0.0
3.914, ThrottleBPercent, 0.0
3.96, IVT_MsgID_RX, 7
3.96, IVT_MsgCount, 15
3.96, IVT_Result_state, 0
3.96, IVT_Wh, 0
3.96, ThrottleAReading, 2223
3.96, ThrottleBReading, 2005
3.96, BrakeReading, 1419
3.96, ThrottleAPercent, 0.0
3.96, ThrottleBPercent, 0.0
3.96, AdjustedVoltageCellMuxSelect, 31
3.96, AdjustedVoltageCell94, 3.825
3.96, AdjustedVoltageCell95, 3.825
3.96, AdjustedVoltageCell96, 3.825
3.96, ThrottlePercent, 0
3.96, BrakePercent, 7
3.96, FrontBrakePressure, 14
3.96, SteeringAngle, -102
3.96, BrakeWhileThrottle, 0
3.96, TempChannelMuxSelect, 31
3.96, TempChannel94, 26.72
3.96, TempChannel95, 27.049999999999997
3.96, TempChannel96, 26.92
3.96, IVT_MsgID_RX, 5
3.96, IVT_MsgCount, 15
3.96, IVT_Result_state, 0
3.96, IVT_W, -1
3.96, ThrottleAReading, 2223
3.96, ThrottleBReading, 2005
3.96, BrakeReading, 1419
3.96, ThrottleAPercent, 0.0
3.96, ThrottleBPercent, 0.0
3.96, ThrottleAReading, 2223
3.96, ThrottleBReading, 2005
3.96, BrakeReading, 1419
3.96, ThrottleAPercent, 0.0
3.96, ThrottleBPercent, 0.0
3.96, IVT_MsgID_RX, 0
3.96, IVT_MsgCount, 15
3.96, IVT_Result_state, 0
3.96, IVT_I, -0.024
3.96, ThrottleAReading, 2223
3.96, ThrottleBReading, 2005
3.96, BrakeReading, 1419
3.96, ThrottleAPercent, 0.0
3.96, ThrottleBPercent, 0.0
3.96, ThrottlePercent, 0
3.96, BrakePercent, 7
3.96, FrontBrakePressure, 20
3.96, SteeringAngle, -102
3.96, BrakeWhileThrottle, 0
3.961, VCU_wheelSpeed_RL, 0.0
3.961, VCU_wheelSpeed_RR, 0.0
3.961, RLSpeedKPH, 0.0
3.961, RRSpeedKPH, 0.0
3.961, FLSpeedKPH, 0.0
3.961, FRSpeedKPH, 0.0
3.961, ThrottleAReading, 2223
3.961, ThrottleBReading, 2005
3.961, BrakeReading, 1419
3.961, ThrottleAPercent, 0.0
3.961, ThrottleBPercent, 0.0
3.961, TCTorqueMax, 3.392
3.961, TCLeftSlip, -0.999
3.961, TCRightSlip, -0.999
3.961, TCTorqueAdjustment, 0.0
3.961, VoltageBusHV, 53.1
3.961, VoltageCellMax, 4.027
3.961, VoltageCellMin, 3.8176
3.961, CurrentBusHV, 0.0
3.961, AMS_PackVoltage, 540.1
3.961, ThrottleAReading, 2223
3.961, ThrottleBReading, 2005
3.961, BrakeReading, 1419
3.961, ThrottleAPercent, 0.0
3.961, ThrottleBPercent, 0.0
3.961, ThrottlePercent, 0
3.961, BrakePercent, 7
3.961, FrontBrakePressure, 19
3.961, SteeringAngle, -102
3.961, BrakeWhileThrottle, 0
3.961, ThrottleAReading, 2223
3.961, ThrottleBReading, 2005
3.961, BrakeReading, 1420
3.961, ThrottleAPercent, 0.0
3.961, ThrottleBPercent, 0.0
3.961, IVT_MsgID_RX, 1
3.961, IVT_MsgCount, 0
3.961, IVT_Result_state, 0
3.961, IVT_U1, 53.169000000000004
3.961, IVT_MsgID_RX, 2
3.961, IVT_MsgCount, 0
3.961, IVT_Result_state, 0
3.961, IVT_U2, 0.28400000000000003
3.961, IVT_MsgID_RX, 3
3.961, IVT_MsgCount, 0
3.961, IVT_Result_state, 0
3.961, IVT_U3, 0.008
3.961, IVT_MsgID_RX, 5
3.961, IVT_MsgCount, 0
3.961, IVT_Result_state, 0
3.961, IVT_W, -1
3.961, ThrottleAReading, 2222
3.961, ThrottleBReading, 2005
3.961, BrakeReading, 1420
3.961, ThrottleAPercent, 0.0
3.961, ThrottleBPercent, 0.0
3.962, IVT_MsgID_RX, 0
3.962, IVT_MsgCount, 0
3.962, IVT_Result_state, 0
3.962, IVT_I, -0.023
3.962, IVT_MsgID_RX, 7
3.962, IVT_MsgCount, 0
3.962, IVT_Result_state, 0
3.962, IVT_Wh, 0
3.962, IMD_R_iso_corrected, 64255
3.962, IMD_R_iso_status, 252
3.962, IMD_R_Measurement_Counter, 8
3.962, IMD_Faults, 0
3.962, IMD_Device_activity, 1
3.962, ThrottleAReading, 2222
3.962, ThrottleBReading, 2005
3.962, BrakeReading, 1419
3.962, ThrottleAPercent, 0.0
3.962, ThrottleBPercent, 0.0
3.962, ThrottlePercent, 0
3.962, BrakePercent, 7
3.962, FrontBrakePressure, 13
3.962, SteeringAngle, -102
3.962, BrakeWhileThrottle, 0
3.962, ThrottleAReading, 2222
3.962, ThrottleBReading, 2005
3.962, BrakeReading, 1419
3.962, ThrottleAPercent, 0.0
3.962, ThrottleBPercent, 0.0
3.962, ThrottleAReading, 2222
3.962, ThrottleBReading, 2005
3.962, BrakeReading, 1419
3.962, ThrottleAPercent, 0.0
3.962, ThrottleBPercent, 0.0
3.962, ThrottlePercent, 0
3.962, BrakePercent, 7
3.962, FrontBrakePressure, 21
3.962, SteeringAngle, -102
3.962, BrakeWhileThrottle, 0
3.963, IVT_MsgID_RX, 5
3.963, IVT_MsgCount, 1
3.963, IVT_Result_state, 0
3.963, IVT_W, -1
3.963, ThrottleAReading, 2222
3.963, ThrottleBReading, 2005
3.963, BrakeReading, 1420
3.963, ThrottleAPercent, 0.0
3.963, ThrottleBPercent, 0.0
3.963, VoltageCellMuxSelect, 32
3.963, VoltageCell97, 3.826
3.963, VoltageCell98, 3.9325
3.963, VoltageCell99, 3.9186
3.963, PDU_Heartbeat_dummydata, 0
3.963, CarStateIsLV, -1
3.963, CarStateIsEM, 0
3.963, CarStateIsHV, 0
3.963, VCU_wheelSpeed_RL, 0.0
3.963, VCU_wheelSpeed_RR, 0.0
4.01, AdjustedVoltageCellMuxSelect, 32
4.01, AdjustedVoltageCell97, 3.8219000000000003
4.01, AdjustedVoltageCell98, 3.9284000000000003
4.01, AdjustedVoltageCell99, 3.9145000000000003
4.011, ThrottleAReading, 2222
4.011, ThrottleBReading, 2005
4.011, BrakeReading, 1420
4.011, ThrottleAPercent, 0.0
4.011, ThrottleBPercent, 0.0
4.011, IVT_MsgID_RX, 0
4.011, IVT_MsgCount, 1
4.011, IVT_Result_state, 0
4.011, IVT_I, -0.022
4.011, RLSpeedKPH, 0.0
4.011, RRSpeedKPH, 0.0
4.011, FLSpeedKPH, 0.0
4.011, FRSpeedKPH, 0.0
4.011, TCTorqueMax, 3.392
4.011, TCLeftSlip, -0.999
4.011, TCRightSlip, -0.999
4.011, TCTorqueAdjustment, 0.0
4.011, TempChannelMuxSelect, 32
4.011, TempChannel97, 27.25
4.011, TempChannel98, 26.939999999999998
4.011, TempChannel99, 27.260000000000005
4.011, ThrottleAReading, 2223
4.011, ThrottleBReading, 2005
4.011, BrakeReading, 1419
4.011, ThrottleAPercent, 0.0
4.011, ThrottleBPercent, 0.0
4.011, ThrottlePercent, 0
4.011, BrakePercent, 7
4.011, FrontBrakePressure, 22
4.011, SteeringAngle, -102
4.011, BrakeWhileThrottle, 0
4.011, ThrottleAReading, 2223
4.011, ThrottleBReading, 2005
4.011, BrakeReading, 1419
4.011, ThrottleAPercent, 0.0
4.011, ThrottleBPercent, 0.0
4.011, IVT_MsgID_RX, 7
4.011, IVT_MsgCount, 1
4.011, IVT_Result_state, 0
4.011, IVT_Wh, 0
4.011, ChannelCurrentRadiator, 0.214
4.011, ChannelCurrentAccFan, 0.214
4.011, ChannelCurrentPump1, 0.0
4.011, ChannelCurrentPump2, 0.214
4.011, ThrottleAReading, 2223
4.011, ThrottleBReading, 2005
4.011, BrakeReading, 1419
4.011, ThrottleAPercent, 0.0
4.011, ThrottleBPercent, 0.0
4.011, ChannelCurrentAUX1, 0.0
4.011, ChannelCurrentAUX2, 0.187
4.011, ChannelCurrentAUX3, 0.0
4.011, ChannelCurrentAUX4, 0.228
4.011, ChannelCurrentBrakeLight, 0.0
4.011, ChannelCurrentInverter, 0.0
4.011, ChannelCurrentBMU, 0.51
4.011, ChannelCurrentCDU, 0.46900000000000003
4.011, ChannelCurrentTCU, 0.34900000000000003
4.011, ChannelCurrentWSB, 0.684
4.011, ThrottlePercent, 0
4.011, BrakePercent, 7
4.011, FrontBrakePressure, 22
4.011, SteeringAngle, -102
4.011, BrakeWhileThrottle, 0
4.044, IVT_MsgID_RX, 5
4.044, IVT_MsgCount, 2
4.044, IVT_Result_state, 0
4.044, IVT_W, -1
4.044, ThrottleAReading, 2223
4.044, ThrottleBReading, 2005
4.044, BrakeReading, 1419
4.044, ThrottleAPercent, 0.0
4.044, ThrottleBPercent, 0.0
4.044, IVT_MsgID_RX, 0
4.044, IVT_MsgCount, 2
4.044, IVT_Result_state, 0
4.044, IVT_I, -0.024
4.044, ThrottleAReading, 2223
4.044, ThrottleBReading, 2005
4.044, BrakeReading, 1419
4.044, ThrottleAPercent, 0.0
4.044, ThrottleBPercent, 0.0
4.044, ThrottleAReading, 2223
4.044, ThrottleBReading, 2005
4.044, BrakeReading, 1419
4.044, ThrottleAPercent, 0.0
4.044, ThrottleBPercent, 0.0
4.044, ThrottlePercent, 0
4.044, BrakePercent, 7
4.044, FrontBrakePressure, 21
4.044, SteeringAngle, -102
4.044, BrakeWhileThrottle, 0
4.044, ThrottleAReading, 2223
4.044, ThrottleBReading, 2005
4.044, BrakeReading, 1419
4.044, ThrottleAPercent, 0.0
4.044, ThrottleBPercent, 0.0
4.044, ThrottleAReading, 2223
4.044, ThrottleBReading, 2005
4.044, BrakeReading, 1419
4.044, ThrottleAPercent, 0.0
4.044, ThrottleBPercent, 0.0
4.044, VCU_wheelSpeed_RL, 0.0
4.044, VCU_wheelSpeed_RR, 0.0
4.044, ThrottlePercent, 0
4.044, BrakePercent, 7
4.044, FrontBrakePressure, 18
4.044, SteeringAngle, -102
4.044, BrakeWhileThrottle, 0
4.044, IVT_MsgID_RX, 1
4.044, IVT_MsgCount, 1
4.044, IVT_Result_state, 0
4.044, IVT_U1, 52.937
4.044, IVT_MsgID_RX, 2
4.044, IVT_MsgCount, 1
4.044, IVT_Result_state, 0
4.044, IVT_U2, 0.28
4.044, IVT_MsgID_RX, 3
4.044, IVT_MsgCount, 1
4.044, IVT_Result_state, 0
4.044, IVT_U3, 0.02
4.044, IVT_MsgID_RX, 5
4.044, IVT_MsgCount, 3
4.044, IVT_Result_state, 0
4.044, IVT_W, -1
4.045, ThrottleAReading, 2223
4.045, ThrottleBReading, 2005
4.045, BrakeReading, 1419
4.045, ThrottleAPercent, 0.0
4.045, ThrottleBPercent, 0.0
4.045, RLSpeedKPH, 0.0
4.045, RRSpeedKPH, 0.0
4.045, FLSpeedKPH, 0.0
4.045, FRSpeedKPH, 0.0
4.045, StateBatteryChargeHV, 98.80000000000001
4.045, StateBatteryHealthHV, 0.0
4.045, StateBatteryPowerHV, 111.60000000000001
4.045, TempCellMax, 28.25
4.045, TempCellMin, 24.5
4.045, StateBMS, Wait_System_Up
4.045, HighestTempThermistor, 162
4.045, TCTorqueMax, 3.392
4.045, TCLeftSlip, -0.999
4.045, TCRightSlip, -0.999
4.045, TCTorqueAdjustment, 0.0
4.045, IVT_MsgID_RX, 0
4.045, IVT_MsgCount, 3
4.045, IVT_Result_state, 0
4.045, IVT_I, -0.025
4.045, ThrottleAReading, 2223
4.045, ThrottleBReading, 2005
4.045, BrakeReading, 1419
4.045, ThrottleAPercent, 0.0
4.045, ThrottleBPercent, 0.0
4.045, IVT_MsgID_RX, 7
4.045, IVT_MsgCount, 2
4.045, IVT_Result_state, 0
4.045, IVT_Wh, 0
4.045, VCU_Heartbeat_dummydata, 0
4.045, ThrottlePercent, 0
4.045, BrakePercent, 7
4.045, FrontBrakePressure, 18
4.045, SteeringAngle, -102
4.045, BrakeWhileThrottle, 0
4.045, ThrottleAReading, 2223
4.045, ThrottleBReading, 2005
4.045, BrakeReading, 1419
4.045, ThrottleAPercent, 0.0
4.045, ThrottleBPercent, 0.0
4.045, ThrottleAReading, 2223
4.045, ThrottleBReading, 2005
4.045, BrakeReading, 1419
4.045, ThrottleAPercent, 0.0
4.045, ThrottleBPercent, 0.0
4.045, BMU_Heartbeat_dummydata, 0
4.045, FanPeriod, -39
4.045, BMU_checkFailed, BSPD_FAILED
4.045, BMU_InterlockInitialized, 0
4.045, BrakePressureBMU, 454.0
4.06, VoltageCellMuxSelect, 33
4.06, VoltageCell100, 3.9195
4.06, VoltageCell101, 3.8328
4.06, VoltageCell102, 3.8283
4.06, AdjustedVoltageCellMuxSelect, 33
4.06, AdjustedVoltageCell100, 3.9154
4.06, AdjustedVoltageCell101, 3.829
4.06, AdjustedVoltageCell102, 3.8244000000000002
4.06, ThrottleAReading, 2223
4.06, ThrottleBReading, 2005
4.06, BrakeReading, 1419
4.06, ThrottleAPercent, 0.0
4.06, ThrottleBPercent, 0.0
4.06, IVT_MsgID_RX, 5
4.06, IVT_MsgCount, 4
4.06, IVT_Result_state, 0
4.06, IVT_W, -1
4.06, ThrottlePercent, 0
4.06, BrakePercent, 7
4.06, FrontBrakePressure, 19
4.06, SteeringAngle, -102
4.06, BrakeWhileThrottle, 0
4.06, TempChannelMuxSelect, 33
4.06, TempChannel100, 26.939999999999998
4.06, TempChannel101, 27.28
4.06, TempChannel102, 26.950000000000003
4.06, ThrottleAReading, 2223
4.06, ThrottleBReading, 2005
4.06, BrakeReading, 1419
4.06, ThrottleAPercent, 0.0
4.06, ThrottleBPercent, 0.0
4.06, IVT_MsgID_RX, 0
4.06, IVT_MsgCount, 4
4.06, IVT_Result_state, 0
4.06, IVT_I, -0.031
4.06, ThrottleAReading, 2223
4.06, ThrottleBReading, 2005
4.06, BrakeReading, 1419
4.06, ThrottleAPercent, 0.0
4.06, ThrottleBPercent, 0.0
4.06, ThrottleAReading, 2223
4.06, ThrottleBReading, 2005
4.06, BrakeReading, 1420
4.06, ThrottleAPercent, 0.0
4.06, ThrottleBPercent, 0.0
4.06, ThrottlePercent, 0
4.06, BrakePercent, 7
4.06, FrontBrakePressure, 16
4.06, SteeringAngle, -102
4.06, BrakeWhileThrottle, 0
4.06, ThrottleAReading, 2223
4.06, ThrottleBReading, 2005
4.06, BrakeReading, 1420
4.06, ThrottleAPercent, 0.0
4.06, ThrottleBPercent, 0.0
4.06, VCU_wheelSpeed_RL, 0.0
4.06, VCU_wheelSpeed_RR, 0.0
4.06, IVT_MsgID_RX, 7
4.06, IVT_MsgCount, 3
4.06, IVT_Result_state, 0
4.06, IVT_Wh, 0
4.061, RLSpeedKPH, 0.0
4.061, RRSpeedKPH, 0.0
4.061, FLSpeedKPH, 0.0
4.061, FRSpeedKPH, 0.0
4.061, ThrottleAReading, 2223
4.061, ThrottleBReading, 2005
4.061, BrakeReading, 1420
4.061, ThrottleAPercent, 0.0
4.061, ThrottleBPercent, 0.0
4.061, VoltageBusHV, 52.93
4.061, VoltageCellMax, 4.0283
4.061, VoltageCellMin, 3.8179000000000003
4.061, CurrentBusHV, 0.0
4.061, TCTorqueMax, 3.392
4.061, TCLeftSlip, -0.999
4.061, TCRightSlip, -0.999
4.061, TCTorqueAdjustment, 0.0
4.061, IVT_MsgID_RX, 5
4.061, IVT_MsgCount, 5
4.061, IVT_Result_state, 0
4.061, IVT_W, -1
4.061, ThrottlePercent, 0
4.061, BrakePercent, 7
4.061, FrontBrakePressure, 16
4.061, SteeringAngle, -102
4.061, BrakeWhileThrottle, 0
4.061, AMS_PackVoltage, 540.16
4.061, ThrottleAReading, 2223
4.061, ThrottleBReading, 2005
4.061, BrakeReading, 1419
4.061, ThrottleAPercent, 0.0
4.061, ThrottleBPercent, 0.0
4.061, IVT_MsgID_RX, 0
4.061, IVT_MsgCount, 5
4.061, IVT_Result_state, 0
4.061, IVT_I, -0.021
4.061, ThrottleAReading, 2223
4.061, ThrottleBReading, 2005
4.061, BrakeReading, 1419
4.061, ThrottleAPercent, 0.0
4.061, ThrottleBPercent, 0.0
4.061, IMD_R_iso_corrected, 64255
4.061, IMD_R_iso_status, 252
4.061, IMD_R_Measurement_Counter, 9
4.061, IMD_Faults, 0
4.061, IMD_Device_activity, 1
4.061, ThrottleAReading, 2223
4.061, ThrottleBReading, 2005
4.061, BrakeReading, 1419
4.061, ThrottleAPercent, 0.0
4.061, ThrottleBPercent, 0.0
4.061, ThrottlePercent, 0
4.061, BrakePercent, 7
4.061, FrontBrakePressure, 19
4.061, SteeringAngle, -102
4.061, BrakeWhileThrottle, 0
4.061, ThrottleAReading, 2223
4.061, ThrottleBReading, 2005
4.061, BrakeReading, 1420
4.061, ThrottleAPercent, 0.0
4.061, ThrottleBPercent, 0.0
4.061, ThrottleAReading, 2223
4.061, ThrottleBReading, 2005
4.061, BrakeReading, 1420
4.061, ThrottleAPercent, 0.0
4.061, ThrottleBPercent, 0.0
4.062, ThrottlePercent, 0
4.062, BrakePercent, 7
4.062, FrontBrakePressure, 14
4.062, SteeringAngle, -102
4.062, BrakeWhileThrottle, 0
4.062, IVT_MsgID_RX, 1
4.062, IVT_MsgCount, 2
4.062, IVT_Result_state, 0
4.062, IVT_U1, 52.444
4.063, IVT_MsgID_RX, 2
4.063, IVT_MsgCount, 2
4.063, IVT_Result_state, 0
4.063, IVT_U2, 0.28400000000000003
4.063, IVT_MsgID_RX, 3
4.063, IVT_MsgCount, 2
4.063, IVT_Result_state, 0
4.063, IVT_U3, 0.031
4.063, IVT_MsgID_RX, 5
4.063, IVT_MsgCount, 6
4.063, IVT_Result_state, 0
4.063, IVT_W, -1
4.063, ThrottleAReading, 2223
4.063, ThrottleBReading, 2005
4.063, BrakeReading, 1419
4.063, ThrottleAPercent, 0.0
4.063, ThrottleBPercent, 0.0
4.063, VoltageBusLV, 12.018
4.063, CurrentBusLV, 0.0
4.063, PowerBusLV, 0
4.063, IVT_MsgID_RX, 0
4.063, IVT_MsgCount, 6
4.063, IVT_Result_state, 0
4.063, IVT_I, -0.028
4.063, VoltageCellMuxSelect, 34
4.063, VoltageCell103, 3.8286000000000002
4.063, VoltageCell104, 3.8283
4.063, VoltageCell105, 3.8282000000000003
